date,sku_id,on_hand_units,on_order_units,lead_time_days,reorder_point
2022-01-03,SKU0001,233,0,7.0,33
2022-01-10,SKU0001,197,0,7.0,33
2022-01-17,SKU0001,161,0,7.0,33
2022-01-24,SKU0001,128,0,7.0,33
2022-01-31,SKU0001,101,0,7.0,33
2022-02-07,SKU0001,72,0,7.0,33
2022-02-14,SKU0001,40,0,7.0,33
2022-02-21,SKU0001,193,295,7.0,33
2022-02-28,SKU0001,154,0,7.0,33
2022-03-07,SKU0001,130,0,7.0,33
2022-03-14,SKU0001,108,0,7.0,33
2022-03-21,SKU0001,91,0,7.0,33
2022-03-28,SKU0001,62,0,7.0,33
2022-04-04,SKU0001,37,0,7.0,33
2022-04-11,SKU0001,192,345,7.0,33
2022-04-18,SKU0001,177,0,7.0,33
2022-04-25,SKU0001,155,0,7.0,33
2022-05-02,SKU0001,133,0,7.0,33
2022-05-09,SKU0001,106,0,7.0,33
2022-05-16,SKU0001,78,0,7.0,33
2022-05-23,SKU0001,59,0,7.0,33
2022-05-30,SKU0001,45,0,7.0,33
2022-06-06,SKU0001,34,0,7.0,33
2022-06-13,SKU0001,271,178,,33
2022-06-20,SKU0001,245,0,7.0,33
2022-06-27,SKU0001,226,0,7.0,33
2022-07-04,SKU0001,208,0,7.0,33
2022-07-11,SKU0001,192,0,7.0,33
2022-07-18,SKU0001,176,0,7.0,33
2022-07-25,SKU0001,157,0,7.0,33
2022-08-01,SKU0001,138,0,,33
2022-08-08,SKU0001,127,0,7.0,33
2022-08-15,SKU0001,113,0,7.0,33
2022-08-22,SKU0001,89,0,7.0,33
2022-08-29,SKU0001,77,0,7.0,33
2022-09-05,SKU0001,59,0,7.0,33
2022-09-12,SKU0001,43,0,7.0,33
2022-09-19,SKU0001,13,253,7.0,33
2022-09-26,SKU0001,170,303,7.0,33
2022-10-03,SKU0001,140,0,7.0,33
2022-10-10,SKU0001,103,0,7.0,33
2022-10-17,SKU0001,74,0,,33
2022-10-24,SKU0001,52,0,,33
2022-10-31,SKU0001,15,262,7.0,33
2022-11-07,SKU0001,0,199,7.0,33
2022-11-14,SKU0001,184,209,7.0,33
2022-11-21,SKU0001,150,0,7.0,33
2022-11-28,SKU0001,128,0,7.0,33
2022-12-05,SKU0001,95,0,7.0,33
2022-12-12,SKU0001,56,0,7.0,33
2022-12-19,SKU0001,15,279,7.0,33
2022-12-26,SKU0001,0,329,7.0,33
2023-01-02,SKU0001,190,291,7.0,33
2023-01-09,SKU0001,158,0,7.0,33
2023-01-16,SKU0001,130,0,7.0,33
2023-01-23,SKU0001,102,0,7.0,33
2023-01-30,SKU0001,75,0,7.0,33
2023-02-06,SKU0001,47,0,7.0,33
2023-02-13,SKU0001,27,223,7.0,33
2023-02-20,SKU0001,0,352,7.0,33
2023-02-27,SKU0001,185,191,7.0,33
2023-03-06,SKU0001,170,0,7.0,33
2023-03-13,SKU0001,147,0,7.0,33
2023-03-20,SKU0001,123,0,7.0,33
2023-03-27,SKU0001,94,0,7.0,33
2023-04-03,SKU0001,77,0,7.0,33
2023-04-10,SKU0001,51,0,7.0,33
2023-04-17,SKU0001,24,227,7.0,33
2023-04-24,SKU0001,210,349,7.0,33
2023-05-01,SKU0001,190,0,7.0,33
2023-05-08,SKU0001,169,0,7.0,33
2023-05-15,SKU0001,139,0,7.0,33
2023-05-22,SKU0001,111,0,7.0,33
2023-05-29,SKU0001,81,0,7.0,33
2023-06-05,SKU0001,65,0,7.0,33
2023-06-12,SKU0001,50,0,,33
2023-06-19,SKU0001,37,0,7.0,33
2023-06-26,SKU0001,166,235,7.0,33
2023-07-03,SKU0001,141,0,7.0,33
2023-07-10,SKU0001,120,0,7.0,33
2023-07-17,SKU0001,109,0,7.0,33
2023-07-24,SKU0001,92,0,7.0,33
2023-07-31,SKU0001,66,0,7.0,33
2023-08-07,SKU0001,44,0,7.0,33
2023-08-14,SKU0001,268,180,7.0,33
2023-08-21,SKU0001,243,0,7.0,33
2023-08-28,SKU0001,221,0,7.0,33
2023-09-04,SKU0001,187,0,7.0,33
2023-09-11,SKU0001,154,0,7.0,33
2023-09-18,SKU0001,125,0,7.0,33
2023-09-25,SKU0001,108,0,7.0,33
2023-10-02,SKU0001,85,0,,33
2023-10-09,SKU0001,48,0,7.0,33
2023-10-16,SKU0001,21,332,7.0,33
2023-10-23,SKU0001,0,234,7.0,33
2023-10-30,SKU0001,134,340,7.0,33
2023-11-06,SKU0001,118,0,7.0,33
2023-11-13,SKU0001,80,0,7.0,33
2023-11-20,SKU0001,43,0,7.0,33
2023-11-27,SKU0001,242,224,7.0,33
2023-12-04,SKU0001,220,0,7.0,33
2023-12-11,SKU0001,187,0,7.0,33
2023-12-18,SKU0001,163,0,7.0,33
2023-12-25,SKU0001,131,0,7.0,33
2022-01-03,SKU0002,108,0,10.0,22
2022-01-10,SKU0002,89,0,10.0,22
2022-01-17,SKU0002,74,0,10.0,22
2022-01-24,SKU0002,65,0,,22
2022-01-31,SKU0002,49,0,10.0,22
2022-02-07,SKU0002,31,0,10.0,22
2022-02-14,SKU0002,119,103,10.0,22
2022-02-21,SKU0002,102,0,10.0,22
2022-02-28,SKU0002,93,0,10.0,22
2022-03-07,SKU0002,84,0,10.0,22
2022-03-14,SKU0002,73,0,10.0,22
2022-03-21,SKU0002,65,0,10.0,22
2022-03-28,SKU0002,55,0,10.0,22
2022-04-04,SKU0002,46,0,10.0,22
2022-04-11,SKU0002,34,0,10.0,22
2022-04-18,SKU0002,136,145,10.0,22
2022-04-25,SKU0002,127,0,10.0,22
2022-05-02,SKU0002,118,0,10.0,22
2022-05-09,SKU0002,105,0,10.0,22
2022-05-16,SKU0002,94,0,10.0,22
2022-05-23,SKU0002,82,0,10.0,22
2022-05-30,SKU0002,70,0,10.0,22
2022-06-06,SKU0002,64,0,10.0,22
2022-06-13,SKU0002,52,0,10.0,22
2022-06-20,SKU0002,44,0,10.0,22
2022-06-27,SKU0002,39,0,10.0,22
2022-07-04,SKU0002,33,0,10.0,22
2022-07-11,SKU0002,28,0,10.0,22
2022-07-18,SKU0002,23,0,10.0,22
2022-07-25,SKU0002,13,84,10.0,22
2022-08-01,SKU0002,104,153,10.0,22
2022-08-08,SKU0002,99,0,10.0,22
2022-08-15,SKU0002,92,0,10.0,22
2022-08-22,SKU0002,86,0,10.0,22
2022-08-29,SKU0002,79,0,10.0,22
2022-09-05,SKU0002,62,0,10.0,22
2022-09-12,SKU0002,51,0,10.0,22
2022-09-19,SKU0002,40,0,10.0,22
2022-09-26,SKU0002,27,0,10.0,22
2022-10-03,SKU0002,11,87,10.0,22
2022-10-10,SKU0002,1,102,10.0,22
2022-10-17,SKU0002,66,119,10.0,22
2022-10-24,SKU0002,55,0,10.0,22
2022-10-31,SKU0002,42,0,10.0,22
2022-11-07,SKU0002,32,0,10.0,22
2022-11-14,SKU0002,23,0,10.0,22
2022-11-21,SKU0002,122,135,10.0,22
2022-11-28,SKU0002,109,0,10.0,22
2022-12-05,SKU0002,91,0,10.0,22
2022-12-12,SKU0002,72,0,10.0,22
2022-12-19,SKU0002,63,0,10.0,22
2022-12-26,SKU0002,45,0,10.0,22
2023-01-02,SKU0002,29,0,10.0,22
2023-01-09,SKU0002,136,85,10.0,22
2023-01-16,SKU0002,125,0,10.0,22
2023-01-23,SKU0002,106,0,10.0,22
2023-01-30,SKU0002,89,0,10.0,22
2023-02-06,SKU0002,80,0,10.0,22
2023-02-13,SKU0002,70,0,10.0,22
2023-02-20,SKU0002,54,0,10.0,22
2023-02-27,SKU0002,38,0,10.0,22
2023-03-06,SKU0002,25,0,10.0,22
2023-03-13,SKU0002,17,107,10.0,22
2023-03-20,SKU0002,8,151,10.0,22
2023-03-27,SKU0002,0,163,10.0,22
2023-04-03,SKU0002,0,87,10.0,22
2023-04-10,SKU0002,0,88,10.0,22
2023-04-17,SKU0002,0,128,10.0,22
2023-04-24,SKU0002,0,150,10.0,22
2023-05-01,SKU0002,103,93,10.0,22
2023-05-08,SKU0002,93,0,10.0,22
2023-05-15,SKU0002,86,0,10.0,22
2023-05-22,SKU0002,80,0,10.0,22
2023-05-29,SKU0002,73,0,10.0,22
2023-06-05,SKU0002,67,0,10.0,22
2023-06-12,SKU0002,61,0,10.0,22
2023-06-19,SKU0002,55,0,10.0,22
2023-06-26,SKU0002,44,0,10.0,22
2023-07-03,SKU0002,38,0,10.0,22
2023-07-10,SKU0002,29,0,10.0,22
2023-07-17,SKU0002,20,109,10.0,22
2023-07-24,SKU0002,9,162,10.0,22
2023-07-31,SKU0002,0,158,,22
2023-08-07,SKU0002,0,103,10.0,22
2023-08-14,SKU0002,0,155,10.0,22
2023-08-21,SKU0002,123,144,10.0,22
2023-08-28,SKU0002,112,0,10.0,22
2023-09-04,SKU0002,97,0,10.0,22
2023-09-11,SKU0002,84,0,10.0,22
2023-09-18,SKU0002,69,0,10.0,22
2023-09-25,SKU0002,54,0,10.0,22
2023-10-02,SKU0002,43,0,10.0,22
2023-10-09,SKU0002,27,0,10.0,22
2023-10-16,SKU0002,10,161,10.0,22
2023-10-23,SKU0002,0,135,10.0,22
2023-10-30,SKU0002,0,133,10.0,22
2023-11-06,SKU0002,0,106,10.0,22
2023-11-13,SKU0002,0,118,10.0,22
2023-11-20,SKU0002,0,83,10.0,22
2023-11-27,SKU0002,98,144,10.0,22
2023-12-04,SKU0002,90,0,10.0,22
2023-12-11,SKU0002,77,0,10.0,22
2023-12-18,SKU0002,63,0,10.0,22
2023-12-25,SKU0002,49,0,10.0,22
2022-01-03,SKU0003,76,0,10.0,56
2022-01-10,SKU0003,46,232,10.0,56
2022-01-17,SKU0003,20,378,10.0,56
2022-01-24,SKU0003,0,271,10.0,56
2022-01-31,SKU0003,0,296,10.0,56
2022-02-07,SKU0003,0,312,10.0,56
2022-02-14,SKU0003,0,223,10.0,56
2022-02-21,SKU0003,297,396,10.0,56
2022-02-28,SKU0003,263,0,10.0,56
2022-03-07,SKU0003,247,0,10.0,56
2022-03-14,SKU0003,226,0,10.0,56
2022-03-21,SKU0003,199,0,10.0,56
2022-03-28,SKU0003,171,0,10.0,56
2022-04-04,SKU0003,150,0,10.0,56
2022-04-11,SKU0003,118,0,10.0,56
2022-04-18,SKU0003,101,0,,56
2022-04-25,SKU0003,77,0,10.0,56
2022-05-02,SKU0003,60,0,10.0,56
2022-05-09,SKU0003,33,212,10.0,56
2022-05-16,SKU0003,297,299,10.0,56
2022-05-23,SKU0003,261,0,10.0,56
2022-05-30,SKU0003,236,0,10.0,56
2022-06-06,SKU0003,207,0,10.0,56
2022-06-13,SKU0003,178,0,10.0,56
2022-06-20,SKU0003,155,0,10.0,56
2022-06-27,SKU0003,142,0,10.0,56
2022-07-04,SKU0003,128,0,10.0,56
2022-07-11,SKU0003,109,0,10.0,56
2022-07-18,SKU0003,80,0,10.0,56
2022-07-25,SKU0003,60,0,10.0,56
2022-08-01,SKU0003,36,261,10.0,56
2022-08-08,SKU0003,7,353,10.0,56
2022-08-15,SKU0003,264,373,10.0,56
2022-08-22,SKU0003,241,0,10.0,56
2022-08-29,SKU0003,220,0,10.0,56
2022-09-05,SKU0003,200,0,,56
2022-09-12,SKU0003,175,0,10.0,56
2022-09-19,SKU0003,143,0,10.0,56
2022-09-26,SKU0003,111,0,10.0,56
2022-10-03,SKU0003,89,0,10.0,56
2022-10-10,SKU0003,58,0,10.0,56
2022-10-17,SKU0003,257,358,10.0,56
2022-10-24,SKU0003,221,0,10.0,56
2022-10-31,SKU0003,177,0,10.0,56
2022-11-07,SKU0003,151,0,10.0,56
2022-11-14,SKU0003,131,0,10.0,56
2022-11-21,SKU0003,109,0,10.0,56
2022-11-28,SKU0003,68,0,10.0,56
2022-12-05,SKU0003,215,401,10.0,56
2022-12-12,SKU0003,177,0,10.0,56
2022-12-19,SKU0003,136,0,10.0,56
2022-12-26,SKU0003,109,0,10.0,56
2023-01-02,SKU0003,87,0,10.0,56
2023-01-09,SKU0003,65,0,10.0,56
2023-01-16,SKU0003,18,280,10.0,56
2023-01-23,SKU0003,0,220,10.0,56
2023-01-30,SKU0003,0,314,10.0,56
2023-02-06,SKU0003,268,222,10.0,56
2023-02-13,SKU0003,244,0,10.0,56
2023-02-20,SKU0003,221,0,10.0,56
2023-02-27,SKU0003,183,0,10.0,56
2023-03-06,SKU0003,165,0,10.0,56
2023-03-13,SKU0003,149,0,10.0,56
2023-03-20,SKU0003,130,0,10.0,56
2023-03-27,SKU0003,107,0,10.0,56
2023-04-03,SKU0003,88,0,10.0,56
2023-04-10,SKU0003,70,0,10.0,56
2023-04-17,SKU0003,38,261,10.0,56
2023-04-24,SKU0003,238,406,10.0,56
2023-05-01,SKU0003,207,0,10.0,56
2023-05-08,SKU0003,184,0,10.0,56
2023-05-15,SKU0003,152,0,10.0,56
2023-05-22,SKU0003,134,0,10.0,56
2023-05-29,SKU0003,116,0,10.0,56
2023-06-05,SKU0003,98,0,10.0,56
2023-06-12,SKU0003,70,0,10.0,56
2023-06-19,SKU0003,50,236,10.0,56
2023-06-26,SKU0003,321,407,10.0,56
2023-07-03,SKU0003,301,0,10.0,56
2023-07-10,SKU0003,276,0,10.0,56
2023-07-17,SKU0003,257,0,10.0,56
2023-07-24,SKU0003,237,0,10.0,56
2023-07-31,SKU0003,218,0,10.0,56
2023-08-07,SKU0003,202,0,10.0,56
2023-08-14,SKU0003,188,0,10.0,56
2023-08-21,SKU0003,169,0,10.0,56
2023-08-28,SKU0003,143,0,10.0,56
2023-09-04,SKU0003,98,0,10.0,56
2023-09-11,SKU0003,69,0,10.0,56
2023-09-18,SKU0003,44,231,10.0,56
2023-09-25,SKU0003,3,241,10.0,56
2023-10-02,SKU0003,270,244,10.0,56
2023-10-09,SKU0003,224,0,10.0,56
2023-10-16,SKU0003,185,0,10.0,56
2023-10-23,SKU0003,153,0,10.0,56
2023-10-30,SKU0003,131,0,10.0,56
2023-11-06,SKU0003,85,0,10.0,56
2023-11-13,SKU0003,342,230,10.0,56
2023-11-20,SKU0003,311,0,10.0,56
2023-11-27,SKU0003,284,0,10.0,56
2023-12-04,SKU0003,249,0,10.0,56
2023-12-11,SKU0003,222,0,10.0,56
2023-12-18,SKU0003,176,0,10.0,56
2023-12-25,SKU0003,128,0,10.0,56
2022-01-03,SKU0004,242,0,10.0,162
2022-01-10,SKU0004,164,0,10.0,162
2022-01-17,SKU0004,79,856,10.0,162
2022-01-24,SKU0004,0,1029,10.0,162
2022-01-31,SKU0004,645,938,10.0,162
2022-02-07,SKU0004,573,0,10.0,162
2022-02-14,SKU0004,479,0,10.0,162
2022-02-21,SKU0004,408,0,10.0,162
2022-02-28,SKU0004,300,0,10.0,162
2022-03-07,SKU0004,239,0,10.0,162
2022-03-14,SKU0004,168,0,10.0,162
2022-03-21,SKU0004,933,662,10.0,162
2022-03-28,SKU0004,877,0,10.0,162
2022-04-04,SKU0004,787,0,10.0,162
2022-04-11,SKU0004,698,0,10.0,162
2022-04-18,SKU0004,618,0,10.0,162
2022-04-25,SKU0004,561,0,10.0,162
2022-05-02,SKU0004,464,0,10.0,162
2022-05-09,SKU0004,387,0,10.0,162
2022-05-16,SKU0004,304,0,10.0,162
2022-05-23,SKU0004,248,0,10.0,162
2022-05-30,SKU0004,176,0,10.0,162
2022-06-06,SKU0004,130,902,10.0,162
2022-06-13,SKU0004,683,676,10.0,162
2022-06-20,SKU0004,617,0,10.0,162
2022-06-27,SKU0004,547,0,10.0,162
2022-07-04,SKU0004,501,0,10.0,162
2022-07-11,SKU0004,428,0,10.0,162
2022-07-18,SKU0004,386,0,10.0,162
2022-07-25,SKU0004,342,0,10.0,162
2022-08-01,SKU0004,259,0,10.0,162
2022-08-08,SKU0004,213,0,10.0,162
2022-08-15,SKU0004,904,815,10.0,162
2022-08-22,SKU0004,859,0,10.0,162
2022-08-29,SKU0004,788,0,10.0,162
2022-09-05,SKU0004,689,0,10.0,162
2022-09-12,SKU0004,562,0,10.0,162
2022-09-19,SKU0004,434,0,10.0,162
2022-09-26,SKU0004,325,0,10.0,162
2022-10-03,SKU0004,259,0,10.0,162
2022-10-10,SKU0004,130,1196,10.0,162
2022-10-17,SKU0004,880,867,10.0,162
2022-10-24,SKU0004,822,0,10.0,162
2022-10-31,SKU0004,720,0,10.0,162
2022-11-07,SKU0004,622,0,10.0,162
2022-11-14,SKU0004,542,0,10.0,162
2022-11-21,SKU0004,484,0,10.0,162
2022-11-28,SKU0004,365,0,10.0,162
2022-12-05,SKU0004,235,0,10.0,162
2022-12-12,SKU0004,118,1035,10.0,162
2022-12-19,SKU0004,545,1070,10.0,162
2022-12-26,SKU0004,480,0,10.0,162
2023-01-02,SKU0004,366,0,10.0,162
2023-01-09,SKU0004,296,0,10.0,162
2023-01-16,SKU0004,231,0,10.0,162
2023-01-23,SKU0004,771,847,10.0,162
2023-01-30,SKU0004,689,0,10.0,162
2023-02-06,SKU0004,554,0,10.0,162
2023-02-13,SKU0004,474,0,10.0,162
2023-02-20,SKU0004,397,0,10.0,162
2023-02-27,SKU0004,290,0,10.0,162
2023-03-06,SKU0004,188,0,10.0,162
2023-03-13,SKU0004,121,874,10.0,162
2023-03-20,SKU0004,51,653,10.0,162
2023-03-27,SKU0004,0,610,10.0,162
2023-04-03,SKU0004,565,820,10.0,162
2023-04-10,SKU0004,509,0,10.0,162
2023-04-17,SKU0004,405,0,10.0,162
2023-04-24,SKU0004,323,0,10.0,162
2023-05-01,SKU0004,267,0,10.0,162
2023-05-08,SKU0004,188,0,10.0,162
2023-05-15,SKU0004,129,962,10.0,162
2023-05-22,SKU0004,791,905,10.0,162
2023-05-29,SKU0004,690,0,10.0,162
2023-06-05,SKU0004,626,0,,162
2023-06-12,SKU0004,578,0,10.0,162
2023-06-19,SKU0004,494,0,10.0,162
2023-06-26,SKU0004,407,0,10.0,162
2023-07-03,SKU0004,363,0,10.0,162
2023-07-10,SKU0004,288,0,10.0,162
2023-07-17,SKU0004,234,0,10.0,162
2023-07-24,SKU0004,176,0,10.0,162
2023-07-31,SKU0004,92,803,10.0,162
2023-08-07,SKU0004,51,938,10.0,162
2023-08-14,SKU0004,0,753,10.0,162
2023-08-21,SKU0004,491,1050,10.0,162
2023-08-28,SKU0004,441,0,10.0,162
2023-09-04,SKU0004,313,0,10.0,162
2023-09-11,SKU0004,240,0,10.0,162
2023-09-18,SKU0004,115,887,10.0,162
2023-09-25,SKU0004,0,1037,10.0,162
2023-10-02,SKU0004,0,1200,10.0,162
2023-10-09,SKU0004,0,1182,10.0,162
2023-10-16,SKU0004,0,956,10.0,162
2023-10-23,SKU0004,0,986,10.0,162
2023-10-30,SKU0004,884,932,10.0,162
2023-11-06,SKU0004,788,0,10.0,162
2023-11-13,SKU0004,693,0,10.0,162
2023-11-20,SKU0004,618,0,10.0,162
2023-11-27,SKU0004,523,0,10.0,162
2023-12-04,SKU0004,452,0,10.0,162
2023-12-11,SKU0004,374,0,10.0,162
2023-12-18,SKU0004,278,0,10.0,162
2023-12-25,SKU0004,656,1161,10.0,162
2022-01-03,SKU0005,44,133,30.0,59
2022-01-10,SKU0005,112,77,30.0,59
2022-01-17,SKU0005,104,0,30.0,59
2022-01-24,SKU0005,95,0,30.0,59
2022-01-31,SKU0005,83,0,30.0,59
2022-02-07,SKU0005,69,0,30.0,59
2022-02-14,SKU0005,61,0,30.0,59
2022-02-21,SKU0005,45,134,30.0,59
2022-02-28,SKU0005,28,140,30.0,59
2022-03-07,SKU0005,23,124,30.0,59
2022-03-14,SKU0005,17,109,30.0,59
2022-03-21,SKU0005,83,102,30.0,59
2022-03-28,SKU0005,73,0,30.0,59
2022-04-04,SKU0005,68,0,30.0,59
2022-04-11,SKU0005,63,0,30.0,59
2022-04-18,SKU0005,136,80,30.0,59
2022-04-25,SKU0005,130,0,30.0,59
2022-05-02,SKU0005,124,0,30.0,59
2022-05-09,SKU0005,112,0,30.0,59
2022-05-16,SKU0005,100,0,30.0,59
2022-05-23,SKU0005,94,0,30.0,59
2022-05-30,SKU0005,88,0,30.0,59
2022-06-06,SKU0005,78,0,30.0,59
2022-06-13,SKU0005,71,0,30.0,59
2022-06-20,SKU0005,62,0,30.0,59
2022-06-27,SKU0005,56,83,30.0,59
2022-07-04,SKU0005,49,93,30.0,59
2022-07-11,SKU0005,141,105,30.0,59
2022-07-18,SKU0005,132,0,30.0,59
2022-07-25,SKU0005,124,0,30.0,59
2022-08-01,SKU0005,114,0,30.0,59
2022-08-08,SKU0005,108,0,30.0,59
2022-08-15,SKU0005,98,0,30.0,59
2022-08-22,SKU0005,89,0,30.0,59
2022-08-29,SKU0005,79,0,30.0,59
2022-09-05,SKU0005,70,0,30.0,59
2022-09-12,SKU0005,61,0,30.0,59
2022-09-19,SKU0005,143,84,30.0,59
2022-09-26,SKU0005,129,0,30.0,59
2022-10-03,SKU0005,121,0,30.0,59
2022-10-10,SKU0005,106,0,30.0,59
2022-10-17,SKU0005,99,0,30.0,59
2022-10-24,SKU0005,90,0,30.0,59
2022-10-31,SKU0005,78,0,30.0,59
2022-11-07,SKU0005,63,0,30.0,59
2022-11-14,SKU0005,54,124,30.0,59
2022-11-21,SKU0005,42,96,30.0,59
2022-11-28,SKU0005,27,80,30.0,59
2022-12-05,SKU0005,10,115,30.0,59
2022-12-12,SKU0005,0,76,30.0,59
2022-12-19,SKU0005,65,79,30.0,59
2022-12-26,SKU0005,164,114,30.0,59
2023-01-02,SKU0005,154,0,30.0,59
2023-01-09,SKU0005,142,0,30.0,59
2023-01-16,SKU0005,134,0,30.0,59
2023-01-23,SKU0005,118,0,30.0,59
2023-01-30,SKU0005,105,0,30.0,59
2023-02-06,SKU0005,90,0,,59
2023-02-13,SKU0005,81,0,30.0,59
2023-02-20,SKU0005,65,0,30.0,59
2023-02-27,SKU0005,104,115,30.0,59
2023-03-06,SKU0005,94,0,30.0,59
2023-03-13,SKU0005,86,0,30.0,59
2023-03-20,SKU0005,76,0,30.0,59
2023-03-27,SKU0005,64,0,30.0,59
2023-04-03,SKU0005,54,140,30.0,59
2023-04-10,SKU0005,44,111,30.0,59
2023-04-17,SKU0005,35,97,30.0,59
2023-04-24,SKU0005,28,78,30.0,59
2023-05-01,SKU0005,18,104,,59
2023-05-08,SKU0005,9,117,30.0,59
2023-05-15,SKU0005,4,121,30.0,59
2023-05-22,SKU0005,108,131,30.0,59
2023-05-29,SKU0005,100,0,30.0,59
2023-06-05,SKU0005,95,0,30.0,59
2023-06-12,SKU0005,88,0,30.0,59
2023-06-19,SKU0005,80,0,30.0,59
2023-06-26,SKU0005,74,0,30.0,59
2023-07-03,SKU0005,68,0,30.0,59
2023-07-10,SKU0005,125,81,30.0,59
2023-07-17,SKU0005,118,0,30.0,59
2023-07-24,SKU0005,108,0,30.0,59
2023-07-31,SKU0005,100,0,30.0,59
2023-08-07,SKU0005,93,0,30.0,59
2023-08-14,SKU0005,87,0,30.0,59
2023-08-21,SKU0005,78,0,30.0,59
2023-08-28,SKU0005,68,0,30.0,59
2023-09-04,SKU0005,61,0,30.0,59
2023-09-11,SKU0005,53,140,30.0,59
2023-09-18,SKU0005,42,96,30.0,59
2023-09-25,SKU0005,123,132,30.0,59
2023-10-02,SKU0005,113,0,30.0,59
2023-10-09,SKU0005,98,0,30.0,59
2023-10-16,SKU0005,86,0,,59
2023-10-23,SKU0005,71,0,30.0,59
2023-10-30,SKU0005,60,0,30.0,59
2023-11-06,SKU0005,47,116,30.0,59
2023-11-13,SKU0005,94,113,30.0,59
2023-11-20,SKU0005,87,0,30.0,59
2023-11-27,SKU0005,76,0,30.0,59
2023-12-04,SKU0005,60,0,30.0,59
2023-12-11,SKU0005,48,75,30.0,59
2023-12-18,SKU0005,90,78,30.0,59
2023-12-25,SKU0005,75,0,30.0,59
2022-01-03,SKU0006,64,0,14.0,27
2022-01-10,SKU0006,52,0,14.0,27
2022-01-17,SKU0006,38,0,14.0,27
2022-01-24,SKU0006,30,0,,27
2022-01-31,SKU0006,19,109,14.0,27
2022-02-07,SKU0006,118,144,14.0,27
2022-02-14,SKU0006,102,0,14.0,27
2022-02-21,SKU0006,88,0,14.0,27
2022-02-28,SKU0006,73,0,14.0,27
2022-03-07,SKU0006,65,0,14.0,27
2022-03-14,SKU0006,55,0,14.0,27
2022-03-21,SKU0006,49,0,14.0,27
2022-03-28,SKU0006,41,0,14.0,27
2022-04-04,SKU0006,33,0,14.0,27
2022-04-11,SKU0006,27,92,14.0,27
2022-04-18,SKU0006,105,91,14.0,27
2022-04-25,SKU0006,100,0,14.0,27
2022-05-02,SKU0006,90,0,14.0,27
2022-05-09,SKU0006,82,0,14.0,27
2022-05-16,SKU0006,72,0,14.0,27
2022-05-23,SKU0006,67,0,14.0,27
2022-05-30,SKU0006,59,0,14.0,27
2022-06-06,SKU0006,50,0,14.0,27
2022-06-13,SKU0006,44,0,14.0,27
2022-06-20,SKU0006,37,0,14.0,27
2022-06-27,SKU0006,29,0,14.0,27
2022-07-04,SKU0006,121,118,14.0,27
2022-07-11,SKU0006,111,0,,27
2022-07-18,SKU0006,101,0,14.0,27
2022-07-25,SKU0006,95,0,14.0,27
2022-08-01,SKU0006,87,0,14.0,27
2022-08-08,SKU0006,80,0,14.0,27
2022-08-15,SKU0006,70,0,14.0,27
2022-08-22,SKU0006,62,0,14.0,27
2022-08-29,SKU0006,54,0,14.0,27
2022-09-05,SKU0006,42,0,14.0,27
2022-09-12,SKU0006,30,0,14.0,27
2022-09-19,SKU0006,76,77,14.0,27
2022-09-26,SKU0006,65,0,14.0,27
2022-10-03,SKU0006,54,0,14.0,27
2022-10-10,SKU0006,41,0,14.0,27
2022-10-17,SKU0006,29,0,14.0,27
2022-10-24,SKU0006,88,111,14.0,27
2022-10-31,SKU0006,76,0,14.0,27
2022-11-07,SKU0006,62,0,14.0,27
2022-11-14,SKU0006,49,0,14.0,27
2022-11-21,SKU0006,36,0,14.0,27
2022-11-28,SKU0006,24,107,14.0,27
2022-12-05,SKU0006,9,118,14.0,27
2022-12-12,SKU0006,83,98,14.0,27
2022-12-19,SKU0006,67,0,14.0,27
2022-12-26,SKU0006,56,0,14.0,27
2023-01-02,SKU0006,45,0,14.0,27
2023-01-09,SKU0006,29,0,14.0,27
2023-01-16,SKU0006,15,82,14.0,27
2023-01-23,SKU0006,7,139,14.0,27
2023-01-30,SKU0006,57,131,14.0,27
2023-02-06,SKU0006,46,0,,27
2023-02-13,SKU0006,32,0,14.0,27
2023-02-20,SKU0006,80,102,14.0,27
2023-02-27,SKU0006,72,0,14.0,27
2023-03-06,SKU0006,65,0,14.0,27
2023-03-13,SKU0006,58,0,14.0,27
2023-03-20,SKU0006,51,0,14.0,27
2023-03-27,SKU0006,41,0,14.0,27
2023-04-03,SKU0006,35,0,14.0,27
2023-04-10,SKU0006,123,82,14.0,27
2023-04-17,SKU0006,114,0,14.0,27
2023-04-24,SKU0006,104,0,14.0,27
2023-05-01,SKU0006,92,0,14.0,27
2023-05-08,SKU0006,81,0,14.0,27
2023-05-15,SKU0006,74,0,14.0,27
2023-05-22,SKU0006,62,0,14.0,27
2023-05-29,SKU0006,50,0,14.0,27
2023-06-05,SKU0006,40,0,14.0,27
2023-06-12,SKU0006,33,0,14.0,27
2023-06-19,SKU0006,24,141,14.0,27
2023-06-26,SKU0006,118,117,14.0,27
2023-07-03,SKU0006,109,0,14.0,27
2023-07-10,SKU0006,104,0,14.0,27
2023-07-17,SKU0006,97,0,14.0,27
2023-07-24,SKU0006,87,0,14.0,27
2023-07-31,SKU0006,80,0,14.0,27
2023-08-07,SKU0006,73,0,14.0,27
2023-08-14,SKU0006,64,0,14.0,27
2023-08-21,SKU0006,56,0,14.0,27
2023-08-28,SKU0006,49,0,14.0,27
2023-09-04,SKU0006,37,0,14.0,27
2023-09-11,SKU0006,82,76,14.0,27
2023-09-18,SKU0006,73,0,14.0,27
2023-09-25,SKU0006,59,0,14.0,27
2023-10-02,SKU0006,49,0,14.0,27
2023-10-09,SKU0006,40,0,14.0,27
2023-10-16,SKU0006,28,0,14.0,27
2023-10-23,SKU0006,13,92,14.0,27
2023-10-30,SKU0006,5,131,14.0,27
2023-11-06,SKU0006,0,135,14.0,27
2023-11-13,SKU0006,72,137,14.0,27
2023-11-20,SKU0006,60,0,14.0,27
2023-11-27,SKU0006,52,0,14.0,27
2023-12-04,SKU0006,43,0,14.0,27
2023-12-11,SKU0006,32,0,14.0,27
2023-12-18,SKU0006,22,138,14.0,27
2023-12-25,SKU0006,13,129,14.0,27
2022-01-03,SKU0007,853,0,21.0,364
2022-01-10,SKU0007,696,0,21.0,364
2022-01-17,SKU0007,571,0,21.0,364
2022-01-24,SKU0007,476,0,21.0,364
2022-01-31,SKU0007,368,0,21.0,364
2022-02-07,SKU0007,1100,1250,21.0,364
2022-02-14,SKU0007,957,0,21.0,364
2022-02-21,SKU0007,869,0,21.0,364
2022-02-28,SKU0007,728,0,21.0,364
2022-03-07,SKU0007,662,0,21.0,364
2022-03-14,SKU0007,580,0,21.0,364
2022-03-21,SKU0007,492,0,21.0,364
2022-03-28,SKU0007,402,0,21.0,364
2022-04-04,SKU0007,1177,968,21.0,364
2022-04-11,SKU0007,1089,0,21.0,364
2022-04-18,SKU0007,1009,0,21.0,364
2022-04-25,SKU0007,922,0,21.0,364
2022-05-02,SKU0007,863,0,21.0,364
2022-05-09,SKU0007,760,0,21.0,364
2022-05-16,SKU0007,676,0,21.0,364
2022-05-23,SKU0007,601,0,21.0,364
2022-05-30,SKU0007,516,0,21.0,364
2022-06-06,SKU0007,452,0,21.0,364
2022-06-13,SKU0007,373,0,21.0,364
2022-06-20,SKU0007,297,1109,21.0,364
2022-06-27,SKU0007,215,830,21.0,364
2022-07-04,SKU0007,133,804,21.0,364
2022-07-11,SKU0007,599,862,21.0,364
2022-07-18,SKU0007,532,0,21.0,364
2022-07-25,SKU0007,464,0,21.0,364
2022-08-01,SKU0007,382,0,21.0,364
2022-08-08,SKU0007,1091,708,21.0,364
2022-08-15,SKU0007,1048,0,21.0,364
2022-08-22,SKU0007,962,0,21.0,364
2022-08-29,SKU0007,903,0,21.0,364
2022-09-05,SKU0007,800,0,21.0,364
2022-09-12,SKU0007,738,0,21.0,364
2022-09-19,SKU0007,653,0,21.0,364
2022-09-26,SKU0007,563,0,21.0,364
2022-10-03,SKU0007,460,0,21.0,364
2022-10-10,SKU0007,374,0,21.0,364
2022-10-17,SKU0007,872,760,21.0,364
2022-10-24,SKU0007,773,0,21.0,364
2022-10-31,SKU0007,678,0,21.0,364
2022-11-07,SKU0007,616,0,21.0,364
2022-11-14,SKU0007,532,0,21.0,364
2022-11-21,SKU0007,467,0,21.0,364
2022-11-28,SKU0007,334,1090,21.0,364
2022-12-05,SKU0007,216,1100,21.0,364
2022-12-12,SKU0007,67,1146,21.0,364
2022-12-19,SKU0007,0,1199,21.0,364
2022-12-26,SKU0007,0,696,21.0,364
2023-01-02,SKU0007,505,964,21.0,364
2023-01-09,SKU0007,406,0,21.0,364
2023-01-16,SKU0007,305,1078,21.0,364
2023-01-23,SKU0007,190,1031,21.0,364
2023-01-30,SKU0007,91,1014,21.0,364
2023-02-06,SKU0007,657,812,21.0,364
2023-02-13,SKU0007,576,0,21.0,364
2023-02-20,SKU0007,457,0,21.0,364
2023-02-27,SKU0007,376,0,21.0,364
2023-03-06,SKU0007,1268,817,21.0,364
2023-03-13,SKU0007,1195,0,21.0,364
2023-03-20,SKU0007,1119,0,21.0,364
2023-03-27,SKU0007,1068,0,21.0,364
2023-04-03,SKU0007,1014,0,21.0,364
2023-04-10,SKU0007,955,0,21.0,364
2023-04-17,SKU0007,859,0,21.0,364
2023-04-24,SKU0007,786,0,21.0,364
2023-05-01,SKU0007,704,0,21.0,364
2023-05-08,SKU0007,653,0,21.0,364
2023-05-15,SKU0007,556,0,21.0,364
2023-05-22,SKU0007,449,0,21.0,364
2023-05-29,SKU0007,346,1217,21.0,364
2023-06-05,SKU0007,260,997,21.0,364
2023-06-12,SKU0007,905,985,21.0,364
2023-06-19,SKU0007,860,0,21.0,364
2023-06-26,SKU0007,809,0,21.0,364
2023-07-03,SKU0007,739,0,,364
2023-07-10,SKU0007,678,0,21.0,364
2023-07-17,SKU0007,589,0,21.0,364
2023-07-24,SKU0007,510,0,21.0,364
2023-07-31,SKU0007,456,0,21.0,364
2023-08-07,SKU0007,372,0,21.0,364
2023-08-14,SKU0007,835,702,21.0,364
2023-08-21,SKU0007,742,0,21.0,364
2023-08-28,SKU0007,656,0,21.0,364
2023-09-04,SKU0007,546,0,21.0,364
2023-09-11,SKU0007,472,0,21.0,364
2023-09-18,SKU0007,407,0,21.0,364
2023-09-25,SKU0007,1220,1132,21.0,364
2023-10-02,SKU0007,1149,0,21.0,364
2023-10-09,SKU0007,1053,0,21.0,364
2023-10-16,SKU0007,932,0,21.0,364
2023-10-23,SKU0007,831,0,21.0,364
2023-10-30,SKU0007,733,0,21.0,364
2023-11-06,SKU0007,597,0,21.0,364
2023-11-13,SKU0007,533,0,21.0,364
2023-11-20,SKU0007,472,0,21.0,364
2023-11-27,SKU0007,397,0,21.0,364
2023-12-04,SKU0007,1089,917,21.0,364
2023-12-11,SKU0007,947,0,21.0,364
2023-12-18,SKU0007,807,0,21.0,364
2023-12-25,SKU0007,716,0,21.0,364
2022-01-03,SKU0008,191,0,14.0,91
2022-01-10,SKU0008,154,0,14.0,91
2022-01-17,SKU0008,103,0,14.0,91
2022-01-24,SKU0008,353,334,14.0,91
2022-01-31,SKU0008,297,0,14.0,91
2022-02-07,SKU0008,248,0,14.0,91
2022-02-14,SKU0008,218,0,14.0,91
2022-02-21,SKU0008,170,0,14.0,91
2022-02-28,SKU0008,112,0,14.0,91
2022-03-07,SKU0008,94,0,14.0,91
2022-03-14,SKU0008,55,424,14.0,91
2022-03-21,SKU0008,22,445,14.0,91
2022-03-28,SKU0008,0,250,14.0,91
2022-04-04,SKU0008,0,376,14.0,91
2022-04-11,SKU0008,0,290,14.0,91
2022-04-18,SKU0008,0,286,14.0,91
2022-04-25,SKU0008,222,402,14.0,91
2022-05-02,SKU0008,199,0,14.0,91
2022-05-09,SKU0008,180,0,14.0,91
2022-05-16,SKU0008,144,0,14.0,91
2022-05-23,SKU0008,107,0,14.0,91
2022-05-30,SKU0008,280,484,14.0,91
2022-06-06,SKU0008,263,0,14.0,91
2022-06-13,SKU0008,232,0,14.0,91
2022-06-20,SKU0008,204,0,14.0,91
2022-06-27,SKU0008,177,0,14.0,91
2022-07-04,SKU0008,152,0,14.0,91
2022-07-11,SKU0008,126,0,14.0,91
2022-07-18,SKU0008,107,0,14.0,91
2022-07-25,SKU0008,413,266,14.0,91
2022-08-01,SKU0008,386,0,14.0,91
2022-08-08,SKU0008,370,0,14.0,91
2022-08-15,SKU0008,354,0,14.0,91
2022-08-22,SKU0008,335,0,14.0,91
2022-08-29,SKU0008,300,0,14.0,91
2022-09-05,SKU0008,249,0,14.0,91
2022-09-12,SKU0008,223,0,,91
2022-09-19,SKU0008,183,0,14.0,91
2022-09-26,SKU0008,143,0,14.0,91
2022-10-03,SKU0008,105,0,14.0,91
2022-10-10,SKU0008,80,472,14.0,91
2022-10-17,SKU0008,300,399,14.0,91
2022-10-24,SKU0008,253,0,14.0,91
2022-10-31,SKU0008,214,0,,91
2022-11-07,SKU0008,184,0,14.0,91
2022-11-14,SKU0008,134,0,14.0,91
2022-11-21,SKU0008,111,0,14.0,91
2022-11-28,SKU0008,73,376,14.0,91
2022-12-05,SKU0008,273,278,14.0,91
2022-12-12,SKU0008,214,0,14.0,91
2022-12-19,SKU0008,171,0,14.0,91
2022-12-26,SKU0008,127,0,14.0,91
2023-01-02,SKU0008,85,393,14.0,91
2023-01-09,SKU0008,36,388,14.0,91
2023-01-16,SKU0008,0,276,14.0,91
2023-01-23,SKU0008,0,349,14.0,91
2023-01-30,SKU0008,0,330,14.0,91
2023-02-06,SKU0008,207,410,14.0,91
2023-02-13,SKU0008,178,0,14.0,91
2023-02-20,SKU0008,139,0,14.0,91
2023-02-27,SKU0008,81,293,14.0,91
2023-03-06,SKU0008,53,290,14.0,91
2023-03-13,SKU0008,15,411,14.0,91
2023-03-20,SKU0008,249,257,14.0,91
2023-03-27,SKU0008,209,0,14.0,91
2023-04-03,SKU0008,177,0,14.0,91
2023-04-10,SKU0008,139,0,14.0,91
2023-04-17,SKU0008,111,0,14.0,91
2023-04-24,SKU0008,85,255,14.0,91
2023-05-01,SKU0008,336,381,14.0,91
2023-05-08,SKU0008,314,0,14.0,91
2023-05-15,SKU0008,277,0,14.0,91
2023-05-22,SKU0008,256,0,14.0,91
2023-05-29,SKU0008,226,0,14.0,91
2023-06-05,SKU0008,191,0,14.0,91
2023-06-12,SKU0008,155,0,14.0,91
2023-06-19,SKU0008,135,0,14.0,91
2023-06-26,SKU0008,105,0,14.0,91
2023-07-03,SKU0008,76,253,14.0,91
2023-07-10,SKU0008,44,332,14.0,91
2023-07-17,SKU0008,22,475,14.0,91
2023-07-24,SKU0008,337,286,14.0,91
2023-07-31,SKU0008,313,0,14.0,91
2023-08-07,SKU0008,291,0,14.0,91
2023-08-14,SKU0008,256,0,14.0,91
2023-08-21,SKU0008,232,0,14.0,91
2023-08-28,SKU0008,203,0,14.0,91
2023-09-04,SKU0008,168,0,14.0,91
2023-09-11,SKU0008,120,0,14.0,91
2023-09-18,SKU0008,85,357,14.0,91
2023-09-25,SKU0008,53,418,14.0,91
2023-10-02,SKU0008,194,272,14.0,91
2023-10-09,SKU0008,163,0,14.0,91
2023-10-16,SKU0008,110,0,14.0,91
2023-10-23,SKU0008,244,298,14.0,91
2023-10-30,SKU0008,221,0,14.0,91
2023-11-06,SKU0008,196,0,14.0,91
2023-11-13,SKU0008,153,0,14.0,91
2023-11-20,SKU0008,110,0,14.0,91
2023-11-27,SKU0008,61,254,14.0,91
2023-12-04,SKU0008,18,427,,91
2023-12-11,SKU0008,0,414,14.0,91
2023-12-18,SKU0008,217,445,,91
2023-12-25,SKU0008,184,0,14.0,91
2022-01-03,SKU0009,64,0,14.0,20
2022-01-10,SKU0009,55,0,14.0,20
2022-01-17,SKU0009,48,0,14.0,20
2022-01-24,SKU0009,40,0,14.0,20
2022-01-31,SKU0009,30,0,14.0,20
2022-02-07,SKU0009,24,0,14.0,20
2022-02-14,SKU0009,18,58,14.0,20
2022-02-21,SKU0009,10,94,14.0,20
2022-02-28,SKU0009,77,91,14.0,20
2022-03-07,SKU0009,71,0,14.0,20
2022-03-14,SKU0009,64,0,14.0,20
2022-03-21,SKU0009,55,0,14.0,20
2022-03-28,SKU0009,49,0,14.0,20
2022-04-04,SKU0009,43,0,14.0,20
2022-04-11,SKU0009,36,0,14.0,20
2022-04-18,SKU0009,29,0,14.0,20
2022-04-25,SKU0009,24,0,14.0,20
2022-05-02,SKU0009,62,102,14.0,20
2022-05-09,SKU0009,55,0,14.0,20
2022-05-16,SKU0009,50,0,14.0,20
2022-05-23,SKU0009,43,0,14.0,20
2022-05-30,SKU0009,36,0,14.0,20
2022-06-06,SKU0009,30,0,14.0,20
2022-06-13,SKU0009,25,0,14.0,20
2022-06-20,SKU0009,19,103,14.0,20
2022-06-27,SKU0009,79,77,14.0,20
2022-07-04,SKU0009,73,0,14.0,20
2022-07-11,SKU0009,66,0,14.0,20
2022-07-18,SKU0009,62,0,14.0,20
2022-07-25,SKU0009,56,0,14.0,20
2022-08-01,SKU0009,50,0,14.0,20
2022-08-08,SKU0009,47,0,14.0,20
2022-08-15,SKU0009,42,0,14.0,20
2022-08-22,SKU0009,36,0,14.0,20
2022-08-29,SKU0009,30,0,14.0,20
2022-09-05,SKU0009,25,0,14.0,20
2022-09-12,SKU0009,57,87,14.0,20
2022-09-19,SKU0009,49,0,14.0,20
2022-09-26,SKU0009,40,0,14.0,20
2022-10-03,SKU0009,35,0,14.0,20
2022-10-10,SKU0009,23,0,14.0,20
2022-10-17,SKU0009,87,55,14.0,20
2022-10-24,SKU0009,81,0,14.0,20
2022-10-31,SKU0009,75,0,14.0,20
2022-11-07,SKU0009,69,0,14.0,20
2022-11-14,SKU0009,60,0,14.0,20
2022-11-21,SKU0009,54,0,14.0,20
2022-11-28,SKU0009,47,0,14.0,20
2022-12-05,SKU0009,34,0,14.0,20
2022-12-12,SKU0009,21,0,14.0,20
2022-12-19,SKU0009,15,86,14.0,20
2022-12-26,SKU0009,8,108,14.0,20
2023-01-02,SKU0009,1,95,14.0,20
2023-01-09,SKU0009,75,86,14.0,20
2023-01-16,SKU0009,62,0,14.0,20
2023-01-23,SKU0009,56,0,14.0,20
2023-01-30,SKU0009,46,0,14.0,20
2023-02-06,SKU0009,39,0,14.0,20
2023-02-13,SKU0009,32,0,14.0,20
2023-02-20,SKU0009,24,0,14.0,20
2023-02-27,SKU0009,74,88,14.0,20
2023-03-06,SKU0009,65,0,14.0,20
2023-03-13,SKU0009,57,0,14.0,20
2023-03-20,SKU0009,52,0,14.0,20
2023-03-27,SKU0009,45,0,14.0,20
2023-04-03,SKU0009,38,0,14.0,20
2023-04-10,SKU0009,29,0,14.0,20
2023-04-17,SKU0009,24,0,14.0,20
2023-04-24,SKU0009,79,58,14.0,20
2023-05-01,SKU0009,74,0,14.0,20
2023-05-08,SKU0009,66,0,,20
2023-05-15,SKU0009,60,0,14.0,20
2023-05-22,SKU0009,54,0,14.0,20
2023-05-29,SKU0009,50,0,14.0,20
2023-06-05,SKU0009,44,0,14.0,20
2023-06-12,SKU0009,38,0,14.0,20
2023-06-19,SKU0009,34,0,14.0,20
2023-06-26,SKU0009,28,0,14.0,20
2023-07-03,SKU0009,22,0,14.0,20
2023-07-10,SKU0009,84,92,14.0,20
2023-07-17,SKU0009,79,0,14.0,20
2023-07-24,SKU0009,75,0,14.0,20
2023-07-31,SKU0009,69,0,14.0,20
2023-08-07,SKU0009,62,0,14.0,20
2023-08-14,SKU0009,55,0,14.0,20
2023-08-21,SKU0009,49,0,14.0,20
2023-08-28,SKU0009,46,0,14.0,20
2023-09-04,SKU0009,36,0,14.0,20
2023-09-11,SKU0009,25,0,14.0,20
2023-09-18,SKU0009,16,71,14.0,20
2023-09-25,SKU0009,9,79,14.0,20
2023-10-02,SKU0009,2,97,,20
2023-10-09,SKU0009,52,103,14.0,20
2023-10-16,SKU0009,40,0,14.0,20
2023-10-23,SKU0009,30,0,14.0,20
2023-10-30,SKU0009,24,0,14.0,20
2023-11-06,SKU0009,85,67,14.0,20
2023-11-13,SKU0009,78,0,14.0,20
2023-11-20,SKU0009,72,0,14.0,20
2023-11-27,SKU0009,66,0,14.0,20
2023-12-04,SKU0009,58,0,14.0,20
2023-12-11,SKU0009,51,0,14.0,20
2023-12-18,SKU0009,39,0,14.0,20
2023-12-25,SKU0009,27,0,14.0,20
2022-01-03,SKU0010,306,0,10.0,50
2022-01-10,SKU0010,273,0,,50
2022-01-17,SKU0010,241,0,10.0,50
2022-01-24,SKU0010,204,0,10.0,50
2022-01-31,SKU0010,183,0,10.0,50
2022-02-07,SKU0010,154,0,10.0,50
2022-02-14,SKU0010,121,0,10.0,50
2022-02-21,SKU0010,90,0,10.0,50
2022-02-28,SKU0010,58,0,10.0,50
2022-03-07,SKU0010,245,276,10.0,50
2022-03-14,SKU0010,221,0,10.0,50
2022-03-21,SKU0010,193,0,10.0,50
2022-03-28,SKU0010,173,0,10.0,50
2022-04-04,SKU0010,144,0,10.0,50
2022-04-11,SKU0010,122,0,10.0,50
2022-04-18,SKU0010,92,0,10.0,50
2022-04-25,SKU0010,70,0,10.0,50
2022-05-02,SKU0010,200,303,10.0,50
2022-05-09,SKU0010,169,0,10.0,50
2022-05-16,SKU0010,155,0,10.0,50
2022-05-23,SKU0010,137,0,10.0,50
2022-05-30,SKU0010,119,0,10.0,50
2022-06-06,SKU0010,93,0,10.0,50
2022-06-13,SKU0010,70,0,10.0,50
2022-06-20,SKU0010,57,0,10.0,50
2022-06-27,SKU0010,34,295,10.0,50
2022-07-04,SKU0010,16,198,10.0,50
2022-07-11,SKU0010,263,336,10.0,50
2022-07-18,SKU0010,247,0,10.0,50
2022-07-25,SKU0010,233,0,10.0,50
2022-08-01,SKU0010,220,0,10.0,50
2022-08-08,SKU0010,198,0,10.0,50
2022-08-15,SKU0010,172,0,10.0,50
2022-08-22,SKU0010,157,0,10.0,50
2022-08-29,SKU0010,145,0,10.0,50
2022-09-05,SKU0010,110,0,10.0,50
2022-09-12,SKU0010,83,0,10.0,50
2022-09-19,SKU0010,64,0,10.0,50
2022-09-26,SKU0010,266,264,10.0,50
2022-10-03,SKU0010,227,0,10.0,50
2022-10-10,SKU0010,191,0,10.0,50
2022-10-17,SKU0010,159,0,10.0,50
2022-10-24,SKU0010,127,0,10.0,50
2022-10-31,SKU0010,102,0,10.0,50
2022-11-07,SKU0010,62,0,10.0,50
2022-11-14,SKU0010,36,231,10.0,50
2022-11-21,SKU0010,0,370,10.0,50
2022-11-28,SKU0010,186,328,10.0,50
2022-12-05,SKU0010,145,0,10.0,50
2022-12-12,SKU0010,121,0,10.0,50
2022-12-19,SKU0010,100,0,10.0,50
2022-12-26,SKU0010,76,0,10.0,50
2023-01-02,SKU0010,304,207,10.0,50
2023-01-09,SKU0010,277,0,10.0,50
2023-01-16,SKU0010,239,0,10.0,50
2023-01-23,SKU0010,203,0,10.0,50
2023-01-30,SKU0010,170,0,10.0,50
2023-02-06,SKU0010,137,0,10.0,50
2023-02-13,SKU0010,104,0,10.0,50
2023-02-20,SKU0010,78,0,10.0,50
2023-02-27,SKU0010,50,364,10.0,50
2023-03-06,SKU0010,27,231,10.0,50
2023-03-13,SKU0010,0,368,10.0,50
2023-03-20,SKU0010,0,215,10.0,50
2023-03-27,SKU0010,245,235,10.0,50
2023-04-03,SKU0010,225,0,10.0,50
2023-04-10,SKU0010,196,0,10.0,50
2023-04-17,SKU0010,180,0,10.0,50
2023-04-24,SKU0010,157,0,10.0,50
2023-05-01,SKU0010,130,0,10.0,50
2023-05-08,SKU0010,103,0,10.0,50
2023-05-15,SKU0010,82,0,10.0,50
2023-05-22,SKU0010,58,0,10.0,50
2023-05-29,SKU0010,31,261,10.0,50
2023-06-05,SKU0010,185,312,10.0,50
2023-06-12,SKU0010,163,0,10.0,50
2023-06-19,SKU0010,149,0,10.0,50
2023-06-26,SKU0010,132,0,10.0,50
2023-07-03,SKU0010,106,0,10.0,50
2023-07-10,SKU0010,80,0,10.0,50
2023-07-17,SKU0010,66,0,10.0,50
2023-07-24,SKU0010,258,194,10.0,50
2023-07-31,SKU0010,233,0,10.0,50
2023-08-07,SKU0010,216,0,10.0,50
2023-08-14,SKU0010,199,0,10.0,50
2023-08-21,SKU0010,179,0,10.0,50
2023-08-28,SKU0010,159,0,10.0,50
2023-09-04,SKU0010,120,0,10.0,50
2023-09-11,SKU0010,98,0,10.0,50
2023-09-18,SKU0010,64,0,10.0,50
2023-09-25,SKU0010,254,307,10.0,50
2023-10-02,SKU0010,217,0,10.0,50
2023-10-09,SKU0010,187,0,10.0,50
2023-10-16,SKU0010,160,0,10.0,50
2023-10-23,SKU0010,122,0,10.0,50
2023-10-30,SKU0010,89,0,10.0,50
2023-11-06,SKU0010,55,0,10.0,50
2023-11-13,SKU0010,28,332,10.0,50
2023-11-20,SKU0010,0,281,10.0,50
2023-11-27,SKU0010,0,307,10.0,50
2023-12-04,SKU0010,259,327,10.0,50
2023-12-11,SKU0010,219,0,10.0,50
2023-12-18,SKU0010,193,0,10.0,50
2023-12-25,SKU0010,153,0,10.0,50
2022-01-03,SKU0011,29,0,14.0,20
2022-01-10,SKU0011,17,72,14.0,20
2022-01-17,SKU0011,62,82,14.0,20
2022-01-24,SKU0011,56,0,14.0,20
2022-01-31,SKU0011,48,0,14.0,20
2022-02-07,SKU0011,36,0,14.0,20
2022-02-14,SKU0011,27,0,14.0,20
2022-02-21,SKU0011,80,82,14.0,20
2022-02-28,SKU0011,68,0,14.0,20
2022-03-07,SKU0011,63,0,14.0,20
2022-03-14,SKU0011,58,0,14.0,20
2022-03-21,SKU0011,50,0,14.0,20
2022-03-28,SKU0011,45,0,14.0,20
2022-04-04,SKU0011,37,0,14.0,20
2022-04-11,SKU0011,32,0,14.0,20
2022-04-18,SKU0011,25,0,14.0,20
2022-04-25,SKU0011,21,0,14.0,20
2022-05-02,SKU0011,14,61,14.0,20
2022-05-09,SKU0011,9,89,14.0,20
2022-05-16,SKU0011,2,80,14.0,20
2022-05-23,SKU0011,0,77,14.0,20
2022-05-30,SKU0011,0,59,14.0,20
2022-06-06,SKU0011,52,61,14.0,20
2022-06-13,SKU0011,47,0,14.0,20
2022-06-20,SKU0011,41,0,14.0,20
2022-06-27,SKU0011,36,0,14.0,20
2022-07-04,SKU0011,31,0,14.0,20
2022-07-11,SKU0011,28,0,14.0,20
2022-07-18,SKU0011,24,0,14.0,20
2022-07-25,SKU0011,68,86,,20
2022-08-01,SKU0011,60,0,14.0,20
2022-08-08,SKU0011,55,0,14.0,20
2022-08-15,SKU0011,51,0,14.0,20
2022-08-22,SKU0011,46,0,14.0,20
2022-08-29,SKU0011,42,0,14.0,20
2022-09-05,SKU0011,35,0,14.0,20
2022-09-12,SKU0011,25,0,14.0,20
2022-09-19,SKU0011,14,87,14.0,20
2022-09-26,SKU0011,6,69,14.0,20
2022-10-03,SKU0011,54,64,14.0,20
2022-10-10,SKU0011,43,0,14.0,20
2022-10-17,SKU0011,33,0,14.0,20
2022-10-24,SKU0011,26,0,14.0,20
2022-10-31,SKU0011,18,83,14.0,20
2022-11-07,SKU0011,11,64,14.0,20
2022-11-14,SKU0011,2,71,14.0,20
2022-11-21,SKU0011,0,103,14.0,20
2022-11-28,SKU0011,0,69,14.0,20
2022-12-05,SKU0011,0,67,14.0,20
2022-12-12,SKU0011,0,57,14.0,20
2022-12-19,SKU0011,57,95,14.0,20
2022-12-26,SKU0011,45,0,14.0,20
2023-01-02,SKU0011,32,0,14.0,20
2023-01-09,SKU0011,23,0,14.0,20
2023-01-16,SKU0011,12,99,,20
2023-01-23,SKU0011,0,70,14.0,20
2023-01-30,SKU0011,0,99,14.0,20
2023-02-06,SKU0011,0,88,14.0,20
2023-02-13,SKU0011,50,72,14.0,20
2023-02-20,SKU0011,41,0,14.0,20
2023-02-27,SKU0011,34,0,14.0,20
2023-03-06,SKU0011,29,0,14.0,20
2023-03-13,SKU0011,21,0,,20
2023-03-20,SKU0011,13,65,14.0,20
2023-03-27,SKU0011,51,80,14.0,20
2023-04-03,SKU0011,45,0,14.0,20
2023-04-10,SKU0011,40,0,14.0,20
2023-04-17,SKU0011,31,0,14.0,20
2023-04-24,SKU0011,22,0,14.0,20
2023-05-01,SKU0011,82,67,14.0,20
2023-05-08,SKU0011,78,0,14.0,20
2023-05-15,SKU0011,73,0,14.0,20
2023-05-22,SKU0011,64,0,14.0,20
2023-05-29,SKU0011,58,0,14.0,20
2023-06-05,SKU0011,51,0,14.0,20
2023-06-12,SKU0011,46,0,14.0,20
2023-06-19,SKU0011,42,0,14.0,20
2023-06-26,SKU0011,36,0,14.0,20
2023-07-03,SKU0011,28,0,14.0,20
2023-07-10,SKU0011,23,0,14.0,20
2023-07-17,SKU0011,16,78,14.0,20
2023-07-24,SKU0011,10,96,14.0,20
2023-07-31,SKU0011,4,100,14.0,20
2023-08-07,SKU0011,70,108,14.0,20
2023-08-14,SKU0011,65,0,14.0,20
2023-08-21,SKU0011,60,0,14.0,20
2023-08-28,SKU0011,57,0,14.0,20
2023-09-04,SKU0011,49,0,14.0,20
2023-09-11,SKU0011,43,0,14.0,20
2023-09-18,SKU0011,34,0,14.0,20
2023-09-25,SKU0011,29,0,14.0,20
2023-10-02,SKU0011,96,64,14.0,20
2023-10-09,SKU0011,89,0,14.0,20
2023-10-16,SKU0011,80,0,14.0,20
2023-10-23,SKU0011,71,0,14.0,20
2023-10-30,SKU0011,62,0,,20
2023-11-06,SKU0011,53,0,14.0,20
2023-11-13,SKU0011,41,0,14.0,20
2023-11-20,SKU0011,35,0,14.0,20
2023-11-27,SKU0011,29,0,,20
2023-12-04,SKU0011,66,72,14.0,20
2023-12-11,SKU0011,55,0,14.0,20
2023-12-18,SKU0011,43,0,14.0,20
2023-12-25,SKU0011,31,0,14.0,20
2022-01-03,SKU0012,37,0,21.0,31
2022-01-10,SKU0012,98,91,21.0,31
2022-01-17,SKU0012,89,0,21.0,31
2022-01-24,SKU0012,84,0,21.0,31
2022-01-31,SKU0012,72,0,21.0,31
2022-02-07,SKU0012,61,0,21.0,31
2022-02-14,SKU0012,55,0,21.0,31
2022-02-21,SKU0012,48,0,21.0,31
2022-02-28,SKU0012,41,0,21.0,31
2022-03-07,SKU0012,33,0,21.0,31
2022-03-14,SKU0012,29,90,21.0,31
2022-03-21,SKU0012,85,109,21.0,31
2022-03-28,SKU0012,78,0,21.0,31
2022-04-04,SKU0012,70,0,21.0,31
2022-04-11,SKU0012,64,0,21.0,31
2022-04-18,SKU0012,57,0,21.0,31
2022-04-25,SKU0012,53,0,21.0,31
2022-05-02,SKU0012,47,0,21.0,31
2022-05-09,SKU0012,39,0,21.0,31
2022-05-16,SKU0012,32,0,21.0,31
2022-05-23,SKU0012,25,93,21.0,31
2022-05-30,SKU0012,17,100,21.0,31
2022-06-06,SKU0012,76,63,21.0,31
2022-06-13,SKU0012,71,0,21.0,31
2022-06-20,SKU0012,68,0,21.0,31
2022-06-27,SKU0012,63,0,21.0,31
2022-07-04,SKU0012,56,0,21.0,31
2022-07-11,SKU0012,52,0,21.0,31
2022-07-18,SKU0012,45,0,21.0,31
2022-07-25,SKU0012,40,0,21.0,31
2022-08-01,SKU0012,35,0,21.0,31
2022-08-08,SKU0012,81,58,21.0,31
2022-08-15,SKU0012,77,0,21.0,31
2022-08-22,SKU0012,71,0,,31
2022-08-29,SKU0012,65,0,21.0,31
2022-09-05,SKU0012,54,0,21.0,31
2022-09-12,SKU0012,47,0,21.0,31
2022-09-19,SKU0012,39,0,21.0,31
2022-09-26,SKU0012,86,107,21.0,31
2022-10-03,SKU0012,80,0,21.0,31
2022-10-10,SKU0012,71,0,21.0,31
2022-10-17,SKU0012,62,0,21.0,31
2022-10-24,SKU0012,57,0,21.0,31
2022-10-31,SKU0012,50,0,21.0,31
2022-11-07,SKU0012,43,0,21.0,31
2022-11-14,SKU0012,34,0,21.0,31
2022-11-21,SKU0012,28,80,21.0,31
2022-11-28,SKU0012,97,109,21.0,31
2022-12-05,SKU0012,88,0,21.0,31
2022-12-12,SKU0012,77,0,21.0,31
2022-12-19,SKU0012,65,0,21.0,31
2022-12-26,SKU0012,55,0,21.0,31
2023-01-02,SKU0012,45,0,21.0,31
2023-01-09,SKU0012,37,0,21.0,31
2023-01-16,SKU0012,31,69,21.0,31
2023-01-23,SKU0012,23,78,21.0,31
2023-01-30,SKU0012,11,92,21.0,31
2023-02-06,SKU0012,2,63,21.0,31
2023-02-13,SKU0012,0,74,21.0,31
2023-02-20,SKU0012,54,67,21.0,31
2023-02-27,SKU0012,44,0,21.0,31
2023-03-06,SKU0012,35,0,21.0,31
2023-03-13,SKU0012,27,70,21.0,31
2023-03-20,SKU0012,22,90,21.0,31
2023-03-27,SKU0012,17,69,21.0,31
2023-04-03,SKU0012,13,78,21.0,31
2023-04-10,SKU0012,61,100,21.0,31
2023-04-17,SKU0012,55,0,21.0,31
2023-04-24,SKU0012,48,0,21.0,31
2023-05-01,SKU0012,40,0,21.0,31
2023-05-08,SKU0012,35,0,21.0,31
2023-05-15,SKU0012,99,59,21.0,31
2023-05-22,SKU0012,92,0,21.0,31
2023-05-29,SKU0012,86,0,21.0,31
2023-06-05,SKU0012,82,0,21.0,31
2023-06-12,SKU0012,77,0,21.0,31
2023-06-19,SKU0012,72,0,21.0,31
2023-06-26,SKU0012,68,0,21.0,31
2023-07-03,SKU0012,62,0,,31
2023-07-10,SKU0012,56,0,21.0,31
2023-07-17,SKU0012,52,0,21.0,31
2023-07-24,SKU0012,48,0,21.0,31
2023-07-31,SKU0012,45,0,21.0,31
2023-08-07,SKU0012,39,0,21.0,31
2023-08-14,SKU0012,33,0,21.0,31
2023-08-21,SKU0012,97,75,21.0,31
2023-08-28,SKU0012,94,0,21.0,31
2023-09-04,SKU0012,83,0,21.0,31
2023-09-11,SKU0012,77,0,21.0,31
2023-09-18,SKU0012,66,0,21.0,31
2023-09-25,SKU0012,56,0,21.0,31
2023-10-02,SKU0012,49,0,21.0,31
2023-10-09,SKU0012,41,0,21.0,31
2023-10-16,SKU0012,34,0,21.0,31
2023-10-23,SKU0012,25,64,21.0,31
2023-10-30,SKU0012,16,67,21.0,31
2023-11-06,SKU0012,9,74,21.0,31
2023-11-13,SKU0012,0,84,21.0,31
2023-11-20,SKU0012,0,66,21.0,31
2023-11-27,SKU0012,0,88,21.0,31
2023-12-04,SKU0012,0,61,21.0,31
2023-12-11,SKU0012,0,83,,31
2023-12-18,SKU0012,0,57,21.0,31
2023-12-25,SKU0012,53,104,21.0,31
2022-01-03,SKU0013,57,0,14.0,48
2022-01-10,SKU0013,40,222,14.0,48
2022-01-17,SKU0013,23,239,14.0,48
2022-01-24,SKU0013,0,205,14.0,48
2022-01-31,SKU0013,0,233,14.0,48
2022-02-07,SKU0013,0,173,14.0,48
2022-02-14,SKU0013,0,149,14.0,48
2022-02-21,SKU0013,0,229,14.0,48
2022-02-28,SKU0013,0,156,14.0,48
2022-03-07,SKU0013,160,184,14.0,48
2022-03-14,SKU0013,143,0,14.0,48
2022-03-21,SKU0013,122,0,14.0,48
2022-03-28,SKU0013,105,0,14.0,48
2022-04-04,SKU0013,95,0,14.0,48
2022-04-11,SKU0013,81,0,14.0,48
2022-04-18,SKU0013,72,0,14.0,48
2022-04-25,SKU0013,59,0,14.0,48
2022-05-02,SKU0013,143,134,14.0,48
2022-05-09,SKU0013,121,0,14.0,48
2022-05-16,SKU0013,109,0,14.0,48
2022-05-23,SKU0013,95,0,14.0,48
2022-05-30,SKU0013,79,0,14.0,48
2022-06-06,SKU0013,68,0,14.0,48
2022-06-13,SKU0013,55,0,14.0,48
2022-06-20,SKU0013,213,141,14.0,48
2022-06-27,SKU0013,194,0,14.0,48
2022-07-04,SKU0013,180,0,14.0,48
2022-07-11,SKU0013,162,0,14.0,48
2022-07-18,SKU0013,150,0,14.0,48
2022-07-25,SKU0013,138,0,14.0,48
2022-08-01,SKU0013,124,0,14.0,48
2022-08-08,SKU0013,105,0,14.0,48
2022-08-15,SKU0013,93,0,14.0,48
2022-08-22,SKU0013,82,0,14.0,48
2022-08-29,SKU0013,65,0,14.0,48
2022-09-05,SKU0013,159,193,14.0,48
2022-09-12,SKU0013,142,0,14.0,48
2022-09-19,SKU0013,127,0,14.0,48
2022-09-26,SKU0013,103,0,14.0,48
2022-10-03,SKU0013,77,0,14.0,48
2022-10-10,SKU0013,60,0,14.0,48
2022-10-17,SKU0013,182,188,14.0,48
2022-10-24,SKU0013,166,0,14.0,48
2022-10-31,SKU0013,145,0,14.0,48
2022-11-07,SKU0013,132,0,14.0,48
2022-11-14,SKU0013,113,0,14.0,48
2022-11-21,SKU0013,94,0,14.0,48
2022-11-28,SKU0013,82,0,14.0,48
2022-12-05,SKU0013,56,0,14.0,48
2022-12-12,SKU0013,207,212,14.0,48
2022-12-19,SKU0013,188,0,14.0,48
2022-12-26,SKU0013,166,0,14.0,48
2023-01-02,SKU0013,135,0,14.0,48
2023-01-09,SKU0013,105,0,14.0,48
2023-01-16,SKU0013,86,0,14.0,48
2023-01-23,SKU0013,70,0,14.0,48
2023-01-30,SKU0013,206,241,14.0,48
2023-02-06,SKU0013,190,0,14.0,48
2023-02-13,SKU0013,161,0,14.0,48
2023-02-20,SKU0013,137,0,14.0,48
2023-02-27,SKU0013,110,0,14.0,48
2023-03-06,SKU0013,98,0,14.0,48
2023-03-13,SKU0013,76,0,14.0,48
2023-03-20,SKU0013,59,0,14.0,48
2023-03-27,SKU0013,201,199,14.0,48
2023-04-03,SKU0013,181,0,,48
2023-04-10,SKU0013,167,0,14.0,48
2023-04-17,SKU0013,154,0,,48
2023-04-24,SKU0013,145,0,14.0,48
2023-05-01,SKU0013,124,0,14.0,48
2023-05-08,SKU0013,103,0,14.0,48
2023-05-15,SKU0013,92,0,14.0,48
2023-05-22,SKU0013,75,0,14.0,48
2023-05-29,SKU0013,56,0,14.0,48
2023-06-05,SKU0013,223,148,14.0,48
2023-06-12,SKU0013,212,0,14.0,48
2023-06-19,SKU0013,203,0,14.0,48
2023-06-26,SKU0013,184,0,14.0,48
2023-07-03,SKU0013,170,0,14.0,48
2023-07-10,SKU0013,151,0,14.0,48
2023-07-17,SKU0013,142,0,14.0,48
2023-07-24,SKU0013,127,0,14.0,48
2023-07-31,SKU0013,113,0,14.0,48
2023-08-07,SKU0013,97,0,14.0,48
2023-08-14,SKU0013,80,0,14.0,48
2023-08-21,SKU0013,62,0,14.0,48
2023-08-28,SKU0013,192,184,14.0,48
2023-09-04,SKU0013,168,0,14.0,48
2023-09-11,SKU0013,145,0,14.0,48
2023-09-18,SKU0013,132,0,14.0,48
2023-09-25,SKU0013,109,0,14.0,48
2023-10-02,SKU0013,82,0,14.0,48
2023-10-09,SKU0013,61,0,14.0,48
2023-10-16,SKU0013,35,232,14.0,48
2023-10-23,SKU0013,17,195,14.0,48
2023-10-30,SKU0013,0,163,14.0,48
2023-11-06,SKU0013,0,251,14.0,48
2023-11-13,SKU0013,0,256,14.0,48
2023-11-20,SKU0013,163,184,14.0,48
2023-11-27,SKU0013,140,0,14.0,48
2023-12-04,SKU0013,109,0,14.0,48
2023-12-11,SKU0013,83,0,14.0,48
2023-12-18,SKU0013,69,0,14.0,48
2023-12-25,SKU0013,41,182,14.0,48
2022-01-03,SKU0014,15,0,,3
2022-01-10,SKU0014,13,0,14.0,3
2022-01-17,SKU0014,11,0,14.0,3
2022-01-24,SKU0014,9,0,14.0,3
2022-01-31,SKU0014,8,0,14.0,3
2022-02-07,SKU0014,7,0,14.0,3
2022-02-14,SKU0014,6,0,14.0,3
2022-02-21,SKU0014,4,0,14.0,3
2022-02-28,SKU0014,16,19,14.0,3
2022-03-07,SKU0014,16,0,14.0,3
2022-03-14,SKU0014,15,0,14.0,3
2022-03-21,SKU0014,14,0,14.0,3
2022-03-28,SKU0014,14,0,14.0,3
2022-04-04,SKU0014,13,0,14.0,3
2022-04-11,SKU0014,12,0,14.0,3
2022-04-18,SKU0014,12,0,14.0,3
2022-04-25,SKU0014,11,0,14.0,3
2022-05-02,SKU0014,10,0,14.0,3
2022-05-09,SKU0014,9,0,14.0,3
2022-05-16,SKU0014,8,0,14.0,3
2022-05-23,SKU0014,7,0,14.0,3
2022-05-30,SKU0014,6,0,14.0,3
2022-06-06,SKU0014,5,0,14.0,3
2022-06-13,SKU0014,4,0,14.0,3
2022-06-20,SKU0014,4,0,14.0,3
2022-06-27,SKU0014,3,17,14.0,3
2022-07-04,SKU0014,3,10,14.0,3
2022-07-11,SKU0014,2,12,14.0,3
2022-07-18,SKU0014,12,15,14.0,3
2022-07-25,SKU0014,12,0,14.0,3
2022-08-01,SKU0014,12,0,14.0,3
2022-08-08,SKU0014,11,0,14.0,3
2022-08-15,SKU0014,10,0,14.0,3
2022-08-22,SKU0014,9,0,14.0,3
2022-08-29,SKU0014,8,0,14.0,3
2022-09-05,SKU0014,6,0,14.0,3
2022-09-12,SKU0014,5,0,14.0,3
2022-09-19,SKU0014,4,0,14.0,3
2022-09-26,SKU0014,3,10,14.0,3
2022-10-03,SKU0014,9,15,14.0,3
2022-10-10,SKU0014,8,0,14.0,3
2022-10-17,SKU0014,7,0,14.0,3
2022-10-24,SKU0014,6,0,14.0,3
2022-10-31,SKU0014,5,0,14.0,3
2022-11-07,SKU0014,5,0,14.0,3
2022-11-14,SKU0014,4,0,14.0,3
2022-11-21,SKU0014,3,15,14.0,3
2022-11-28,SKU0014,2,15,14.0,3
2022-12-05,SKU0014,1,11,14.0,3
2022-12-12,SKU0014,0,16,14.0,3
2022-12-19,SKU0014,10,10,14.0,3
2022-12-26,SKU0014,8,0,14.0,3
2023-01-02,SKU0014,7,0,14.0,3
2023-01-09,SKU0014,6,0,14.0,3
2023-01-16,SKU0014,5,0,14.0,3
2023-01-23,SKU0014,4,0,14.0,3
2023-01-30,SKU0014,3,18,14.0,3
2023-02-06,SKU0014,2,16,14.0,3
2023-02-13,SKU0014,0,10,14.0,3
2023-02-20,SKU0014,0,16,14.0,3
2023-02-27,SKU0014,0,14,14.0,3
2023-03-06,SKU0014,0,19,14.0,3
2023-03-13,SKU0014,0,14,14.0,3
2023-03-20,SKU0014,0,14,,3
2023-03-27,SKU0014,0,15,14.0,3
2023-04-03,SKU0014,0,14,14.0,3
2023-04-10,SKU0014,7,18,14.0,3
2023-04-17,SKU0014,6,0,14.0,3
2023-04-24,SKU0014,5,0,14.0,3
2023-05-01,SKU0014,4,0,14.0,3
2023-05-08,SKU0014,4,0,14.0,3
2023-05-15,SKU0014,3,17,14.0,3
2023-05-22,SKU0014,15,16,14.0,3
2023-05-29,SKU0014,15,0,14.0,3
2023-06-05,SKU0014,14,0,14.0,3
2023-06-12,SKU0014,13,0,14.0,3
2023-06-19,SKU0014,12,0,14.0,3
2023-06-26,SKU0014,12,0,14.0,3
2023-07-03,SKU0014,12,0,14.0,3
2023-07-10,SKU0014,11,0,14.0,3
2023-07-17,SKU0014,10,0,14.0,3
2023-07-24,SKU0014,9,0,14.0,3
2023-07-31,SKU0014,8,0,14.0,3
2023-08-07,SKU0014,7,0,14.0,3
2023-08-14,SKU0014,6,0,14.0,3
2023-08-21,SKU0014,5,0,14.0,3
2023-08-28,SKU0014,5,0,14.0,3
2023-09-04,SKU0014,4,0,14.0,3
2023-09-11,SKU0014,3,16,14.0,3
2023-09-18,SKU0014,2,13,14.0,3
2023-09-25,SKU0014,0,15,14.0,3
2023-10-02,SKU0014,12,19,14.0,3
2023-10-09,SKU0014,11,0,14.0,3
2023-10-16,SKU0014,10,0,14.0,3
2023-10-23,SKU0014,9,0,14.0,3
2023-10-30,SKU0014,8,0,14.0,3
2023-11-06,SKU0014,7,0,14.0,3
2023-11-13,SKU0014,6,0,14.0,3
2023-11-20,SKU0014,5,0,14.0,3
2023-11-27,SKU0014,4,0,14.0,3
2023-12-04,SKU0014,3,14,14.0,3
2023-12-11,SKU0014,1,18,14.0,3
2023-12-18,SKU0014,0,12,14.0,3
2023-12-25,SKU0014,10,17,14.0,3
2022-01-03,SKU0015,18,0,7.0,2
2022-01-10,SKU0015,16,0,7.0,2
2022-01-17,SKU0015,14,0,7.0,2
2022-01-24,SKU0015,12,0,7.0,2
2022-01-31,SKU0015,10,0,7.0,2
2022-02-07,SKU0015,8,0,7.0,2
2022-02-14,SKU0015,7,0,7.0,2
2022-02-21,SKU0015,6,0,7.0,2
2022-02-28,SKU0015,5,0,7.0,2
2022-03-07,SKU0015,4,0,7.0,2
2022-03-14,SKU0015,3,0,7.0,2
2022-03-21,SKU0015,3,0,7.0,2
2022-03-28,SKU0015,19,17,7.0,2
2022-04-04,SKU0015,18,0,7.0,2
2022-04-11,SKU0015,17,0,7.0,2
2022-04-18,SKU0015,16,0,7.0,2
2022-04-25,SKU0015,15,0,7.0,2
2022-05-02,SKU0015,14,0,7.0,2
2022-05-09,SKU0015,13,0,7.0,2
2022-05-16,SKU0015,12,0,7.0,2
2022-05-23,SKU0015,11,0,7.0,2
2022-05-30,SKU0015,10,0,7.0,2
2022-06-06,SKU0015,10,0,7.0,2
2022-06-13,SKU0015,9,0,7.0,2
2022-06-20,SKU0015,8,0,7.0,2
2022-06-27,SKU0015,7,0,7.0,2
2022-07-04,SKU0015,6,0,7.0,2
2022-07-11,SKU0015,5,0,7.0,2
2022-07-18,SKU0015,5,0,7.0,2
2022-07-25,SKU0015,4,0,7.0,2
2022-08-01,SKU0015,3,0,7.0,2
2022-08-08,SKU0015,2,23,7.0,2
2022-08-15,SKU0015,16,22,7.0,2
2022-08-22,SKU0015,15,0,7.0,2
2022-08-29,SKU0015,14,0,7.0,2
2022-09-05,SKU0015,13,0,7.0,2
2022-09-12,SKU0015,11,0,7.0,2
2022-09-19,SKU0015,9,0,7.0,2
2022-09-26,SKU0015,7,0,7.0,2
2022-10-03,SKU0015,5,0,7.0,2
2022-10-10,SKU0015,3,0,7.0,2
2022-10-17,SKU0015,11,18,7.0,2
2022-10-24,SKU0015,10,0,7.0,2
2022-10-31,SKU0015,8,0,7.0,2
2022-11-07,SKU0015,6,0,7.0,2
2022-11-14,SKU0015,4,0,7.0,2
2022-11-21,SKU0015,2,12,7.0,2
2022-11-28,SKU0015,1,20,7.0,2
2022-12-05,SKU0015,0,13,7.0,2
2022-12-12,SKU0015,18,20,7.0,2
2022-12-19,SKU0015,17,0,7.0,2
2022-12-26,SKU0015,16,0,7.0,2
2023-01-02,SKU0015,15,0,7.0,2
2023-01-09,SKU0015,13,0,7.0,2
2023-01-16,SKU0015,11,0,7.0,2
2023-01-23,SKU0015,9,0,7.0,2
2023-01-30,SKU0015,8,0,7.0,2
2023-02-06,SKU0015,7,0,7.0,2
2023-02-13,SKU0015,5,0,7.0,2
2023-02-20,SKU0015,4,0,7.0,2
2023-02-27,SKU0015,2,19,7.0,2
2023-03-06,SKU0015,1,16,7.0,2
2023-03-13,SKU0015,0,16,7.0,2
2023-03-20,SKU0015,13,17,7.0,2
2023-03-27,SKU0015,11,0,7.0,2
2023-04-03,SKU0015,10,0,7.0,2
2023-04-10,SKU0015,9,0,7.0,2
2023-04-17,SKU0015,8,0,7.0,2
2023-04-24,SKU0015,7,0,7.0,2
2023-05-01,SKU0015,6,0,7.0,2
2023-05-08,SKU0015,6,0,7.0,2
2023-05-15,SKU0015,5,0,7.0,2
2023-05-22,SKU0015,4,0,7.0,2
2023-05-29,SKU0015,3,0,7.0,2
2023-06-05,SKU0015,2,18,7.0,2
2023-06-12,SKU0015,1,19,7.0,2
2023-06-19,SKU0015,0,13,7.0,2
2023-06-26,SKU0015,0,13,7.0,2
2023-07-03,SKU0015,0,13,7.0,2
2023-07-10,SKU0015,11,20,,2
2023-07-17,SKU0015,10,0,7.0,2
2023-07-24,SKU0015,10,0,7.0,2
2023-07-31,SKU0015,9,0,7.0,2
2023-08-07,SKU0015,8,0,7.0,2
2023-08-14,SKU0015,8,0,7.0,2
2023-08-21,SKU0015,7,0,7.0,2
2023-08-28,SKU0015,6,0,7.0,2
2023-09-04,SKU0015,4,0,7.0,2
2023-09-11,SKU0015,3,0,7.0,2
2023-09-18,SKU0015,14,23,7.0,2
2023-09-25,SKU0015,12,0,7.0,2
2023-10-02,SKU0015,10,0,7.0,2
2023-10-09,SKU0015,9,0,7.0,2
2023-10-16,SKU0015,8,0,7.0,2
2023-10-23,SKU0015,7,0,7.0,2
2023-10-30,SKU0015,6,0,7.0,2
2023-11-06,SKU0015,5,0,7.0,2
2023-11-13,SKU0015,4,0,7.0,2
2023-11-20,SKU0015,12,24,7.0,2
2023-11-27,SKU0015,11,0,7.0,2
2023-12-04,SKU0015,10,0,7.0,2
2023-12-11,SKU0015,8,0,7.0,2
2023-12-18,SKU0015,7,0,7.0,2
2023-12-25,SKU0015,5,0,7.0,2
2022-01-03,SKU0016,26,0,7.0,9
2022-01-10,SKU0016,21,0,7.0,9
2022-01-17,SKU0016,11,0,7.0,9
2022-01-24,SKU0016,1,54,7.0,9
2022-01-31,SKU0016,0,68,7.0,9
2022-02-07,SKU0016,42,71,7.0,9
2022-02-14,SKU0016,31,0,7.0,9
2022-02-21,SKU0016,25,0,7.0,9
2022-02-28,SKU0016,14,0,7.0,9
2022-03-07,SKU0016,57,53,7.0,9
2022-03-14,SKU0016,52,0,7.0,9
2022-03-21,SKU0016,46,0,7.0,9
2022-03-28,SKU0016,39,0,7.0,9
2022-04-04,SKU0016,32,0,7.0,9
2022-04-11,SKU0016,28,0,7.0,9
2022-04-18,SKU0016,21,0,7.0,9
2022-04-25,SKU0016,15,0,7.0,9
2022-05-02,SKU0016,8,50,7.0,9
2022-05-09,SKU0016,1,73,7.0,9
2022-05-16,SKU0016,0,81,7.0,9
2022-05-23,SKU0016,45,67,7.0,9
2022-05-30,SKU0016,37,0,7.0,9
2022-06-06,SKU0016,33,0,7.0,9
2022-06-13,SKU0016,29,0,7.0,9
2022-06-20,SKU0016,25,0,7.0,9
2022-06-27,SKU0016,18,0,7.0,9
2022-07-04,SKU0016,12,0,7.0,9
2022-07-11,SKU0016,44,86,7.0,9
2022-07-18,SKU0016,39,0,7.0,9
2022-07-25,SKU0016,33,0,7.0,9
2022-08-01,SKU0016,29,0,7.0,9
2022-08-08,SKU0016,23,0,7.0,9
2022-08-15,SKU0016,18,0,7.0,9
2022-08-22,SKU0016,14,0,7.0,9
2022-08-29,SKU0016,8,79,7.0,9
2022-09-05,SKU0016,54,64,7.0,9
2022-09-12,SKU0016,48,0,7.0,9
2022-09-19,SKU0016,43,0,7.0,9
2022-09-26,SKU0016,33,0,7.0,9
2022-10-03,SKU0016,24,0,7.0,9
2022-10-10,SKU0016,19,0,7.0,9
2022-10-17,SKU0016,13,0,7.0,9
2022-10-24,SKU0016,3,67,7.0,9
2022-10-31,SKU0016,41,69,7.0,9
2022-11-07,SKU0016,31,0,7.0,9
2022-11-14,SKU0016,21,0,7.0,9
2022-11-21,SKU0016,17,0,7.0,9
2022-11-28,SKU0016,12,0,7.0,9
2022-12-05,SKU0016,1,51,7.0,9
2022-12-12,SKU0016,70,64,7.0,9
2022-12-19,SKU0016,62,0,7.0,9
2022-12-26,SKU0016,51,0,7.0,9
2023-01-02,SKU0016,41,0,7.0,9
2023-01-09,SKU0016,33,0,7.0,9
2023-01-16,SKU0016,21,0,7.0,9
2023-01-23,SKU0016,15,0,7.0,9
2023-01-30,SKU0016,73,67,7.0,9
2023-02-06,SKU0016,65,0,7.0,9
2023-02-13,SKU0016,56,0,7.0,9
2023-02-20,SKU0016,49,0,,9
2023-02-27,SKU0016,38,0,7.0,9
2023-03-06,SKU0016,31,0,7.0,9
2023-03-13,SKU0016,24,0,7.0,9
2023-03-20,SKU0016,21,0,7.0,9
2023-03-27,SKU0016,16,0,7.0,9
2023-04-03,SKU0016,12,0,7.0,9
2023-04-10,SKU0016,54,65,7.0,9
2023-04-17,SKU0016,46,0,7.0,9
2023-04-24,SKU0016,42,0,7.0,9
2023-05-01,SKU0016,34,0,7.0,9
2023-05-08,SKU0016,29,0,7.0,9
2023-05-15,SKU0016,21,0,7.0,9
2023-05-22,SKU0016,14,0,7.0,9
2023-05-29,SKU0016,66,73,7.0,9
2023-06-05,SKU0016,62,0,7.0,9
2023-06-12,SKU0016,57,0,7.0,9
2023-06-19,SKU0016,53,0,7.0,9
2023-06-26,SKU0016,48,0,7.0,9
2023-07-03,SKU0016,42,0,7.0,9
2023-07-10,SKU0016,39,0,7.0,9
2023-07-17,SKU0016,33,0,7.0,9
2023-07-24,SKU0016,28,0,7.0,9
2023-07-31,SKU0016,22,0,7.0,9
2023-08-07,SKU0016,16,0,7.0,9
2023-08-14,SKU0016,12,0,7.0,9
2023-08-21,SKU0016,5,73,7.0,9
2023-08-28,SKU0016,43,67,7.0,9
2023-09-04,SKU0016,37,0,7.0,9
2023-09-11,SKU0016,32,0,7.0,9
2023-09-18,SKU0016,23,0,7.0,9
2023-09-25,SKU0016,14,0,,9
2023-10-02,SKU0016,77,88,7.0,9
2023-10-09,SKU0016,73,0,7.0,9
2023-10-16,SKU0016,64,0,7.0,9
2023-10-23,SKU0016,59,0,7.0,9
2023-10-30,SKU0016,52,0,7.0,9
2023-11-06,SKU0016,46,0,7.0,9
2023-11-13,SKU0016,36,0,7.0,9
2023-11-20,SKU0016,27,0,7.0,9
2023-11-27,SKU0016,18,0,7.0,9
2023-12-04,SKU0016,12,0,7.0,9
2023-12-11,SKU0016,2,80,7.0,9
2023-12-18,SKU0016,44,92,7.0,9
2023-12-25,SKU0016,38,0,7.0,9
2022-01-03,SKU0017,27,0,14.0,10
2022-01-10,SKU0017,24,0,14.0,10
2022-01-17,SKU0017,21,0,14.0,10
2022-01-24,SKU0017,16,0,14.0,10
2022-01-31,SKU0017,10,31,14.0,10
2022-02-07,SKU0017,7,35,14.0,10
2022-02-14,SKU0017,3,54,14.0,10
2022-02-21,SKU0017,39,56,14.0,10
2022-02-28,SKU0017,36,0,14.0,10
2022-03-07,SKU0017,33,0,14.0,10
2022-03-14,SKU0017,30,0,14.0,10
2022-03-21,SKU0017,27,0,14.0,10
2022-03-28,SKU0017,23,0,14.0,10
2022-04-04,SKU0017,21,0,14.0,10
2022-04-11,SKU0017,18,0,14.0,10
2022-04-18,SKU0017,15,0,14.0,10
2022-04-25,SKU0017,12,0,14.0,10
2022-05-02,SKU0017,42,34,14.0,10
2022-05-09,SKU0017,38,0,14.0,10
2022-05-16,SKU0017,36,0,14.0,10
2022-05-23,SKU0017,32,0,14.0,10
2022-05-30,SKU0017,30,0,14.0,10
2022-06-06,SKU0017,28,0,14.0,10
2022-06-13,SKU0017,26,0,14.0,10
2022-06-20,SKU0017,23,0,14.0,10
2022-06-27,SKU0017,21,0,14.0,10
2022-07-04,SKU0017,18,0,14.0,10
2022-07-11,SKU0017,15,0,14.0,10
2022-07-18,SKU0017,12,0,14.0,10
2022-07-25,SKU0017,44,49,14.0,10
2022-08-01,SKU0017,40,0,14.0,10
2022-08-08,SKU0017,37,0,14.0,10
2022-08-15,SKU0017,35,0,14.0,10
2022-08-22,SKU0017,33,0,14.0,10
2022-08-29,SKU0017,30,0,14.0,10
2022-09-05,SKU0017,25,0,14.0,10
2022-09-12,SKU0017,20,0,14.0,10
2022-09-19,SKU0017,16,0,14.0,10
2022-09-26,SKU0017,10,35,14.0,10
2022-10-03,SKU0017,8,46,14.0,10
2022-10-10,SKU0017,3,53,14.0,10
2022-10-17,SKU0017,25,51,14.0,10
2022-10-24,SKU0017,20,0,14.0,10
2022-10-31,SKU0017,14,0,14.0,10
2022-11-07,SKU0017,10,47,14.0,10
2022-11-14,SKU0017,32,32,14.0,10
2022-11-21,SKU0017,29,0,14.0,10
2022-11-28,SKU0017,26,0,14.0,10
2022-12-05,SKU0017,21,0,14.0,10
2022-12-12,SKU0017,15,0,14.0,10
2022-12-19,SKU0017,9,49,14.0,10
2022-12-26,SKU0017,4,39,14.0,10
2023-01-02,SKU0017,0,31,14.0,10
2023-01-09,SKU0017,0,50,14.0,10
2023-01-16,SKU0017,0,39,14.0,10
2023-01-23,SKU0017,0,51,14.0,10
2023-01-30,SKU0017,25,31,14.0,10
2023-02-06,SKU0017,21,0,14.0,10
2023-02-13,SKU0017,15,0,14.0,10
2023-02-20,SKU0017,11,0,14.0,10
2023-02-27,SKU0017,48,48,14.0,10
2023-03-06,SKU0017,44,0,14.0,10
2023-03-13,SKU0017,42,0,14.0,10
2023-03-20,SKU0017,38,0,14.0,10
2023-03-27,SKU0017,33,0,14.0,10
2023-04-03,SKU0017,31,0,14.0,10
2023-04-10,SKU0017,28,0,14.0,10
2023-04-17,SKU0017,25,0,14.0,10
2023-04-24,SKU0017,22,0,14.0,10
2023-05-01,SKU0017,19,0,14.0,10
2023-05-08,SKU0017,17,0,14.0,10
2023-05-15,SKU0017,13,0,14.0,10
2023-05-22,SKU0017,10,56,14.0,10
2023-05-29,SKU0017,7,40,,10
2023-06-05,SKU0017,35,44,14.0,10
2023-06-12,SKU0017,33,0,14.0,10
2023-06-19,SKU0017,30,0,14.0,10
2023-06-26,SKU0017,28,0,14.0,10
2023-07-03,SKU0017,26,0,14.0,10
2023-07-10,SKU0017,24,0,14.0,10
2023-07-17,SKU0017,22,0,14.0,10
2023-07-24,SKU0017,20,0,14.0,10
2023-07-31,SKU0017,17,0,14.0,10
2023-08-07,SKU0017,14,0,14.0,10
2023-08-14,SKU0017,11,0,14.0,10
2023-08-21,SKU0017,34,55,14.0,10
2023-08-28,SKU0017,32,0,14.0,10
2023-09-04,SKU0017,28,0,14.0,10
2023-09-11,SKU0017,25,0,14.0,10
2023-09-18,SKU0017,20,0,14.0,10
2023-09-25,SKU0017,16,0,14.0,10
2023-10-02,SKU0017,11,0,14.0,10
2023-10-09,SKU0017,43,35,14.0,10
2023-10-16,SKU0017,38,0,14.0,10
2023-10-23,SKU0017,35,0,14.0,10
2023-10-30,SKU0017,31,0,14.0,10
2023-11-06,SKU0017,28,0,14.0,10
2023-11-13,SKU0017,24,0,14.0,10
2023-11-20,SKU0017,21,0,14.0,10
2023-11-27,SKU0017,19,0,14.0,10
2023-12-04,SKU0017,15,0,14.0,10
2023-12-11,SKU0017,11,0,14.0,10
2023-12-18,SKU0017,30,31,14.0,10
2023-12-25,SKU0017,24,0,14.0,10
2022-01-03,SKU0018,47,0,7.0,26
2022-01-10,SKU0018,22,176,7.0,26
2022-01-17,SKU0018,162,179,7.0,26
2022-01-24,SKU0018,138,0,7.0,26
2022-01-31,SKU0018,118,0,7.0,26
2022-02-07,SKU0018,92,0,7.0,26
2022-02-14,SKU0018,69,0,7.0,26
2022-02-21,SKU0018,46,0,7.0,26
2022-02-28,SKU0018,220,181,7.0,26
2022-03-07,SKU0018,209,0,7.0,26
2022-03-14,SKU0018,192,0,7.0,26
2022-03-21,SKU0018,172,0,7.0,26
2022-03-28,SKU0018,156,0,7.0,26
2022-04-04,SKU0018,145,0,7.0,26
2022-04-11,SKU0018,131,0,7.0,26
2022-04-18,SKU0018,114,0,7.0,26
2022-04-25,SKU0018,93,0,7.0,26
2022-05-02,SKU0018,75,0,7.0,26
2022-05-09,SKU0018,56,0,7.0,26
2022-05-16,SKU0018,34,0,7.0,26
2022-05-23,SKU0018,23,153,7.0,26
2022-05-30,SKU0018,150,160,7.0,26
2022-06-06,SKU0018,132,0,7.0,26
2022-06-13,SKU0018,119,0,7.0,26
2022-06-20,SKU0018,106,0,7.0,26
2022-06-27,SKU0018,89,0,7.0,26
2022-07-04,SKU0018,73,0,7.0,26
2022-07-11,SKU0018,59,0,7.0,26
2022-07-18,SKU0018,48,0,7.0,26
2022-07-25,SKU0018,38,0,7.0,26
2022-08-01,SKU0018,145,216,7.0,26
2022-08-08,SKU0018,134,0,7.0,26
2022-08-15,SKU0018,120,0,7.0,26
2022-08-22,SKU0018,111,0,7.0,26
2022-08-29,SKU0018,99,0,7.0,26
2022-09-05,SKU0018,79,0,7.0,26
2022-09-12,SKU0018,54,0,7.0,26
2022-09-19,SKU0018,29,0,7.0,26
2022-09-26,SKU0018,7,233,7.0,26
2022-10-03,SKU0018,0,200,7.0,26
2022-10-10,SKU0018,132,239,7.0,26
2022-10-17,SKU0018,106,0,7.0,26
2022-10-24,SKU0018,76,0,7.0,26
2022-10-31,SKU0018,49,0,7.0,26
2022-11-07,SKU0018,21,184,7.0,26
2022-11-14,SKU0018,206,162,7.0,26
2022-11-21,SKU0018,192,0,7.0,26
2022-11-28,SKU0018,178,0,7.0,26
2022-12-05,SKU0018,152,0,7.0,26
2022-12-12,SKU0018,125,0,7.0,26
2022-12-19,SKU0018,105,0,7.0,26
2022-12-26,SKU0018,87,0,7.0,26
2023-01-02,SKU0018,53,0,7.0,26
2023-01-09,SKU0018,35,0,7.0,26
2023-01-16,SKU0018,123,158,7.0,26
2023-01-23,SKU0018,104,0,7.0,26
2023-01-30,SKU0018,86,0,7.0,26
2023-02-06,SKU0018,61,0,7.0,26
2023-02-13,SKU0018,30,0,7.0,26
2023-02-20,SKU0018,2,235,7.0,26
2023-02-27,SKU0018,0,144,7.0,26
2023-03-06,SKU0018,0,151,7.0,26
2023-03-13,SKU0018,188,167,7.0,26
2023-03-20,SKU0018,169,0,7.0,26
2023-03-27,SKU0018,146,0,7.0,26
2023-04-03,SKU0018,126,0,7.0,26
2023-04-10,SKU0018,107,0,7.0,26
2023-04-17,SKU0018,93,0,7.0,26
2023-04-24,SKU0018,74,0,7.0,26
2023-05-01,SKU0018,60,0,7.0,26
2023-05-08,SKU0018,40,0,7.0,26
2023-05-15,SKU0018,25,176,7.0,26
2023-05-22,SKU0018,6,158,7.0,26
2023-05-29,SKU0018,205,229,7.0,26
2023-06-05,SKU0018,193,0,7.0,26
2023-06-12,SKU0018,180,0,7.0,26
2023-06-19,SKU0018,171,0,7.0,26
2023-06-26,SKU0018,159,0,7.0,26
2023-07-03,SKU0018,141,0,7.0,26
2023-07-10,SKU0018,127,0,7.0,26
2023-07-17,SKU0018,107,0,7.0,26
2023-07-24,SKU0018,91,0,7.0,26
2023-07-31,SKU0018,71,0,7.0,26
2023-08-07,SKU0018,61,0,7.0,26
2023-08-14,SKU0018,45,0,7.0,26
2023-08-21,SKU0018,29,0,7.0,26
2023-08-28,SKU0018,19,249,7.0,26
2023-09-04,SKU0018,0,180,7.0,26
2023-09-11,SKU0018,211,166,7.0,26
2023-09-18,SKU0018,192,0,7.0,26
2023-09-25,SKU0018,166,0,7.0,26
2023-10-02,SKU0018,151,0,7.0,26
2023-10-09,SKU0018,123,0,7.0,26
2023-10-16,SKU0018,110,0,7.0,26
2023-10-23,SKU0018,82,0,7.0,26
2023-10-30,SKU0018,67,0,7.0,26
2023-11-06,SKU0018,38,0,7.0,26
2023-11-13,SKU0018,9,166,,26
2023-11-20,SKU0018,0,274,7.0,26
2023-11-27,SKU0018,0,236,7.0,26
2023-12-04,SKU0018,178,232,7.0,26
2023-12-11,SKU0018,154,0,7.0,26
2023-12-18,SKU0018,132,0,7.0,26
2023-12-25,SKU0018,107,0,7.0,26
2022-01-03,SKU0019,49,0,10.0,8
2022-01-10,SKU0019,44,0,10.0,8
2022-01-17,SKU0019,41,0,10.0,8
2022-01-24,SKU0019,38,0,10.0,8
2022-01-31,SKU0019,33,0,10.0,8
2022-02-07,SKU0019,26,0,10.0,8
2022-02-14,SKU0019,19,0,10.0,8
2022-02-21,SKU0019,16,0,10.0,8
2022-02-28,SKU0019,9,0,10.0,8
2022-03-07,SKU0019,38,40,10.0,8
2022-03-14,SKU0019,33,0,10.0,8
2022-03-21,SKU0019,28,0,10.0,8
2022-03-28,SKU0019,26,0,10.0,8
2022-04-04,SKU0019,24,0,10.0,8
2022-04-11,SKU0019,19,0,10.0,8
2022-04-18,SKU0019,17,0,10.0,8
2022-04-25,SKU0019,12,0,10.0,8
2022-05-02,SKU0019,34,58,10.0,8
2022-05-09,SKU0019,29,0,10.0,8
2022-05-16,SKU0019,25,0,10.0,8
2022-05-23,SKU0019,23,0,10.0,8
2022-05-30,SKU0019,21,0,10.0,8
2022-06-06,SKU0019,17,0,10.0,8
2022-06-13,SKU0019,15,0,10.0,8
2022-06-20,SKU0019,12,0,10.0,8
2022-06-27,SKU0019,8,46,10.0,8
2022-07-04,SKU0019,6,33,10.0,8
2022-07-11,SKU0019,4,46,10.0,8
2022-07-18,SKU0019,29,49,10.0,8
2022-07-25,SKU0019,26,0,10.0,8
2022-08-01,SKU0019,22,0,10.0,8
2022-08-08,SKU0019,20,0,10.0,8
2022-08-15,SKU0019,18,0,10.0,8
2022-08-22,SKU0019,15,0,10.0,8
2022-08-29,SKU0019,11,0,10.0,8
2022-09-05,SKU0019,6,34,10.0,8
2022-09-12,SKU0019,2,52,10.0,8
2022-09-19,SKU0019,0,33,10.0,8
2022-09-26,SKU0019,25,38,10.0,8
2022-10-03,SKU0019,22,0,10.0,8
2022-10-10,SKU0019,16,0,10.0,8
2022-10-17,SKU0019,11,0,10.0,8
2022-10-24,SKU0019,5,40,10.0,8
2022-10-31,SKU0019,0,46,10.0,8
2022-11-07,SKU0019,0,64,10.0,8
2022-11-14,SKU0019,0,52,10.0,8
2022-11-21,SKU0019,0,42,10.0,8
2022-11-28,SKU0019,29,57,10.0,8
2022-12-05,SKU0019,23,0,10.0,8
2022-12-12,SKU0019,17,0,10.0,8
2022-12-19,SKU0019,11,0,10.0,8
2022-12-26,SKU0019,7,48,10.0,8
2023-01-02,SKU0019,4,45,10.0,8
2023-01-09,SKU0019,35,57,10.0,8
2023-01-16,SKU0019,28,0,10.0,8
2023-01-23,SKU0019,23,0,10.0,8
2023-01-30,SKU0019,17,0,10.0,8
2023-02-06,SKU0019,11,0,10.0,8
2023-02-13,SKU0019,4,51,10.0,8
2023-02-20,SKU0019,0,60,10.0,8
2023-02-27,SKU0019,0,39,10.0,8
2023-03-06,SKU0019,0,65,10.0,8
2023-03-13,SKU0019,35,46,10.0,8
2023-03-20,SKU0019,33,0,10.0,8
2023-03-27,SKU0019,30,0,10.0,8
2023-04-03,SKU0019,25,0,10.0,8
2023-04-10,SKU0019,20,0,10.0,8
2023-04-17,SKU0019,17,0,10.0,8
2023-04-24,SKU0019,12,0,10.0,8
2023-05-01,SKU0019,10,0,10.0,8
2023-05-08,SKU0019,7,32,10.0,8
2023-05-15,SKU0019,4,55,10.0,8
2023-05-22,SKU0019,43,40,10.0,8
2023-05-29,SKU0019,40,0,10.0,8
2023-06-05,SKU0019,36,0,10.0,8
2023-06-12,SKU0019,34,0,10.0,8
2023-06-19,SKU0019,30,0,10.0,8
2023-06-26,SKU0019,28,0,10.0,8
2023-07-03,SKU0019,24,0,10.0,8
2023-07-10,SKU0019,22,0,10.0,8
2023-07-17,SKU0019,20,0,10.0,8
2023-07-24,SKU0019,17,0,10.0,8
2023-07-31,SKU0019,15,0,10.0,8
2023-08-07,SKU0019,12,0,10.0,8
2023-08-14,SKU0019,10,0,10.0,8
2023-08-21,SKU0019,8,51,10.0,8
2023-08-28,SKU0019,6,47,10.0,8
2023-09-04,SKU0019,1,55,10.0,8
2023-09-11,SKU0019,0,39,10.0,8
2023-09-18,SKU0019,31,48,10.0,8
2023-09-25,SKU0019,24,0,10.0,8
2023-10-02,SKU0019,19,0,10.0,8
2023-10-09,SKU0019,16,0,10.0,8
2023-10-16,SKU0019,12,0,10.0,8
2023-10-23,SKU0019,9,0,10.0,8
2023-10-30,SKU0019,4,52,10.0,8
2023-11-06,SKU0019,0,48,10.0,8
2023-11-13,SKU0019,0,47,10.0,8
2023-11-20,SKU0019,0,35,10.0,8
2023-11-27,SKU0019,0,65,10.0,8
2023-12-04,SKU0019,0,44,10.0,8
2023-12-11,SKU0019,0,59,10.0,8
2023-12-18,SKU0019,31,62,10.0,8
2023-12-25,SKU0019,24,0,10.0,8
2022-01-03,SKU0020,25,0,7.0,3
2022-01-10,SKU0020,22,0,7.0,3
2022-01-17,SKU0020,18,0,7.0,3
2022-01-24,SKU0020,16,0,7.0,3
2022-01-31,SKU0020,13,0,7.0,3
2022-02-07,SKU0020,11,0,7.0,3
2022-02-14,SKU0020,9,0,7.0,3
2022-02-21,SKU0020,7,0,7.0,3
2022-02-28,SKU0020,5,0,7.0,3
2022-03-07,SKU0020,29,25,7.0,3
2022-03-14,SKU0020,28,0,7.0,3
2022-03-21,SKU0020,27,0,7.0,3
2022-03-28,SKU0020,26,0,7.0,3
2022-04-04,SKU0020,24,0,7.0,3
2022-04-11,SKU0020,22,0,7.0,3
2022-04-18,SKU0020,20,0,7.0,3
2022-04-25,SKU0020,19,0,7.0,3
2022-05-02,SKU0020,17,0,7.0,3
2022-05-09,SKU0020,15,0,7.0,3
2022-05-16,SKU0020,14,0,7.0,3
2022-05-23,SKU0020,12,0,7.0,3
2022-05-30,SKU0020,10,0,7.0,3
2022-06-06,SKU0020,9,0,7.0,3
2022-06-13,SKU0020,7,0,,3
2022-06-20,SKU0020,6,0,7.0,3
2022-06-27,SKU0020,5,0,7.0,3
2022-07-04,SKU0020,17,35,7.0,3
2022-07-11,SKU0020,15,0,7.0,3
2022-07-18,SKU0020,14,0,7.0,3
2022-07-25,SKU0020,12,0,7.0,3
2022-08-01,SKU0020,11,0,7.0,3
2022-08-08,SKU0020,10,0,7.0,3
2022-08-15,SKU0020,8,0,7.0,3
2022-08-22,SKU0020,7,0,7.0,3
2022-08-29,SKU0020,6,0,7.0,3
2022-09-05,SKU0020,4,0,7.0,3
2022-09-12,SKU0020,1,24,7.0,3
2022-09-19,SKU0020,0,22,7.0,3
2022-09-26,SKU0020,0,31,7.0,3
2022-10-03,SKU0020,0,33,7.0,3
2022-10-10,SKU0020,21,28,7.0,3
2022-10-17,SKU0020,18,0,7.0,3
2022-10-24,SKU0020,17,0,7.0,3
2022-10-31,SKU0020,14,0,7.0,3
2022-11-07,SKU0020,12,0,7.0,3
2022-11-14,SKU0020,9,0,7.0,3
2022-11-21,SKU0020,8,0,7.0,3
2022-11-28,SKU0020,5,0,7.0,3
2022-12-05,SKU0020,3,26,7.0,3
2022-12-12,SKU0020,0,19,7.0,3
2022-12-19,SKU0020,0,32,7.0,3
2022-12-26,SKU0020,14,34,7.0,3
2023-01-02,SKU0020,13,0,7.0,3
2023-01-09,SKU0020,10,0,7.0,3
2023-01-16,SKU0020,7,0,7.0,3
2023-01-23,SKU0020,21,26,7.0,3
2023-01-30,SKU0020,17,0,7.0,3
2023-02-06,SKU0020,14,0,7.0,3
2023-02-13,SKU0020,11,0,7.0,3
2023-02-20,SKU0020,8,0,7.0,3
2023-02-27,SKU0020,5,0,,3
2023-03-06,SKU0020,2,27,7.0,3
2023-03-13,SKU0020,1,26,7.0,3
2023-03-20,SKU0020,23,25,7.0,3
2023-03-27,SKU0020,22,0,7.0,3
2023-04-03,SKU0020,21,0,7.0,3
2023-04-10,SKU0020,19,0,7.0,3
2023-04-17,SKU0020,18,0,7.0,3
2023-04-24,SKU0020,15,0,,3
2023-05-01,SKU0020,13,0,7.0,3
2023-05-08,SKU0020,12,0,7.0,3
2023-05-15,SKU0020,11,0,7.0,3
2023-05-22,SKU0020,8,0,7.0,3
2023-05-29,SKU0020,6,0,7.0,3
2023-06-05,SKU0020,5,0,7.0,3
2023-06-12,SKU0020,3,24,7.0,3
2023-06-19,SKU0020,24,28,7.0,3
2023-06-26,SKU0020,22,0,7.0,3
2023-07-03,SKU0020,20,0,7.0,3
2023-07-10,SKU0020,19,0,7.0,3
2023-07-17,SKU0020,17,0,7.0,3
2023-07-24,SKU0020,15,0,7.0,3
2023-07-31,SKU0020,13,0,7.0,3
2023-08-07,SKU0020,12,0,7.0,3
2023-08-14,SKU0020,10,0,7.0,3
2023-08-21,SKU0020,9,0,7.0,3
2023-08-28,SKU0020,8,0,7.0,3
2023-09-04,SKU0020,5,0,7.0,3
2023-09-11,SKU0020,2,29,7.0,3
2023-09-18,SKU0020,0,20,7.0,3
2023-09-25,SKU0020,15,35,7.0,3
2023-10-02,SKU0020,13,0,7.0,3
2023-10-09,SKU0020,10,0,7.0,3
2023-10-16,SKU0020,7,0,7.0,3
2023-10-23,SKU0020,5,0,7.0,3
2023-10-30,SKU0020,21,20,7.0,3
2023-11-06,SKU0020,19,0,7.0,3
2023-11-13,SKU0020,17,0,7.0,3
2023-11-20,SKU0020,14,0,7.0,3
2023-11-27,SKU0020,11,0,7.0,3
2023-12-04,SKU0020,8,0,7.0,3
2023-12-11,SKU0020,5,0,7.0,3
2023-12-18,SKU0020,17,30,7.0,3
2023-12-25,SKU0020,15,0,7.0,3
2022-01-03,SKU0021,609,0,10.0,151
2022-01-10,SKU0021,509,0,10.0,151
2022-01-17,SKU0021,406,0,10.0,151
2022-01-24,SKU0021,308,0,10.0,151
2022-01-31,SKU0021,176,0,10.0,151
2022-02-07,SKU0021,65,926,10.0,151
2022-02-14,SKU0021,0,1054,10.0,151
2022-02-21,SKU0021,637,871,10.0,151
2022-02-28,SKU0021,569,0,10.0,151
2022-03-07,SKU0021,517,0,10.0,151
2022-03-14,SKU0021,463,0,10.0,151
2022-03-21,SKU0021,404,0,10.0,151
2022-03-28,SKU0021,357,0,10.0,151
2022-04-04,SKU0021,308,0,10.0,151
2022-04-11,SKU0021,230,0,10.0,151
2022-04-18,SKU0021,144,988,10.0,151
2022-04-25,SKU0021,101,890,10.0,151
2022-05-02,SKU0021,52,742,10.0,151
2022-05-09,SKU0021,757,640,10.0,151
2022-05-16,SKU0021,682,0,10.0,151
2022-05-23,SKU0021,605,0,10.0,151
2022-05-30,SKU0021,533,0,10.0,151
2022-06-06,SKU0021,484,0,10.0,151
2022-06-13,SKU0021,412,0,10.0,151
2022-06-20,SKU0021,348,0,10.0,151
2022-06-27,SKU0021,273,0,10.0,151
2022-07-04,SKU0021,200,0,10.0,151
2022-07-11,SKU0021,854,709,10.0,151
2022-07-18,SKU0021,780,0,10.0,151
2022-07-25,SKU0021,697,0,10.0,151
2022-08-01,SKU0021,635,0,10.0,151
2022-08-08,SKU0021,587,0,10.0,151
2022-08-15,SKU0021,547,0,10.0,151
2022-08-22,SKU0021,495,0,10.0,151
2022-08-29,SKU0021,412,0,10.0,151
2022-09-05,SKU0021,356,0,10.0,151
2022-09-12,SKU0021,282,0,10.0,151
2022-09-19,SKU0021,176,0,10.0,151
2022-09-26,SKU0021,916,1088,10.0,151
2022-10-03,SKU0021,851,0,10.0,151
2022-10-10,SKU0021,782,0,10.0,151
2022-10-17,SKU0021,668,0,10.0,151
2022-10-24,SKU0021,600,0,10.0,151
2022-10-31,SKU0021,531,0,10.0,151
2022-11-07,SKU0021,419,0,10.0,151
2022-11-14,SKU0021,341,0,10.0,151
2022-11-21,SKU0021,229,0,10.0,151
2022-11-28,SKU0021,153,0,10.0,151
2022-12-05,SKU0021,69,1121,10.0,151
2022-12-12,SKU0021,0,615,10.0,151
2022-12-19,SKU0021,672,665,10.0,151
2022-12-26,SKU0021,536,0,10.0,151
2023-01-02,SKU0021,464,0,10.0,151
2023-01-09,SKU0021,385,0,10.0,151
2023-01-16,SKU0021,297,0,10.0,151
2023-01-23,SKU0021,229,0,10.0,151
2023-01-30,SKU0021,980,975,10.0,151
2023-02-06,SKU0021,907,0,10.0,151
2023-02-13,SKU0021,814,0,10.0,151
2023-02-20,SKU0021,722,0,10.0,151
2023-02-27,SKU0021,661,0,10.0,151
2023-03-06,SKU0021,571,0,10.0,151
2023-03-13,SKU0021,526,0,10.0,151
2023-03-20,SKU0021,460,0,10.0,151
2023-03-27,SKU0021,412,0,10.0,151
2023-04-03,SKU0021,336,0,10.0,151
2023-04-10,SKU0021,239,0,10.0,151
2023-04-17,SKU0021,142,934,,151
2023-04-24,SKU0021,69,986,10.0,151
2023-05-01,SKU0021,12,708,10.0,151
2023-05-08,SKU0021,0,603,10.0,151
2023-05-15,SKU0021,0,715,10.0,151
2023-05-22,SKU0021,481,895,10.0,151
2023-05-29,SKU0021,411,0,10.0,151
2023-06-05,SKU0021,361,0,10.0,151
2023-06-12,SKU0021,312,0,10.0,151
2023-06-19,SKU0021,247,0,10.0,151
2023-06-26,SKU0021,164,0,,151
2023-07-03,SKU0021,621,976,10.0,151
2023-07-10,SKU0021,555,0,10.0,151
2023-07-17,SKU0021,483,0,10.0,151
2023-07-24,SKU0021,429,0,10.0,151
2023-07-31,SKU0021,376,0,10.0,151
2023-08-07,SKU0021,306,0,10.0,151
2023-08-14,SKU0021,257,0,10.0,151
2023-08-21,SKU0021,174,0,10.0,151
2023-08-28,SKU0021,105,1031,10.0,151
2023-09-04,SKU0021,0,800,10.0,151
2023-09-11,SKU0021,570,833,10.0,151
2023-09-18,SKU0021,497,0,10.0,151
2023-09-25,SKU0021,423,0,10.0,151
2023-10-02,SKU0021,311,0,10.0,151
2023-10-09,SKU0021,224,0,10.0,151
2023-10-16,SKU0021,162,0,10.0,151
2023-10-23,SKU0021,40,764,10.0,151
2023-10-30,SKU0021,0,568,10.0,151
2023-11-06,SKU0021,0,599,10.0,151
2023-11-13,SKU0021,543,1098,10.0,151
2023-11-20,SKU0021,464,0,10.0,151
2023-11-27,SKU0021,362,0,10.0,151
2023-12-04,SKU0021,250,0,10.0,151
2023-12-11,SKU0021,178,0,10.0,151
2023-12-18,SKU0021,102,1091,10.0,151
2023-12-25,SKU0021,0,982,10.0,151
2022-01-03,SKU0022,30,0,7.0,13
2022-01-10,SKU0022,12,143,7.0,13
2022-01-17,SKU0022,3,120,7.0,13
2022-01-24,SKU0022,0,141,7.0,13
2022-01-31,SKU0022,0,81,7.0,13
2022-02-07,SKU0022,85,87,7.0,13
2022-02-14,SKU0022,74,0,7.0,13
2022-02-21,SKU0022,63,0,7.0,13
2022-02-28,SKU0022,51,0,7.0,13
2022-03-07,SKU0022,40,0,7.0,13
2022-03-14,SKU0022,35,0,7.0,13
2022-03-21,SKU0022,23,0,7.0,13
2022-03-28,SKU0022,12,76,7.0,13
2022-04-04,SKU0022,3,90,7.0,13
2022-04-11,SKU0022,0,96,7.0,13
2022-04-18,SKU0022,89,81,7.0,13
2022-04-25,SKU0022,79,0,7.0,13
2022-05-02,SKU0022,73,0,7.0,13
2022-05-09,SKU0022,65,0,7.0,13
2022-05-16,SKU0022,57,0,7.0,13
2022-05-23,SKU0022,47,0,7.0,13
2022-05-30,SKU0022,39,0,7.0,13
2022-06-06,SKU0022,31,0,7.0,13
2022-06-13,SKU0022,24,0,7.0,13
2022-06-20,SKU0022,15,0,7.0,13
2022-06-27,SKU0022,95,75,7.0,13
2022-07-04,SKU0022,89,0,7.0,13
2022-07-11,SKU0022,81,0,7.0,13
2022-07-18,SKU0022,76,0,7.0,13
2022-07-25,SKU0022,69,0,7.0,13
2022-08-01,SKU0022,60,0,7.0,13
2022-08-08,SKU0022,51,0,7.0,13
2022-08-15,SKU0022,43,0,7.0,13
2022-08-22,SKU0022,37,0,7.0,13
2022-08-29,SKU0022,32,0,7.0,13
2022-09-05,SKU0022,17,0,7.0,13
2022-09-12,SKU0022,6,134,7.0,13
2022-09-19,SKU0022,0,140,7.0,13
2022-09-26,SKU0022,0,106,7.0,13
2022-10-03,SKU0022,0,132,7.0,13
2022-10-10,SKU0022,0,78,7.0,13
2022-10-17,SKU0022,56,104,7.0,13
2022-10-24,SKU0022,49,0,7.0,13
2022-10-31,SKU0022,40,0,7.0,13
2022-11-07,SKU0022,29,0,7.0,13
2022-11-14,SKU0022,16,0,7.0,13
2022-11-21,SKU0022,107,122,7.0,13
2022-11-28,SKU0022,94,0,7.0,13
2022-12-05,SKU0022,84,0,7.0,13
2022-12-12,SKU0022,70,0,7.0,13
2022-12-19,SKU0022,60,0,7.0,13
2022-12-26,SKU0022,52,0,7.0,13
2023-01-02,SKU0022,37,0,7.0,13
2023-01-09,SKU0022,29,0,7.0,13
2023-01-16,SKU0022,21,0,7.0,13
2023-01-23,SKU0022,10,146,7.0,13
2023-01-30,SKU0022,0,93,7.0,13
2023-02-06,SKU0022,0,141,7.0,13
2023-02-13,SKU0022,0,120,7.0,13
2023-02-20,SKU0022,0,127,7.0,13
2023-02-27,SKU0022,0,145,7.0,13
2023-03-06,SKU0022,84,136,7.0,13
2023-03-13,SKU0022,75,0,7.0,13
2023-03-20,SKU0022,67,0,7.0,13
2023-03-27,SKU0022,60,0,7.0,13
2023-04-03,SKU0022,51,0,7.0,13
2023-04-10,SKU0022,44,0,7.0,13
2023-04-17,SKU0022,38,0,7.0,13
2023-04-24,SKU0022,27,0,7.0,13
2023-05-01,SKU0022,17,0,7.0,13
2023-05-08,SKU0022,96,132,7.0,13
2023-05-15,SKU0022,89,0,7.0,13
2023-05-22,SKU0022,79,0,7.0,13
2023-05-29,SKU0022,68,0,7.0,13
2023-06-05,SKU0022,63,0,7.0,13
2023-06-12,SKU0022,55,0,7.0,13
2023-06-19,SKU0022,49,0,7.0,13
2023-06-26,SKU0022,43,0,7.0,13
2023-07-03,SKU0022,37,0,,13
2023-07-10,SKU0022,30,0,7.0,13
2023-07-17,SKU0022,20,0,7.0,13
2023-07-24,SKU0022,117,86,7.0,13
2023-07-31,SKU0022,111,0,7.0,13
2023-08-07,SKU0022,104,0,7.0,13
2023-08-14,SKU0022,94,0,7.0,13
2023-08-21,SKU0022,85,0,7.0,13
2023-08-28,SKU0022,76,0,7.0,13
2023-09-04,SKU0022,61,0,7.0,13
2023-09-11,SKU0022,46,0,7.0,13
2023-09-18,SKU0022,33,0,7.0,13
2023-09-25,SKU0022,21,0,7.0,13
2023-10-02,SKU0022,89,107,7.0,13
2023-10-09,SKU0022,78,0,7.0,13
2023-10-16,SKU0022,64,0,7.0,13
2023-10-23,SKU0022,56,0,7.0,13
2023-10-30,SKU0022,47,0,7.0,13
2023-11-06,SKU0022,37,0,7.0,13
2023-11-13,SKU0022,27,0,7.0,13
2023-11-20,SKU0022,20,0,7.0,13
2023-11-27,SKU0022,6,80,7.0,13
2023-12-04,SKU0022,0,146,7.0,13
2023-12-11,SKU0022,0,132,7.0,13
2023-12-18,SKU0022,0,140,7.0,13
2023-12-25,SKU0022,99,81,7.0,13
2022-01-03,SKU0023,158,0,7.0,19
2022-01-10,SKU0023,140,0,7.0,19
2022-01-17,SKU0023,121,0,7.0,19
2022-01-24,SKU0023,97,0,7.0,19
2022-01-31,SKU0023,78,0,7.0,19
2022-02-07,SKU0023,66,0,7.0,19
2022-02-14,SKU0023,42,0,7.0,19
2022-02-21,SKU0023,28,0,7.0,19
2022-02-28,SKU0023,119,126,7.0,19
2022-03-07,SKU0023,104,0,7.0,19
2022-03-14,SKU0023,95,0,7.0,19
2022-03-21,SKU0023,87,0,7.0,19
2022-03-28,SKU0023,73,0,7.0,19
2022-04-04,SKU0023,58,0,7.0,19
2022-04-11,SKU0023,46,0,7.0,19
2022-04-18,SKU0023,33,0,7.0,19
2022-04-25,SKU0023,23,0,7.0,19
2022-05-02,SKU0023,142,120,7.0,19
2022-05-09,SKU0023,132,0,7.0,19
2022-05-16,SKU0023,118,0,7.0,19
2022-05-23,SKU0023,109,0,7.0,19
2022-05-30,SKU0023,93,0,7.0,19
2022-06-06,SKU0023,84,0,7.0,19
2022-06-13,SKU0023,75,0,7.0,19
2022-06-20,SKU0023,60,0,7.0,19
2022-06-27,SKU0023,53,0,7.0,19
2022-07-04,SKU0023,43,0,7.0,19
2022-07-11,SKU0023,35,0,7.0,19
2022-07-18,SKU0023,24,0,7.0,19
2022-07-25,SKU0023,15,183,7.0,19
2022-08-01,SKU0023,151,129,7.0,19
2022-08-08,SKU0023,137,0,7.0,19
2022-08-15,SKU0023,127,0,7.0,19
2022-08-22,SKU0023,113,0,7.0,19
2022-08-29,SKU0023,102,0,7.0,19
2022-09-05,SKU0023,84,0,7.0,19
2022-09-12,SKU0023,73,0,7.0,19
2022-09-19,SKU0023,60,0,7.0,19
2022-09-26,SKU0023,45,0,7.0,19
2022-10-03,SKU0023,32,0,7.0,19
2022-10-10,SKU0023,148,184,7.0,19
2022-10-17,SKU0023,136,0,7.0,19
2022-10-24,SKU0023,121,0,7.0,19
2022-10-31,SKU0023,101,0,7.0,19
2022-11-07,SKU0023,90,0,7.0,19
2022-11-14,SKU0023,77,0,7.0,19
2022-11-21,SKU0023,66,0,7.0,19
2022-11-28,SKU0023,45,0,7.0,19
2022-12-05,SKU0023,22,0,7.0,19
2022-12-12,SKU0023,5,172,7.0,19
2022-12-19,SKU0023,110,113,7.0,19
2022-12-26,SKU0023,91,0,7.0,19
2023-01-02,SKU0023,71,0,7.0,19
2023-01-09,SKU0023,55,0,7.0,19
2023-01-16,SKU0023,30,0,7.0,19
2023-01-23,SKU0023,117,198,7.0,19
2023-01-30,SKU0023,96,0,7.0,19
2023-02-06,SKU0023,79,0,7.0,19
2023-02-13,SKU0023,58,0,7.0,19
2023-02-20,SKU0023,35,0,7.0,19
2023-02-27,SKU0023,132,210,7.0,19
2023-03-06,SKU0023,124,0,7.0,19
2023-03-13,SKU0023,108,0,7.0,19
2023-03-20,SKU0023,96,0,7.0,19
2023-03-27,SKU0023,83,0,7.0,19
2023-04-03,SKU0023,67,0,7.0,19
2023-04-10,SKU0023,52,0,7.0,19
2023-04-17,SKU0023,40,0,7.0,19
2023-04-24,SKU0023,31,0,7.0,19
2023-05-01,SKU0023,23,0,7.0,19
2023-05-08,SKU0023,15,206,7.0,19
2023-05-15,SKU0023,5,157,7.0,19
2023-05-22,SKU0023,0,152,7.0,19
2023-05-29,SKU0023,93,202,7.0,19
2023-06-05,SKU0023,86,0,7.0,19
2023-06-12,SKU0023,73,0,,19
2023-06-19,SKU0023,66,0,7.0,19
2023-06-26,SKU0023,56,0,7.0,19
2023-07-03,SKU0023,44,0,7.0,19
2023-07-10,SKU0023,37,0,7.0,19
2023-07-17,SKU0023,30,0,7.0,19
2023-07-24,SKU0023,22,0,7.0,19
2023-07-31,SKU0023,14,111,7.0,19
2023-08-07,SKU0023,164,189,7.0,19
2023-08-14,SKU0023,149,0,7.0,19
2023-08-21,SKU0023,135,0,7.0,19
2023-08-28,SKU0023,125,0,7.0,19
2023-09-04,SKU0023,104,0,7.0,19
2023-09-11,SKU0023,92,0,7.0,19
2023-09-18,SKU0023,72,0,7.0,19
2023-09-25,SKU0023,62,0,7.0,19
2023-10-02,SKU0023,47,0,7.0,19
2023-10-09,SKU0023,35,0,7.0,19
2023-10-16,SKU0023,17,129,7.0,19
2023-10-23,SKU0023,0,186,,19
2023-10-30,SKU0023,0,207,7.0,19
2023-11-06,SKU0023,0,133,7.0,19
2023-11-13,SKU0023,133,196,7.0,19
2023-11-20,SKU0023,120,0,7.0,19
2023-11-27,SKU0023,110,0,7.0,19
2023-12-04,SKU0023,99,0,7.0,19
2023-12-11,SKU0023,80,0,7.0,19
2023-12-18,SKU0023,55,0,7.0,19
2023-12-25,SKU0023,43,0,7.0,19
2022-01-03,SKU0024,10,0,7.0,3
2022-01-10,SKU0024,7,0,7.0,3
2022-01-17,SKU0024,6,0,7.0,3
2022-01-24,SKU0024,2,30,,3
2022-01-31,SKU0024,0,26,7.0,3
2022-02-07,SKU0024,0,31,7.0,3
2022-02-14,SKU0024,24,20,7.0,3
2022-02-21,SKU0024,23,0,7.0,3
2022-02-28,SKU0024,21,0,7.0,3
2022-03-07,SKU0024,20,0,7.0,3
2022-03-14,SKU0024,19,0,7.0,3
2022-03-21,SKU0024,17,0,7.0,3
2022-03-28,SKU0024,15,0,7.0,3
2022-04-04,SKU0024,14,0,7.0,3
2022-04-11,SKU0024,13,0,7.0,3
2022-04-18,SKU0024,11,0,7.0,3
2022-04-25,SKU0024,10,0,7.0,3
2022-05-02,SKU0024,8,0,7.0,3
2022-05-09,SKU0024,6,0,7.0,3
2022-05-16,SKU0024,3,23,7.0,3
2022-05-23,SKU0024,2,29,7.0,3
2022-05-30,SKU0024,23,32,7.0,3
2022-06-06,SKU0024,22,0,7.0,3
2022-06-13,SKU0024,21,0,7.0,3
2022-06-20,SKU0024,20,0,7.0,3
2022-06-27,SKU0024,19,0,7.0,3
2022-07-04,SKU0024,17,0,7.0,3
2022-07-11,SKU0024,15,0,7.0,3
2022-07-18,SKU0024,14,0,7.0,3
2022-07-25,SKU0024,12,0,7.0,3
2022-08-01,SKU0024,11,0,7.0,3
2022-08-08,SKU0024,10,0,7.0,3
2022-08-15,SKU0024,9,0,7.0,3
2022-08-22,SKU0024,8,0,7.0,3
2022-08-29,SKU0024,7,0,7.0,3
2022-09-05,SKU0024,4,0,7.0,3
2022-09-12,SKU0024,2,21,7.0,3
2022-09-19,SKU0024,1,23,7.0,3
2022-09-26,SKU0024,18,22,7.0,3
2022-10-03,SKU0024,15,0,7.0,3
2022-10-10,SKU0024,12,0,,3
2022-10-17,SKU0024,10,0,7.0,3
2022-10-24,SKU0024,8,0,7.0,3
2022-10-31,SKU0024,6,0,7.0,3
2022-11-07,SKU0024,3,30,7.0,3
2022-11-14,SKU0024,0,19,7.0,3
2022-11-21,SKU0024,0,35,7.0,3
2022-11-28,SKU0024,23,31,7.0,3
2022-12-05,SKU0024,21,0,7.0,3
2022-12-12,SKU0024,19,0,7.0,3
2022-12-19,SKU0024,16,0,7.0,3
2022-12-26,SKU0024,14,0,7.0,3
2023-01-02,SKU0024,12,0,7.0,3
2023-01-09,SKU0024,10,0,7.0,3
2023-01-16,SKU0024,6,0,7.0,3
2023-01-23,SKU0024,4,0,7.0,3
2023-01-30,SKU0024,0,20,7.0,3
2023-02-06,SKU0024,0,27,7.0,3
2023-02-13,SKU0024,24,28,7.0,3
2023-02-20,SKU0024,20,0,7.0,3
2023-02-27,SKU0024,16,0,7.0,3
2023-03-06,SKU0024,14,0,7.0,3
2023-03-13,SKU0024,12,0,7.0,3
2023-03-20,SKU0024,11,0,7.0,3
2023-03-27,SKU0024,9,0,7.0,3
2023-04-03,SKU0024,8,0,7.0,3
2023-04-10,SKU0024,6,0,7.0,3
2023-04-17,SKU0024,3,25,7.0,3
2023-04-24,SKU0024,2,20,7.0,3
2023-05-01,SKU0024,22,21,7.0,3
2023-05-08,SKU0024,21,0,7.0,3
2023-05-15,SKU0024,19,0,7.0,3
2023-05-22,SKU0024,17,0,7.0,3
2023-05-29,SKU0024,16,0,7.0,3
2023-06-05,SKU0024,14,0,7.0,3
2023-06-12,SKU0024,13,0,7.0,3
2023-06-19,SKU0024,11,0,7.0,3
2023-06-26,SKU0024,10,0,7.0,3
2023-07-03,SKU0024,8,0,7.0,3
2023-07-10,SKU0024,6,0,7.0,3
2023-07-17,SKU0024,4,0,7.0,3
2023-07-24,SKU0024,21,26,7.0,3
2023-07-31,SKU0024,20,0,7.0,3
2023-08-07,SKU0024,19,0,7.0,3
2023-08-14,SKU0024,18,0,7.0,3
2023-08-21,SKU0024,16,0,7.0,3
2023-08-28,SKU0024,14,0,7.0,3
2023-09-04,SKU0024,11,0,7.0,3
2023-09-11,SKU0024,9,0,7.0,3
2023-09-18,SKU0024,7,0,7.0,3
2023-09-25,SKU0024,4,0,,3
2023-10-02,SKU0024,3,33,7.0,3
2023-10-09,SKU0024,26,18,7.0,3
2023-10-16,SKU0024,25,0,7.0,3
2023-10-23,SKU0024,23,0,7.0,3
2023-10-30,SKU0024,20,0,7.0,3
2023-11-06,SKU0024,18,0,7.0,3
2023-11-13,SKU0024,16,0,7.0,3
2023-11-20,SKU0024,14,0,7.0,3
2023-11-27,SKU0024,12,0,7.0,3
2023-12-04,SKU0024,9,0,7.0,3
2023-12-11,SKU0024,7,0,7.0,3
2023-12-18,SKU0024,20,22,7.0,3
2023-12-25,SKU0024,18,0,7.0,3
2022-01-03,SKU0025,77,0,21.0,28
2022-01-10,SKU0025,71,0,21.0,28
2022-01-17,SKU0025,64,0,21.0,28
2022-01-24,SKU0025,59,0,21.0,28
2022-01-31,SKU0025,48,0,21.0,28
2022-02-07,SKU0025,39,0,21.0,28
2022-02-14,SKU0025,28,66,21.0,28
2022-02-21,SKU0025,80,82,21.0,28
2022-02-28,SKU0025,71,0,21.0,28
2022-03-07,SKU0025,65,0,21.0,28
2022-03-14,SKU0025,60,0,21.0,28
2022-03-21,SKU0025,56,0,21.0,28
2022-03-28,SKU0025,50,0,21.0,28
2022-04-04,SKU0025,46,0,21.0,28
2022-04-11,SKU0025,38,0,21.0,28
2022-04-18,SKU0025,34,0,21.0,28
2022-04-25,SKU0025,30,0,21.0,28
2022-05-02,SKU0025,25,95,21.0,28
2022-05-09,SKU0025,97,86,21.0,28
2022-05-16,SKU0025,92,0,21.0,28
2022-05-23,SKU0025,85,0,21.0,28
2022-05-30,SKU0025,82,0,21.0,28
2022-06-06,SKU0025,77,0,21.0,28
2022-06-13,SKU0025,74,0,21.0,28
2022-06-20,SKU0025,71,0,21.0,28
2022-06-27,SKU0025,65,0,21.0,28
2022-07-04,SKU0025,59,0,21.0,28
2022-07-11,SKU0025,53,0,21.0,28
2022-07-18,SKU0025,48,0,21.0,28
2022-07-25,SKU0025,43,0,21.0,28
2022-08-01,SKU0025,38,0,21.0,28
2022-08-08,SKU0025,34,0,21.0,28
2022-08-15,SKU0025,27,86,21.0,28
2022-08-22,SKU0025,67,92,21.0,28
2022-08-29,SKU0025,63,0,21.0,28
2022-09-05,SKU0025,56,0,21.0,28
2022-09-12,SKU0025,51,0,21.0,28
2022-09-19,SKU0025,42,0,21.0,28
2022-09-26,SKU0025,34,0,21.0,28
2022-10-03,SKU0025,84,91,21.0,28
2022-10-10,SKU0025,78,0,21.0,28
2022-10-17,SKU0025,68,0,21.0,28
2022-10-24,SKU0025,61,0,21.0,28
2022-10-31,SKU0025,52,0,21.0,28
2022-11-07,SKU0025,46,0,21.0,28
2022-11-14,SKU0025,38,0,21.0,28
2022-11-21,SKU0025,30,0,21.0,28
2022-11-28,SKU0025,98,83,21.0,28
2022-12-05,SKU0025,91,0,21.0,28
2022-12-12,SKU0025,86,0,21.0,28
2022-12-19,SKU0025,77,0,21.0,28
2022-12-26,SKU0025,71,0,21.0,28
2023-01-02,SKU0025,64,0,21.0,28
2023-01-09,SKU0025,53,0,21.0,28
2023-01-16,SKU0025,43,0,21.0,28
2023-01-23,SKU0025,32,0,21.0,28
2023-01-30,SKU0025,25,57,21.0,28
2023-02-06,SKU0025,77,77,21.0,28
2023-02-13,SKU0025,70,0,21.0,28
2023-02-20,SKU0025,63,0,21.0,28
2023-02-27,SKU0025,58,0,21.0,28
2023-03-06,SKU0025,54,0,21.0,28
2023-03-13,SKU0025,46,0,21.0,28
2023-03-20,SKU0025,38,0,21.0,28
2023-03-27,SKU0025,31,0,21.0,28
2023-04-03,SKU0025,26,65,21.0,28
2023-04-10,SKU0025,88,63,21.0,28
2023-04-17,SKU0025,83,0,21.0,28
2023-04-24,SKU0025,79,0,21.0,28
2023-05-01,SKU0025,72,0,21.0,28
2023-05-08,SKU0025,66,0,21.0,28
2023-05-15,SKU0025,60,0,21.0,28
2023-05-22,SKU0025,52,0,21.0,28
2023-05-29,SKU0025,47,0,21.0,28
2023-06-05,SKU0025,41,0,21.0,28
2023-06-12,SKU0025,36,0,21.0,28
2023-06-19,SKU0025,30,0,21.0,28
2023-06-26,SKU0025,23,70,21.0,28
2023-07-03,SKU0025,66,85,21.0,28
2023-07-10,SKU0025,60,0,21.0,28
2023-07-17,SKU0025,54,0,21.0,28
2023-07-24,SKU0025,50,0,21.0,28
2023-07-31,SKU0025,44,0,21.0,28
2023-08-07,SKU0025,37,0,21.0,28
2023-08-14,SKU0025,31,0,21.0,28
2023-08-21,SKU0025,76,92,21.0,28
2023-08-28,SKU0025,71,0,21.0,28
2023-09-04,SKU0025,65,0,21.0,28
2023-09-11,SKU0025,60,0,21.0,28
2023-09-18,SKU0025,49,0,21.0,28
2023-09-25,SKU0025,43,0,21.0,28
2023-10-02,SKU0025,38,0,21.0,28
2023-10-09,SKU0025,28,68,21.0,28
2023-10-16,SKU0025,17,68,21.0,28
2023-10-23,SKU0025,10,92,21.0,28
2023-10-30,SKU0025,4,90,21.0,28
2023-11-06,SKU0025,63,74,21.0,28
2023-11-13,SKU0025,53,0,21.0,28
2023-11-20,SKU0025,44,0,21.0,28
2023-11-27,SKU0025,37,0,21.0,28
2023-12-04,SKU0025,30,0,,28
2023-12-11,SKU0025,66,66,21.0,28
2023-12-18,SKU0025,54,0,21.0,28
2023-12-25,SKU0025,47,0,21.0,28
2022-01-03,SKU0026,42,178,30.0,89
2022-01-10,SKU0026,135,201,30.0,89
2022-01-17,SKU0026,120,0,30.0,89
2022-01-24,SKU0026,106,0,30.0,89
2022-01-31,SKU0026,86,166,30.0,89
2022-02-07,SKU0026,65,170,30.0,89
2022-02-14,SKU0026,50,120,30.0,89
2022-02-21,SKU0026,29,190,30.0,89
2022-02-28,SKU0026,173,146,30.0,89
2022-03-07,SKU0026,162,0,30.0,89
2022-03-14,SKU0026,144,0,30.0,89
2022-03-21,SKU0026,126,0,30.0,89
2022-03-28,SKU0026,118,0,30.0,89
2022-04-04,SKU0026,104,0,30.0,89
2022-04-11,SKU0026,90,0,30.0,89
2022-04-18,SKU0026,80,154,30.0,89
2022-04-25,SKU0026,68,120,30.0,89
2022-05-02,SKU0026,56,221,30.0,89
2022-05-09,SKU0026,182,220,30.0,89
2022-05-16,SKU0026,174,0,30.0,89
2022-05-23,SKU0026,160,0,30.0,89
2022-05-30,SKU0026,150,0,30.0,89
2022-06-06,SKU0026,134,0,30.0,89
2022-06-13,SKU0026,127,0,30.0,89
2022-06-20,SKU0026,112,0,30.0,89
2022-06-27,SKU0026,103,0,,89
2022-07-04,SKU0026,91,0,30.0,89
2022-07-11,SKU0026,82,147,30.0,89
2022-07-18,SKU0026,75,208,30.0,89
2022-07-25,SKU0026,176,218,30.0,89
2022-08-01,SKU0026,166,0,30.0,89
2022-08-08,SKU0026,159,0,30.0,89
2022-08-15,SKU0026,146,0,30.0,89
2022-08-22,SKU0026,136,0,30.0,89
2022-08-29,SKU0026,122,0,,89
2022-09-05,SKU0026,99,0,30.0,89
2022-09-12,SKU0026,214,210,30.0,89
2022-09-19,SKU0026,202,0,30.0,89
2022-09-26,SKU0026,183,0,30.0,89
2022-10-03,SKU0026,164,0,30.0,89
2022-10-10,SKU0026,154,0,30.0,89
2022-10-17,SKU0026,138,0,30.0,89
2022-10-24,SKU0026,125,0,30.0,89
2022-10-31,SKU0026,106,0,30.0,89
2022-11-07,SKU0026,218,187,30.0,89
2022-11-14,SKU0026,198,0,30.0,89
2022-11-21,SKU0026,180,0,30.0,89
2022-11-28,SKU0026,159,0,30.0,89
2022-12-05,SKU0026,143,0,30.0,89
2022-12-12,SKU0026,123,0,30.0,89
2022-12-19,SKU0026,108,0,30.0,89
2022-12-26,SKU0026,85,159,30.0,89
2023-01-02,SKU0026,220,167,30.0,89
2023-01-09,SKU0026,204,0,30.0,89
2023-01-16,SKU0026,193,0,30.0,89
2023-01-23,SKU0026,172,0,30.0,89
2023-01-30,SKU0026,148,0,30.0,89
2023-02-06,SKU0026,127,0,30.0,89
2023-02-13,SKU0026,103,0,30.0,89
2023-02-20,SKU0026,87,180,30.0,89
2023-02-27,SKU0026,62,170,30.0,89
2023-03-06,SKU0026,49,215,30.0,89
2023-03-13,SKU0026,40,219,30.0,89
2023-03-20,SKU0026,29,186,30.0,89
2023-03-27,SKU0026,19,119,30.0,89
2023-04-03,SKU0026,0,174,30.0,89
2023-04-10,SKU0026,117,221,30.0,89
2023-04-17,SKU0026,109,0,30.0,89
2023-04-24,SKU0026,94,0,30.0,89
2023-05-01,SKU0026,80,207,30.0,89
2023-05-08,SKU0026,189,146,30.0,89
2023-05-15,SKU0026,176,0,30.0,89
2023-05-22,SKU0026,162,0,30.0,89
2023-05-29,SKU0026,147,0,30.0,89
2023-06-05,SKU0026,133,0,30.0,89
2023-06-12,SKU0026,121,0,30.0,89
2023-06-19,SKU0026,109,0,30.0,89
2023-06-26,SKU0026,97,0,30.0,89
2023-07-03,SKU0026,178,200,30.0,89
2023-07-10,SKU0026,167,0,30.0,89
2023-07-17,SKU0026,156,0,30.0,89
2023-07-24,SKU0026,145,0,30.0,89
2023-07-31,SKU0026,134,0,30.0,89
2023-08-07,SKU0026,126,0,30.0,89
2023-08-14,SKU0026,111,0,30.0,89
2023-08-21,SKU0026,97,0,30.0,89
2023-08-28,SKU0026,81,150,30.0,89
2023-09-04,SKU0026,226,136,30.0,89
2023-09-11,SKU0026,210,0,,89
2023-09-18,SKU0026,190,0,30.0,89
2023-09-25,SKU0026,178,0,30.0,89
2023-10-02,SKU0026,157,0,30.0,89
2023-10-09,SKU0026,146,0,30.0,89
2023-10-16,SKU0026,131,0,30.0,89
2023-10-23,SKU0026,114,0,30.0,89
2023-10-30,SKU0026,93,0,30.0,89
2023-11-06,SKU0026,77,172,30.0,89
2023-11-13,SKU0026,137,207,30.0,89
2023-11-20,SKU0026,113,0,30.0,89
2023-11-27,SKU0026,95,0,30.0,89
2023-12-04,SKU0026,75,181,30.0,89
2023-12-11,SKU0026,169,197,30.0,89
2023-12-18,SKU0026,143,0,30.0,89
2023-12-25,SKU0026,125,0,30.0,89
2022-01-03,SKU0027,31,43,21.0,13
2022-01-10,SKU0027,29,0,21.0,13
2022-01-17,SKU0027,25,0,21.0,13
2022-01-24,SKU0027,20,0,21.0,13
2022-01-31,SKU0027,17,0,21.0,13
2022-02-07,SKU0027,37,36,21.0,13
2022-02-14,SKU0027,35,0,21.0,13
2022-02-21,SKU0027,31,0,21.0,13
2022-02-28,SKU0027,29,0,21.0,13
2022-03-07,SKU0027,25,0,21.0,13
2022-03-14,SKU0027,23,0,21.0,13
2022-03-21,SKU0027,20,0,21.0,13
2022-03-28,SKU0027,19,0,21.0,13
2022-04-04,SKU0027,17,0,21.0,13
2022-04-11,SKU0027,13,43,21.0,13
2022-04-18,SKU0027,10,33,21.0,13
2022-04-25,SKU0027,7,36,21.0,13
2022-05-02,SKU0027,38,37,21.0,13
2022-05-09,SKU0027,34,0,21.0,13
2022-05-16,SKU0027,31,0,21.0,13
2022-05-23,SKU0027,28,0,21.0,13
2022-05-30,SKU0027,25,0,21.0,13
2022-06-06,SKU0027,23,0,21.0,13
2022-06-13,SKU0027,20,0,21.0,13
2022-06-20,SKU0027,18,0,21.0,13
2022-06-27,SKU0027,17,0,21.0,13
2022-07-04,SKU0027,16,0,21.0,13
2022-07-11,SKU0027,13,26,21.0,13
2022-07-18,SKU0027,11,41,21.0,13
2022-07-25,SKU0027,9,24,21.0,13
2022-08-01,SKU0027,35,46,21.0,13
2022-08-08,SKU0027,32,0,21.0,13
2022-08-15,SKU0027,29,0,21.0,13
2022-08-22,SKU0027,27,0,21.0,13
2022-08-29,SKU0027,25,0,21.0,13
2022-09-05,SKU0027,23,0,21.0,13
2022-09-12,SKU0027,21,0,21.0,13
2022-09-19,SKU0027,18,0,21.0,13
2022-09-26,SKU0027,32,43,21.0,13
2022-10-03,SKU0027,28,0,21.0,13
2022-10-10,SKU0027,26,0,21.0,13
2022-10-17,SKU0027,21,0,21.0,13
2022-10-24,SKU0027,18,0,21.0,13
2022-10-31,SKU0027,14,0,21.0,13
2022-11-07,SKU0027,9,29,21.0,13
2022-11-14,SKU0027,7,35,21.0,13
2022-11-21,SKU0027,4,41,21.0,13
2022-11-28,SKU0027,2,27,21.0,13
2022-12-05,SKU0027,20,46,21.0,13
2022-12-12,SKU0027,15,0,21.0,13
2022-12-19,SKU0027,36,34,21.0,13
2022-12-26,SKU0027,33,0,21.0,13
2023-01-02,SKU0027,30,0,21.0,13
2023-01-09,SKU0027,27,0,21.0,13
2023-01-16,SKU0027,22,0,21.0,13
2023-01-23,SKU0027,17,0,21.0,13
2023-01-30,SKU0027,42,39,21.0,13
2023-02-06,SKU0027,38,0,21.0,13
2023-02-13,SKU0027,35,0,21.0,13
2023-02-20,SKU0027,31,0,21.0,13
2023-02-27,SKU0027,26,0,21.0,13
2023-03-06,SKU0027,23,0,21.0,13
2023-03-13,SKU0027,20,0,21.0,13
2023-03-20,SKU0027,17,0,21.0,13
2023-03-27,SKU0027,14,0,21.0,13
2023-04-03,SKU0027,45,37,21.0,13
2023-04-10,SKU0027,42,0,21.0,13
2023-04-17,SKU0027,39,0,21.0,13
2023-04-24,SKU0027,36,0,21.0,13
2023-05-01,SKU0027,33,0,21.0,13
2023-05-08,SKU0027,31,0,21.0,13
2023-05-15,SKU0027,28,0,21.0,13
2023-05-22,SKU0027,25,0,21.0,13
2023-05-29,SKU0027,24,0,21.0,13
2023-06-05,SKU0027,21,0,21.0,13
2023-06-12,SKU0027,19,0,21.0,13
2023-06-19,SKU0027,16,0,21.0,13
2023-06-26,SKU0027,13,33,21.0,13
2023-07-03,SKU0027,30,34,21.0,13
2023-07-10,SKU0027,28,0,21.0,13
2023-07-17,SKU0027,26,0,21.0,13
2023-07-24,SKU0027,23,0,21.0,13
2023-07-31,SKU0027,21,0,21.0,13
2023-08-07,SKU0027,19,0,21.0,13
2023-08-14,SKU0027,16,0,21.0,13
2023-08-21,SKU0027,15,0,21.0,13
2023-08-28,SKU0027,14,0,21.0,13
2023-09-04,SKU0027,11,28,21.0,13
2023-09-11,SKU0027,33,37,21.0,13
2023-09-18,SKU0027,31,0,21.0,13
2023-09-25,SKU0027,27,0,21.0,13
2023-10-02,SKU0027,25,0,21.0,13
2023-10-09,SKU0027,22,0,21.0,13
2023-10-16,SKU0027,19,0,21.0,13
2023-10-23,SKU0027,14,0,21.0,13
2023-10-30,SKU0027,34,31,21.0,13
2023-11-06,SKU0027,30,0,21.0,13
2023-11-13,SKU0027,26,0,21.0,13
2023-11-20,SKU0027,24,0,21.0,13
2023-11-27,SKU0027,22,0,21.0,13
2023-12-04,SKU0027,19,0,21.0,13
2023-12-11,SKU0027,16,0,21.0,13
2023-12-18,SKU0027,11,43,21.0,13
2023-12-25,SKU0027,30,31,21.0,13
2022-01-03,SKU0028,191,0,10.0,40
2022-01-10,SKU0028,157,0,10.0,40
2022-01-17,SKU0028,135,0,10.0,40
2022-01-24,SKU0028,114,0,10.0,40
2022-01-31,SKU0028,86,0,,40
2022-02-07,SKU0028,67,0,10.0,40
2022-02-14,SKU0028,34,241,,40
2022-02-21,SKU0028,0,203,10.0,40
2022-02-28,SKU0028,0,280,10.0,40
2022-03-07,SKU0028,180,183,10.0,40
2022-03-14,SKU0028,167,0,10.0,40
2022-03-21,SKU0028,155,0,10.0,40
2022-03-28,SKU0028,137,0,10.0,40
2022-04-04,SKU0028,115,0,10.0,40
2022-04-11,SKU0028,96,0,10.0,40
2022-04-18,SKU0028,77,0,10.0,40
2022-04-25,SKU0028,52,0,10.0,40
2022-05-02,SKU0028,40,199,,40
2022-05-09,SKU0028,188,169,10.0,40
2022-05-16,SKU0028,174,0,10.0,40
2022-05-23,SKU0028,160,0,10.0,40
2022-05-30,SKU0028,134,0,10.0,40
2022-06-06,SKU0028,113,0,10.0,40
2022-06-13,SKU0028,103,0,10.0,40
2022-06-20,SKU0028,83,0,10.0,40
2022-06-27,SKU0028,67,0,10.0,40
2022-07-04,SKU0028,49,0,10.0,40
2022-07-11,SKU0028,239,281,10.0,40
2022-07-18,SKU0028,217,0,10.0,40
2022-07-25,SKU0028,198,0,10.0,40
2022-08-01,SKU0028,179,0,10.0,40
2022-08-08,SKU0028,159,0,10.0,40
2022-08-15,SKU0028,142,0,10.0,40
2022-08-22,SKU0028,129,0,10.0,40
2022-08-29,SKU0028,120,0,10.0,40
2022-09-05,SKU0028,102,0,10.0,40
2022-09-12,SKU0028,71,0,10.0,40
2022-09-19,SKU0028,56,0,10.0,40
2022-09-26,SKU0028,253,183,10.0,40
2022-10-03,SKU0028,235,0,10.0,40
2022-10-10,SKU0028,206,0,10.0,40
2022-10-17,SKU0028,177,0,10.0,40
2022-10-24,SKU0028,159,0,10.0,40
2022-10-31,SKU0028,142,0,10.0,40
2022-11-07,SKU0028,115,0,10.0,40
2022-11-14,SKU0028,87,0,,40
2022-11-21,SKU0028,68,0,10.0,40
2022-11-28,SKU0028,52,0,10.0,40
2022-12-05,SKU0028,202,296,10.0,40
2022-12-12,SKU0028,180,0,10.0,40
2022-12-19,SKU0028,160,0,10.0,40
2022-12-26,SKU0028,144,0,10.0,40
2023-01-02,SKU0028,110,0,10.0,40
2023-01-09,SKU0028,83,0,10.0,40
2023-01-16,SKU0028,61,0,10.0,40
2023-01-23,SKU0028,194,236,10.0,40
2023-01-30,SKU0028,168,0,10.0,40
2023-02-06,SKU0028,136,0,10.0,40
2023-02-13,SKU0028,106,0,10.0,40
2023-02-20,SKU0028,72,0,10.0,40
2023-02-27,SKU0028,42,0,10.0,40
2023-03-06,SKU0028,22,251,10.0,40
2023-03-13,SKU0028,2,227,10.0,40
2023-03-20,SKU0028,165,296,10.0,40
2023-03-27,SKU0028,141,0,10.0,40
2023-04-03,SKU0028,115,0,10.0,40
2023-04-10,SKU0028,100,0,10.0,40
2023-04-17,SKU0028,77,0,10.0,40
2023-04-24,SKU0028,52,0,10.0,40
2023-05-01,SKU0028,231,294,10.0,40
2023-05-08,SKU0028,211,0,10.0,40
2023-05-15,SKU0028,197,0,10.0,40
2023-05-22,SKU0028,178,0,10.0,40
2023-05-29,SKU0028,166,0,10.0,40
2023-06-05,SKU0028,153,0,10.0,40
2023-06-12,SKU0028,131,0,10.0,40
2023-06-19,SKU0028,120,0,10.0,40
2023-06-26,SKU0028,99,0,10.0,40
2023-07-03,SKU0028,88,0,10.0,40
2023-07-10,SKU0028,66,0,10.0,40
2023-07-17,SKU0028,52,0,10.0,40
2023-07-24,SKU0028,34,230,10.0,40
2023-07-31,SKU0028,21,186,10.0,40
2023-08-07,SKU0028,10,223,10.0,40
2023-08-14,SKU0028,218,303,10.0,40
2023-08-21,SKU0028,198,0,10.0,40
2023-08-28,SKU0028,187,0,10.0,40
2023-09-04,SKU0028,171,0,10.0,40
2023-09-11,SKU0028,147,0,10.0,40
2023-09-18,SKU0028,127,0,10.0,40
2023-09-25,SKU0028,109,0,10.0,40
2023-10-02,SKU0028,91,0,10.0,40
2023-10-09,SKU0028,62,0,10.0,40
2023-10-16,SKU0028,185,203,10.0,40
2023-10-23,SKU0028,156,0,10.0,40
2023-10-30,SKU0028,141,0,10.0,40
2023-11-06,SKU0028,120,0,10.0,40
2023-11-13,SKU0028,92,0,10.0,40
2023-11-20,SKU0028,70,0,10.0,40
2023-11-27,SKU0028,48,0,10.0,40
2023-12-04,SKU0028,26,305,10.0,40
2023-12-11,SKU0028,0,194,10.0,40
2023-12-18,SKU0028,146,166,10.0,40
2023-12-25,SKU0028,120,0,10.0,40
2022-01-03,SKU0029,39,0,10.0,12
2022-01-10,SKU0029,33,0,10.0,12
2022-01-17,SKU0029,28,0,10.0,12
2022-01-24,SKU0029,23,0,10.0,12
2022-01-31,SKU0029,18,0,10.0,12
2022-02-07,SKU0029,7,84,10.0,12
2022-02-14,SKU0029,1,90,10.0,12
2022-02-21,SKU0029,0,49,10.0,12
2022-02-28,SKU0029,0,94,10.0,12
2022-03-07,SKU0029,0,89,10.0,12
2022-03-14,SKU0029,0,86,10.0,12
2022-03-21,SKU0029,0,85,10.0,12
2022-03-28,SKU0029,47,69,10.0,12
2022-04-04,SKU0029,43,0,10.0,12
2022-04-11,SKU0029,37,0,10.0,12
2022-04-18,SKU0029,33,0,10.0,12
2022-04-25,SKU0029,28,0,10.0,12
2022-05-02,SKU0029,23,0,10.0,12
2022-05-09,SKU0029,18,0,10.0,12
2022-05-16,SKU0029,13,0,10.0,12
2022-05-23,SKU0029,7,86,10.0,12
2022-05-30,SKU0029,0,52,10.0,12
2022-06-06,SKU0029,42,48,10.0,12
2022-06-13,SKU0029,38,0,10.0,12
2022-06-20,SKU0029,32,0,10.0,12
2022-06-27,SKU0029,28,0,10.0,12
2022-07-04,SKU0029,22,0,10.0,12
2022-07-11,SKU0029,17,0,10.0,12
2022-07-18,SKU0029,56,94,10.0,12
2022-07-25,SKU0029,50,0,10.0,12
2022-08-01,SKU0029,47,0,10.0,12
2022-08-08,SKU0029,42,0,10.0,12
2022-08-15,SKU0029,36,0,10.0,12
2022-08-22,SKU0029,30,0,10.0,12
2022-08-29,SKU0029,26,0,10.0,12
2022-09-05,SKU0029,21,0,10.0,12
2022-09-12,SKU0029,11,94,10.0,12
2022-09-19,SKU0029,3,67,10.0,12
2022-09-26,SKU0029,0,74,10.0,12
2022-10-03,SKU0029,0,71,10.0,12
2022-10-10,SKU0029,70,71,10.0,12
2022-10-17,SKU0029,62,0,10.0,12
2022-10-24,SKU0029,55,0,10.0,12
2022-10-31,SKU0029,46,0,10.0,12
2022-11-07,SKU0029,36,0,10.0,12
2022-11-14,SKU0029,28,0,10.0,12
2022-11-21,SKU0029,20,0,10.0,12
2022-11-28,SKU0029,12,77,10.0,12
2022-12-05,SKU0029,6,84,10.0,12
2022-12-12,SKU0029,0,71,,12
2022-12-19,SKU0029,54,87,10.0,12
2022-12-26,SKU0029,46,0,10.0,12
2023-01-02,SKU0029,38,0,10.0,12
2023-01-09,SKU0029,33,0,10.0,12
2023-01-16,SKU0029,27,0,10.0,12
2023-01-23,SKU0029,19,0,10.0,12
2023-01-30,SKU0029,13,0,10.0,12
2023-02-06,SKU0029,74,57,10.0,12
2023-02-13,SKU0029,65,0,10.0,12
2023-02-20,SKU0029,54,0,10.0,12
2023-02-27,SKU0029,47,0,10.0,12
2023-03-06,SKU0029,39,0,10.0,12
2023-03-13,SKU0029,34,0,10.0,12
2023-03-20,SKU0029,28,0,10.0,12
2023-03-27,SKU0029,22,0,10.0,12
2023-04-03,SKU0029,17,0,10.0,12
2023-04-10,SKU0029,10,75,10.0,12
2023-04-17,SKU0029,3,75,10.0,12
2023-04-24,SKU0029,35,84,10.0,12
2023-05-01,SKU0029,31,0,10.0,12
2023-05-08,SKU0029,26,0,10.0,12
2023-05-15,SKU0029,22,0,10.0,12
2023-05-22,SKU0029,15,0,10.0,12
2023-05-29,SKU0029,61,52,10.0,12
2023-06-05,SKU0029,56,0,10.0,12
2023-06-12,SKU0029,50,0,10.0,12
2023-06-19,SKU0029,45,0,10.0,12
2023-06-26,SKU0029,42,0,10.0,12
2023-07-03,SKU0029,38,0,10.0,12
2023-07-10,SKU0029,35,0,10.0,12
2023-07-17,SKU0029,29,0,10.0,12
2023-07-24,SKU0029,24,0,,12
2023-07-31,SKU0029,20,0,10.0,12
2023-08-07,SKU0029,15,0,10.0,12
2023-08-14,SKU0029,57,77,10.0,12
2023-08-21,SKU0029,53,0,10.0,12
2023-08-28,SKU0029,48,0,10.0,12
2023-09-04,SKU0029,44,0,10.0,12
2023-09-11,SKU0029,38,0,10.0,12
2023-09-18,SKU0029,31,0,10.0,12
2023-09-25,SKU0029,23,0,10.0,12
2023-10-02,SKU0029,18,0,10.0,12
2023-10-09,SKU0029,12,93,10.0,12
2023-10-16,SKU0029,6,61,10.0,12
2023-10-23,SKU0029,47,90,10.0,12
2023-10-30,SKU0029,43,0,10.0,12
2023-11-06,SKU0029,36,0,,12
2023-11-13,SKU0029,27,0,10.0,12
2023-11-20,SKU0029,22,0,10.0,12
2023-11-27,SKU0029,59,52,10.0,12
2023-12-04,SKU0029,48,0,10.0,12
2023-12-11,SKU0029,42,0,10.0,12
2023-12-18,SKU0029,34,0,10.0,12
2023-12-25,SKU0029,27,0,10.0,12
2022-01-03,SKU0030,97,0,7.0,12
2022-01-10,SKU0030,81,0,7.0,12
2022-01-17,SKU0030,65,0,7.0,12
2022-01-24,SKU0030,49,0,7.0,12
2022-01-31,SKU0030,34,0,7.0,12
2022-02-07,SKU0030,25,0,7.0,12
2022-02-14,SKU0030,16,0,7.0,12
2022-02-21,SKU0030,1,78,7.0,12
2022-02-28,SKU0030,96,104,7.0,12
2022-03-07,SKU0030,87,0,7.0,12
2022-03-14,SKU0030,76,0,7.0,12
2022-03-21,SKU0030,65,0,7.0,12
2022-03-28,SKU0030,60,0,7.0,12
2022-04-04,SKU0030,49,0,7.0,12
2022-04-11,SKU0030,41,0,7.0,12
2022-04-18,SKU0030,32,0,7.0,12
2022-04-25,SKU0030,22,0,7.0,12
2022-05-02,SKU0030,12,109,7.0,12
2022-05-09,SKU0030,7,82,7.0,12
2022-05-16,SKU0030,0,72,7.0,12
2022-05-23,SKU0030,0,128,7.0,12
2022-05-30,SKU0030,0,73,7.0,12
2022-06-06,SKU0030,85,135,7.0,12
2022-06-13,SKU0030,80,0,7.0,12
2022-06-20,SKU0030,76,0,7.0,12
2022-06-27,SKU0030,67,0,7.0,12
2022-07-04,SKU0030,59,0,7.0,12
2022-07-11,SKU0030,52,0,7.0,12
2022-07-18,SKU0030,46,0,7.0,12
2022-07-25,SKU0030,42,0,,12
2022-08-01,SKU0030,36,0,7.0,12
2022-08-08,SKU0030,27,0,7.0,12
2022-08-15,SKU0030,19,0,7.0,12
2022-08-22,SKU0030,88,110,7.0,12
2022-08-29,SKU0030,82,0,7.0,12
2022-09-05,SKU0030,74,0,7.0,12
2022-09-12,SKU0030,60,0,7.0,12
2022-09-19,SKU0030,48,0,7.0,12
2022-09-26,SKU0030,42,0,,12
2022-10-03,SKU0030,29,0,7.0,12
2022-10-10,SKU0030,19,0,7.0,12
2022-10-17,SKU0030,11,90,7.0,12
2022-10-24,SKU0030,79,132,7.0,12
2022-10-31,SKU0030,72,0,7.0,12
2022-11-07,SKU0030,64,0,7.0,12
2022-11-14,SKU0030,58,0,7.0,12
2022-11-21,SKU0030,46,0,7.0,12
2022-11-28,SKU0030,37,0,7.0,12
2022-12-05,SKU0030,24,0,7.0,12
2022-12-12,SKU0030,13,0,7.0,12
2022-12-19,SKU0030,82,107,7.0,12
2022-12-26,SKU0030,72,0,7.0,12
2023-01-02,SKU0030,63,0,7.0,12
2023-01-09,SKU0030,51,0,7.0,12
2023-01-16,SKU0030,35,0,7.0,12
2023-01-23,SKU0030,26,0,7.0,12
2023-01-30,SKU0030,14,0,7.0,12
2023-02-06,SKU0030,88,82,7.0,12
2023-02-13,SKU0030,78,0,7.0,12
2023-02-20,SKU0030,64,0,,12
2023-02-27,SKU0030,53,0,7.0,12
2023-03-06,SKU0030,47,0,7.0,12
2023-03-13,SKU0030,36,0,7.0,12
2023-03-20,SKU0030,27,0,7.0,12
2023-03-27,SKU0030,22,0,7.0,12
2023-04-03,SKU0030,12,137,7.0,12
2023-04-10,SKU0030,63,125,7.0,12
2023-04-17,SKU0030,55,0,7.0,12
2023-04-24,SKU0030,49,0,7.0,12
2023-05-01,SKU0030,41,0,7.0,12
2023-05-08,SKU0030,30,0,7.0,12
2023-05-15,SKU0030,23,0,7.0,12
2023-05-22,SKU0030,12,91,7.0,12
2023-05-29,SKU0030,3,136,7.0,12
2023-06-05,SKU0030,0,78,7.0,12
2023-06-12,SKU0030,0,136,7.0,12
2023-06-19,SKU0030,59,100,7.0,12
2023-06-26,SKU0030,49,0,7.0,12
2023-07-03,SKU0030,40,0,7.0,12
2023-07-10,SKU0030,33,0,7.0,12
2023-07-17,SKU0030,28,0,7.0,12
2023-07-24,SKU0030,22,0,7.0,12
2023-07-31,SKU0030,16,0,7.0,12
2023-08-07,SKU0030,70,74,7.0,12
2023-08-14,SKU0030,63,0,7.0,12
2023-08-21,SKU0030,55,0,7.0,12
2023-08-28,SKU0030,46,0,7.0,12
2023-09-04,SKU0030,33,0,7.0,12
2023-09-11,SKU0030,25,0,7.0,12
2023-09-18,SKU0030,15,0,7.0,12
2023-09-25,SKU0030,6,121,7.0,12
2023-10-02,SKU0030,72,124,7.0,12
2023-10-09,SKU0030,65,0,7.0,12
2023-10-16,SKU0030,58,0,7.0,12
2023-10-23,SKU0030,48,0,7.0,12
2023-10-30,SKU0030,42,0,7.0,12
2023-11-06,SKU0030,33,0,7.0,12
2023-11-13,SKU0030,23,0,7.0,12
2023-11-20,SKU0030,16,0,7.0,12
2023-11-27,SKU0030,9,97,7.0,12
2023-12-04,SKU0030,0,134,7.0,12
2023-12-11,SKU0030,0,131,7.0,12
2023-12-18,SKU0030,93,89,7.0,12
2023-12-25,SKU0030,83,0,7.0,12
2022-01-03,SKU0031,74,52,10.0,12
2022-01-10,SKU0031,68,0,10.0,12
2022-01-17,SKU0031,62,0,10.0,12
2022-01-24,SKU0031,53,0,10.0,12
2022-01-31,SKU0031,46,0,10.0,12
2022-02-07,SKU0031,40,0,10.0,12
2022-02-14,SKU0031,33,0,10.0,12
2022-02-21,SKU0031,23,0,10.0,12
2022-02-28,SKU0031,13,0,10.0,12
2022-03-07,SKU0031,6,48,10.0,12
2022-03-14,SKU0031,65,85,10.0,12
2022-03-21,SKU0031,59,0,10.0,12
2022-03-28,SKU0031,51,0,10.0,12
2022-04-04,SKU0031,47,0,10.0,12
2022-04-11,SKU0031,42,0,10.0,12
2022-04-18,SKU0031,37,0,10.0,12
2022-04-25,SKU0031,32,0,10.0,12
2022-05-02,SKU0031,25,0,10.0,12
2022-05-09,SKU0031,19,0,10.0,12
2022-05-16,SKU0031,16,0,10.0,12
2022-05-23,SKU0031,11,78,10.0,12
2022-05-30,SKU0031,5,69,10.0,12
2022-06-06,SKU0031,39,72,10.0,12
2022-06-13,SKU0031,35,0,10.0,12
2022-06-20,SKU0031,32,0,10.0,12
2022-06-27,SKU0031,29,0,10.0,12
2022-07-04,SKU0031,24,0,10.0,12
2022-07-11,SKU0031,20,0,10.0,12
2022-07-18,SKU0031,15,0,10.0,12
2022-07-25,SKU0031,66,52,10.0,12
2022-08-01,SKU0031,60,0,,12
2022-08-08,SKU0031,53,0,10.0,12
2022-08-15,SKU0031,50,0,10.0,12
2022-08-22,SKU0031,45,0,10.0,12
2022-08-29,SKU0031,41,0,10.0,12
2022-09-05,SKU0031,33,0,10.0,12
2022-09-12,SKU0031,28,0,10.0,12
2022-09-19,SKU0031,23,0,10.0,12
2022-09-26,SKU0031,14,0,10.0,12
2022-10-03,SKU0031,59,49,10.0,12
2022-10-10,SKU0031,53,0,10.0,12
2022-10-17,SKU0031,47,0,10.0,12
2022-10-24,SKU0031,41,0,10.0,12
2022-10-31,SKU0031,32,0,10.0,12
2022-11-07,SKU0031,28,0,10.0,12
2022-11-14,SKU0031,19,0,10.0,12
2022-11-21,SKU0031,14,0,10.0,12
2022-11-28,SKU0031,7,49,10.0,12
2022-12-05,SKU0031,0,60,10.0,12
2022-12-12,SKU0031,55,90,10.0,12
2022-12-19,SKU0031,47,0,10.0,12
2022-12-26,SKU0031,38,0,10.0,12
2023-01-02,SKU0031,29,0,10.0,12
2023-01-09,SKU0031,22,0,10.0,12
2023-01-16,SKU0031,11,85,,12
2023-01-23,SKU0031,42,94,10.0,12
2023-01-30,SKU0031,33,0,10.0,12
2023-02-06,SKU0031,26,0,10.0,12
2023-02-13,SKU0031,20,0,10.0,12
2023-02-20,SKU0031,52,93,10.0,12
2023-02-27,SKU0031,41,0,10.0,12
2023-03-06,SKU0031,35,0,10.0,12
2023-03-13,SKU0031,27,0,10.0,12
2023-03-20,SKU0031,23,0,10.0,12
2023-03-27,SKU0031,18,0,10.0,12
2023-04-03,SKU0031,11,84,10.0,12
2023-04-10,SKU0031,70,65,10.0,12
2023-04-17,SKU0031,66,0,10.0,12
2023-04-24,SKU0031,59,0,10.0,12
2023-05-01,SKU0031,55,0,10.0,12
2023-05-08,SKU0031,51,0,10.0,12
2023-05-15,SKU0031,46,0,10.0,12
2023-05-22,SKU0031,42,0,10.0,12
2023-05-29,SKU0031,35,0,10.0,12
2023-06-05,SKU0031,32,0,10.0,12
2023-06-12,SKU0031,28,0,10.0,12
2023-06-19,SKU0031,25,0,10.0,12
2023-06-26,SKU0031,20,0,10.0,12
2023-07-03,SKU0031,17,0,10.0,12
2023-07-10,SKU0031,14,0,10.0,12
2023-07-17,SKU0031,8,77,10.0,12
2023-07-24,SKU0031,70,50,10.0,12
2023-07-31,SKU0031,66,0,10.0,12
2023-08-07,SKU0031,63,0,10.0,12
2023-08-14,SKU0031,60,0,10.0,12
2023-08-21,SKU0031,56,0,10.0,12
2023-08-28,SKU0031,50,0,10.0,12
2023-09-04,SKU0031,40,0,10.0,12
2023-09-11,SKU0031,31,0,10.0,12
2023-09-18,SKU0031,26,0,10.0,12
2023-09-25,SKU0031,17,0,10.0,12
2023-10-02,SKU0031,10,79,10.0,12
2023-10-09,SKU0031,5,50,10.0,12
2023-10-16,SKU0031,0,82,10.0,12
2023-10-23,SKU0031,0,67,10.0,12
2023-10-30,SKU0031,37,79,10.0,12
2023-11-06,SKU0031,30,0,10.0,12
2023-11-13,SKU0031,24,0,10.0,12
2023-11-20,SKU0031,15,0,,12
2023-11-27,SKU0031,51,88,10.0,12
2023-12-04,SKU0031,41,0,10.0,12
2023-12-11,SKU0031,33,0,10.0,12
2023-12-18,SKU0031,26,0,10.0,12
2023-12-25,SKU0031,15,0,10.0,12
2022-01-03,SKU0032,615,0,10.0,241
2022-01-10,SKU0032,421,0,10.0,241
2022-01-17,SKU0032,210,1418,10.0,241
2022-01-24,SKU0032,109,1673,,241
2022-01-31,SKU0032,0,1637,10.0,241
2022-02-07,SKU0032,0,1264,10.0,241
2022-02-14,SKU0032,683,1387,10.0,241
2022-02-21,SKU0032,468,0,10.0,241
2022-02-28,SKU0032,331,0,10.0,241
2022-03-07,SKU0032,221,1398,10.0,241
2022-03-14,SKU0032,106,1242,10.0,241
2022-03-21,SKU0032,0,1563,10.0,241
2022-03-28,SKU0032,1115,920,10.0,241
2022-04-04,SKU0032,975,0,10.0,241
2022-04-11,SKU0032,834,0,10.0,241
2022-04-18,SKU0032,756,0,10.0,241
2022-04-25,SKU0032,674,0,10.0,241
2022-05-02,SKU0032,567,0,10.0,241
2022-05-09,SKU0032,487,0,10.0,241
2022-05-16,SKU0032,387,0,10.0,241
2022-05-23,SKU0032,250,0,10.0,241
2022-05-30,SKU0032,104,1122,10.0,241
2022-06-06,SKU0032,0,1113,10.0,241
2022-06-13,SKU0032,0,1623,10.0,241
2022-06-20,SKU0032,0,1245,10.0,241
2022-06-27,SKU0032,0,1585,10.0,241
2022-07-04,SKU0032,0,1561,10.0,241
2022-07-11,SKU0032,0,1782,10.0,241
2022-07-18,SKU0032,0,1530,10.0,241
2022-07-25,SKU0032,1218,1280,10.0,241
2022-08-01,SKU0032,1126,0,10.0,241
2022-08-08,SKU0032,1018,0,10.0,241
2022-08-15,SKU0032,905,0,10.0,241
2022-08-22,SKU0032,805,0,10.0,241
2022-08-29,SKU0032,732,0,10.0,241
2022-09-05,SKU0032,582,0,10.0,241
2022-09-12,SKU0032,479,0,10.0,241
2022-09-19,SKU0032,341,0,10.0,241
2022-09-26,SKU0032,161,1493,10.0,241
2022-10-03,SKU0032,1239,1729,10.0,241
2022-10-10,SKU0032,1108,0,10.0,241
2022-10-17,SKU0032,1003,0,10.0,241
2022-10-24,SKU0032,807,0,10.0,241
2022-10-31,SKU0032,616,0,10.0,241
2022-11-07,SKU0032,485,0,10.0,241
2022-11-14,SKU0032,307,0,10.0,241
2022-11-21,SKU0032,211,1672,10.0,241
2022-11-28,SKU0032,44,1565,10.0,241
2022-12-05,SKU0032,0,926,10.0,241
2022-12-12,SKU0032,0,1384,10.0,241
2022-12-19,SKU0032,0,1377,10.0,241
2022-12-26,SKU0032,0,1441,10.0,241
2023-01-02,SKU0032,0,1100,10.0,241
2023-01-09,SKU0032,717,1162,10.0,241
2023-01-16,SKU0032,544,0,10.0,241
2023-01-23,SKU0032,394,0,10.0,241
2023-01-30,SKU0032,299,0,10.0,241
2023-02-06,SKU0032,1282,1743,10.0,241
2023-02-13,SKU0032,1134,0,10.0,241
2023-02-20,SKU0032,923,0,10.0,241
2023-02-27,SKU0032,811,0,10.0,241
2023-03-06,SKU0032,676,0,10.0,241
2023-03-13,SKU0032,564,0,10.0,241
2023-03-20,SKU0032,496,0,10.0,241
2023-03-27,SKU0032,348,0,10.0,241
2023-04-03,SKU0032,1101,1323,10.0,241
2023-04-10,SKU0032,946,0,10.0,241
2023-04-17,SKU0032,836,0,10.0,241
2023-04-24,SKU0032,681,0,10.0,241
2023-05-01,SKU0032,559,0,10.0,241
2023-05-08,SKU0032,421,0,10.0,241
2023-05-15,SKU0032,279,0,10.0,241
2023-05-22,SKU0032,137,1121,10.0,241
2023-05-29,SKU0032,12,1743,10.0,241
2023-06-05,SKU0032,1326,1127,10.0,241
2023-06-12,SKU0032,1221,0,10.0,241
2023-06-19,SKU0032,1096,0,10.0,241
2023-06-26,SKU0032,1036,0,10.0,241
2023-07-03,SKU0032,924,0,10.0,241
2023-07-10,SKU0032,830,0,10.0,241
2023-07-17,SKU0032,727,0,10.0,241
2023-07-24,SKU0032,639,0,10.0,241
2023-07-31,SKU0032,558,0,10.0,241
2023-08-07,SKU0032,457,0,10.0,241
2023-08-14,SKU0032,382,0,10.0,241
2023-08-21,SKU0032,322,0,10.0,241
2023-08-28,SKU0032,199,1412,10.0,241
2023-09-04,SKU0032,795,1779,10.0,241
2023-09-11,SKU0032,669,0,10.0,241
2023-09-18,SKU0032,502,0,10.0,241
2023-09-25,SKU0032,348,0,10.0,241
2023-10-02,SKU0032,157,1680,10.0,241
2023-10-09,SKU0032,40,1189,10.0,241
2023-10-16,SKU0032,1220,1781,10.0,241
2023-10-23,SKU0032,1109,0,10.0,241
2023-10-30,SKU0032,952,0,10.0,241
2023-11-06,SKU0032,790,0,10.0,241
2023-11-13,SKU0032,691,0,10.0,241
2023-11-20,SKU0032,557,0,10.0,241
2023-11-27,SKU0032,402,0,10.0,241
2023-12-04,SKU0032,292,0,10.0,241
2023-12-11,SKU0032,72,1384,10.0,241
2023-12-18,SKU0032,0,1734,10.0,241
2023-12-25,SKU0032,1334,1074,10.0,241
2022-01-03,SKU0033,73,155,30.0,77
2022-01-10,SKU0033,51,187,30.0,77
2022-01-17,SKU0033,106,113,30.0,77
2022-01-24,SKU0033,93,0,30.0,77
2022-01-31,SKU0033,80,0,30.0,77
2022-02-07,SKU0033,142,175,30.0,77
2022-02-14,SKU0033,132,0,30.0,77
2022-02-21,SKU0033,112,0,30.0,77
2022-02-28,SKU0033,100,0,30.0,77
2022-03-07,SKU0033,93,0,30.0,77
2022-03-14,SKU0033,79,0,30.0,77
2022-03-21,SKU0033,66,130,30.0,77
2022-03-28,SKU0033,55,151,30.0,77
2022-04-04,SKU0033,45,102,30.0,77
2022-04-11,SKU0033,166,187,30.0,77
2022-04-18,SKU0033,152,0,30.0,77
2022-04-25,SKU0033,137,0,,77
2022-05-02,SKU0033,123,0,30.0,77
2022-05-09,SKU0033,115,0,30.0,77
2022-05-16,SKU0033,108,0,30.0,77
2022-05-23,SKU0033,93,0,30.0,77
2022-05-30,SKU0033,84,0,30.0,77
2022-06-06,SKU0033,217,129,30.0,77
2022-06-13,SKU0033,206,0,30.0,77
2022-06-20,SKU0033,199,0,30.0,77
2022-06-27,SKU0033,191,0,30.0,77
2022-07-04,SKU0033,185,0,30.0,77
2022-07-11,SKU0033,178,0,30.0,77
2022-07-18,SKU0033,172,0,30.0,77
2022-07-25,SKU0033,160,0,30.0,77
2022-08-01,SKU0033,153,0,30.0,77
2022-08-08,SKU0033,147,0,30.0,77
2022-08-15,SKU0033,138,0,30.0,77
2022-08-22,SKU0033,124,0,30.0,77
2022-08-29,SKU0033,117,0,30.0,77
2022-09-05,SKU0033,98,0,,77
2022-09-12,SKU0033,88,0,30.0,77
2022-09-19,SKU0033,166,114,30.0,77
2022-09-26,SKU0033,148,0,30.0,77
2022-10-03,SKU0033,132,0,30.0,77
2022-10-10,SKU0033,112,0,30.0,77
2022-10-17,SKU0033,101,0,30.0,77
2022-10-24,SKU0033,89,0,30.0,77
2022-10-31,SKU0033,74,114,30.0,77
2022-11-07,SKU0033,156,151,30.0,77
2022-11-14,SKU0033,142,0,30.0,77
2022-11-21,SKU0033,132,0,30.0,77
2022-11-28,SKU0033,113,0,30.0,77
2022-12-05,SKU0033,94,0,30.0,77
2022-12-12,SKU0033,200,137,30.0,77
2022-12-19,SKU0033,185,0,30.0,77
2022-12-26,SKU0033,164,0,30.0,77
2023-01-02,SKU0033,147,0,30.0,77
2023-01-09,SKU0033,137,0,30.0,77
2023-01-16,SKU0033,117,0,30.0,77
2023-01-23,SKU0033,99,0,30.0,77
2023-01-30,SKU0033,81,0,30.0,77
2023-02-06,SKU0033,203,140,30.0,77
2023-02-13,SKU0033,184,0,30.0,77
2023-02-20,SKU0033,170,0,30.0,77
2023-02-27,SKU0033,148,0,30.0,77
2023-03-06,SKU0033,132,0,30.0,77
2023-03-13,SKU0033,121,0,30.0,77
2023-03-20,SKU0033,107,0,30.0,77
2023-03-27,SKU0033,93,0,30.0,77
2023-04-03,SKU0033,81,0,30.0,77
2023-04-10,SKU0033,72,119,30.0,77
2023-04-17,SKU0033,141,112,30.0,77
2023-04-24,SKU0033,131,0,30.0,77
2023-05-01,SKU0033,123,0,30.0,77
2023-05-08,SKU0033,116,0,30.0,77
2023-05-15,SKU0033,109,0,30.0,77
2023-05-22,SKU0033,97,0,30.0,77
2023-05-29,SKU0033,82,0,30.0,77
2023-06-05,SKU0033,74,125,30.0,77
2023-06-12,SKU0033,206,174,30.0,77
2023-06-19,SKU0033,200,0,30.0,77
2023-06-26,SKU0033,187,0,30.0,77
2023-07-03,SKU0033,179,0,30.0,77
2023-07-10,SKU0033,168,0,30.0,77
2023-07-17,SKU0033,159,0,30.0,77
2023-07-24,SKU0033,152,0,30.0,77
2023-07-31,SKU0033,140,0,30.0,77
2023-08-07,SKU0033,129,0,30.0,77
2023-08-14,SKU0033,122,0,30.0,77
2023-08-21,SKU0033,115,0,30.0,77
2023-08-28,SKU0033,103,0,30.0,77
2023-09-04,SKU0033,91,0,30.0,77
2023-09-11,SKU0033,159,186,30.0,77
2023-09-18,SKU0033,141,0,30.0,77
2023-09-25,SKU0033,124,0,30.0,77
2023-10-02,SKU0033,112,0,30.0,77
2023-10-09,SKU0033,96,0,30.0,77
2023-10-16,SKU0033,83,0,30.0,77
2023-10-23,SKU0033,67,104,30.0,77
2023-10-30,SKU0033,48,156,30.0,77
2023-11-06,SKU0033,30,113,30.0,77
2023-11-13,SKU0033,10,136,30.0,77
2023-11-20,SKU0033,92,154,30.0,77
2023-11-27,SKU0033,159,163,30.0,77
2023-12-04,SKU0033,138,0,30.0,77
2023-12-11,SKU0033,126,0,30.0,77
2023-12-18,SKU0033,114,0,30.0,77
2023-12-25,SKU0033,96,0,30.0,77
2022-01-03,SKU0034,32,0,14.0,10
2022-01-10,SKU0034,29,0,14.0,10
2022-01-17,SKU0034,26,0,14.0,10
2022-01-24,SKU0034,20,0,14.0,10
2022-01-31,SKU0034,17,0,14.0,10
2022-02-07,SKU0034,14,0,14.0,10
2022-02-14,SKU0034,10,37,14.0,10
2022-02-21,SKU0034,6,46,14.0,10
2022-02-28,SKU0034,3,33,14.0,10
2022-03-07,SKU0034,24,30,14.0,10
2022-03-14,SKU0034,20,0,14.0,10
2022-03-21,SKU0034,17,0,14.0,10
2022-03-28,SKU0034,15,0,14.0,10
2022-04-04,SKU0034,12,0,14.0,10
2022-04-11,SKU0034,45,44,14.0,10
2022-04-18,SKU0034,42,0,14.0,10
2022-04-25,SKU0034,39,0,14.0,10
2022-05-02,SKU0034,37,0,14.0,10
2022-05-09,SKU0034,33,0,14.0,10
2022-05-16,SKU0034,31,0,14.0,10
2022-05-23,SKU0034,28,0,14.0,10
2022-05-30,SKU0034,24,0,14.0,10
2022-06-06,SKU0034,22,0,14.0,10
2022-06-13,SKU0034,21,0,,10
2022-06-20,SKU0034,18,0,14.0,10
2022-06-27,SKU0034,15,0,14.0,10
2022-07-04,SKU0034,13,0,14.0,10
2022-07-11,SKU0034,45,52,14.0,10
2022-07-18,SKU0034,43,0,14.0,10
2022-07-25,SKU0034,39,0,14.0,10
2022-08-01,SKU0034,37,0,14.0,10
2022-08-08,SKU0034,35,0,14.0,10
2022-08-15,SKU0034,32,0,14.0,10
2022-08-22,SKU0034,29,0,14.0,10
2022-08-29,SKU0034,27,0,14.0,10
2022-09-05,SKU0034,25,0,14.0,10
2022-09-12,SKU0034,20,0,14.0,10
2022-09-19,SKU0034,16,0,14.0,10
2022-09-26,SKU0034,12,0,14.0,10
2022-10-03,SKU0034,48,44,14.0,10
2022-10-10,SKU0034,46,0,14.0,10
2022-10-17,SKU0034,44,0,14.0,10
2022-10-24,SKU0034,40,0,14.0,10
2022-10-31,SKU0034,37,0,14.0,10
2022-11-07,SKU0034,33,0,14.0,10
2022-11-14,SKU0034,30,0,14.0,10
2022-11-21,SKU0034,25,0,14.0,10
2022-11-28,SKU0034,23,0,14.0,10
2022-12-05,SKU0034,20,0,14.0,10
2022-12-12,SKU0034,16,0,14.0,10
2022-12-19,SKU0034,11,0,14.0,10
2022-12-26,SKU0034,33,40,14.0,10
2023-01-02,SKU0034,29,0,14.0,10
2023-01-09,SKU0034,25,0,14.0,10
2023-01-16,SKU0034,22,0,14.0,10
2023-01-23,SKU0034,17,0,14.0,10
2023-01-30,SKU0034,12,0,14.0,10
2023-02-06,SKU0034,8,53,14.0,10
2023-02-13,SKU0034,5,27,14.0,10
2023-02-20,SKU0034,2,53,14.0,10
2023-02-27,SKU0034,34,52,14.0,10
2023-03-06,SKU0034,32,0,14.0,10
2023-03-13,SKU0034,30,0,14.0,10
2023-03-20,SKU0034,28,0,14.0,10
2023-03-27,SKU0034,25,0,14.0,10
2023-04-03,SKU0034,21,0,14.0,10
2023-04-10,SKU0034,19,0,14.0,10
2023-04-17,SKU0034,16,0,14.0,10
2023-04-24,SKU0034,13,0,14.0,10
2023-05-01,SKU0034,10,28,14.0,10
2023-05-08,SKU0034,43,40,14.0,10
2023-05-15,SKU0034,39,0,14.0,10
2023-05-22,SKU0034,36,0,14.0,10
2023-05-29,SKU0034,34,0,14.0,10
2023-06-05,SKU0034,32,0,14.0,10
2023-06-12,SKU0034,30,0,14.0,10
2023-06-19,SKU0034,27,0,14.0,10
2023-06-26,SKU0034,24,0,14.0,10
2023-07-03,SKU0034,21,0,14.0,10
2023-07-10,SKU0034,19,0,14.0,10
2023-07-17,SKU0034,16,0,14.0,10
2023-07-24,SKU0034,15,0,14.0,10
2023-07-31,SKU0034,12,0,14.0,10
2023-08-07,SKU0034,9,28,14.0,10
2023-08-14,SKU0034,36,43,14.0,10
2023-08-21,SKU0034,34,0,14.0,10
2023-08-28,SKU0034,31,0,14.0,10
2023-09-04,SKU0034,28,0,14.0,10
2023-09-11,SKU0034,23,0,14.0,10
2023-09-18,SKU0034,19,0,14.0,10
2023-09-25,SKU0034,15,0,14.0,10
2023-10-02,SKU0034,11,0,14.0,10
2023-10-09,SKU0034,45,32,14.0,10
2023-10-16,SKU0034,41,0,14.0,10
2023-10-23,SKU0034,37,0,14.0,10
2023-10-30,SKU0034,35,0,14.0,10
2023-11-06,SKU0034,30,0,14.0,10
2023-11-13,SKU0034,26,0,14.0,10
2023-11-20,SKU0034,21,0,14.0,10
2023-11-27,SKU0034,17,0,14.0,10
2023-12-04,SKU0034,11,0,14.0,10
2023-12-11,SKU0034,6,43,14.0,10
2023-12-18,SKU0034,2,46,14.0,10
2023-12-25,SKU0034,26,27,14.0,10
2022-01-03,SKU0035,334,0,21.0,147
2022-01-10,SKU0035,288,0,21.0,147
2022-01-17,SKU0035,245,0,21.0,147
2022-01-24,SKU0035,206,0,21.0,147
2022-01-31,SKU0035,160,0,21.0,147
2022-02-07,SKU0035,420,393,21.0,147
2022-02-14,SKU0035,367,0,21.0,147
2022-02-21,SKU0035,320,0,21.0,147
2022-02-28,SKU0035,260,0,21.0,147
2022-03-07,SKU0035,223,0,21.0,147
2022-03-14,SKU0035,192,0,21.0,147
2022-03-21,SKU0035,171,0,21.0,147
2022-03-28,SKU0035,145,270,21.0,147
2022-04-04,SKU0035,354,508,21.0,147
2022-04-11,SKU0035,325,0,21.0,147
2022-04-18,SKU0035,305,0,21.0,147
2022-04-25,SKU0035,276,0,21.0,147
2022-05-02,SKU0035,239,0,21.0,147
2022-05-09,SKU0035,210,0,21.0,147
2022-05-16,SKU0035,173,0,21.0,147
2022-05-23,SKU0035,146,326,21.0,147
2022-05-30,SKU0035,373,493,21.0,147
2022-06-06,SKU0035,345,0,21.0,147
2022-06-13,SKU0035,307,0,21.0,147
2022-06-20,SKU0035,276,0,21.0,147
2022-06-27,SKU0035,244,0,21.0,147
2022-07-04,SKU0035,226,0,21.0,147
2022-07-11,SKU0035,194,0,,147
2022-07-18,SKU0035,173,0,21.0,147
2022-07-25,SKU0035,147,288,21.0,147
2022-08-01,SKU0035,456,279,21.0,147
2022-08-08,SKU0035,420,0,21.0,147
2022-08-15,SKU0035,384,0,21.0,147
2022-08-22,SKU0035,361,0,21.0,147
2022-08-29,SKU0035,338,0,21.0,147
2022-09-05,SKU0035,281,0,21.0,147
2022-09-12,SKU0035,245,0,21.0,147
2022-09-19,SKU0035,218,0,21.0,147
2022-09-26,SKU0035,163,0,21.0,147
2022-10-03,SKU0035,135,272,21.0,147
2022-10-10,SKU0035,102,324,21.0,147
2022-10-17,SKU0035,365,413,21.0,147
2022-10-24,SKU0035,334,0,21.0,147
2022-10-31,SKU0035,285,0,21.0,147
2022-11-07,SKU0035,239,0,21.0,147
2022-11-14,SKU0035,197,0,21.0,147
2022-11-21,SKU0035,149,0,21.0,147
2022-11-28,SKU0035,354,500,21.0,147
2022-12-05,SKU0035,316,0,21.0,147
2022-12-12,SKU0035,269,0,21.0,147
2022-12-19,SKU0035,214,0,21.0,147
2022-12-26,SKU0035,166,0,21.0,147
2023-01-02,SKU0035,376,381,21.0,147
2023-01-09,SKU0035,322,0,21.0,147
2023-01-16,SKU0035,285,0,21.0,147
2023-01-23,SKU0035,257,0,21.0,147
2023-01-30,SKU0035,228,0,21.0,147
2023-02-06,SKU0035,175,0,,147
2023-02-13,SKU0035,412,366,21.0,147
2023-02-20,SKU0035,374,0,21.0,147
2023-02-27,SKU0035,321,0,21.0,147
2023-03-06,SKU0035,296,0,21.0,147
2023-03-13,SKU0035,268,0,21.0,147
2023-03-20,SKU0035,223,0,21.0,147
2023-03-27,SKU0035,189,0,21.0,147
2023-04-03,SKU0035,437,295,21.0,147
2023-04-10,SKU0035,418,0,21.0,147
2023-04-17,SKU0035,388,0,21.0,147
2023-04-24,SKU0035,345,0,21.0,147
2023-05-01,SKU0035,309,0,21.0,147
2023-05-08,SKU0035,267,0,21.0,147
2023-05-15,SKU0035,237,0,21.0,147
2023-05-22,SKU0035,210,0,21.0,147
2023-05-29,SKU0035,173,0,21.0,147
2023-06-05,SKU0035,151,0,21.0,147
2023-06-12,SKU0035,127,477,21.0,147
2023-06-19,SKU0035,92,286,21.0,147
2023-06-26,SKU0035,357,305,21.0,147
2023-07-03,SKU0035,335,0,21.0,147
2023-07-10,SKU0035,300,0,21.0,147
2023-07-17,SKU0035,263,0,21.0,147
2023-07-24,SKU0035,237,0,21.0,147
2023-07-31,SKU0035,202,0,21.0,147
2023-08-07,SKU0035,180,0,21.0,147
2023-08-14,SKU0035,143,301,21.0,147
2023-08-21,SKU0035,125,356,21.0,147
2023-08-28,SKU0035,90,283,21.0,147
2023-09-04,SKU0035,53,446,21.0,147
2023-09-11,SKU0035,221,362,21.0,147
2023-09-18,SKU0035,165,0,21.0,147
2023-09-25,SKU0035,375,422,21.0,147
2023-10-02,SKU0035,340,0,21.0,147
2023-10-09,SKU0035,294,0,21.0,147
2023-10-16,SKU0035,265,0,21.0,147
2023-10-23,SKU0035,214,0,21.0,147
2023-10-30,SKU0035,181,0,21.0,147
2023-11-06,SKU0035,380,360,21.0,147
2023-11-13,SKU0035,334,0,21.0,147
2023-11-20,SKU0035,306,0,21.0,147
2023-11-27,SKU0035,251,0,,147
2023-12-04,SKU0035,223,0,21.0,147
2023-12-11,SKU0035,187,0,21.0,147
2023-12-18,SKU0035,448,349,21.0,147
2023-12-25,SKU0035,412,0,21.0,147
2022-01-03,SKU0036,29,0,14.0,8
2022-01-10,SKU0036,26,0,14.0,8
2022-01-17,SKU0036,22,0,14.0,8
2022-01-24,SKU0036,20,0,14.0,8
2022-01-31,SKU0036,16,0,14.0,8
2022-02-07,SKU0036,11,0,14.0,8
2022-02-14,SKU0036,36,41,14.0,8
2022-02-21,SKU0036,32,0,14.0,8
2022-02-28,SKU0036,28,0,14.0,8
2022-03-07,SKU0036,26,0,14.0,8
2022-03-14,SKU0036,23,0,14.0,8
2022-03-21,SKU0036,21,0,14.0,8
2022-03-28,SKU0036,19,0,14.0,8
2022-04-04,SKU0036,17,0,14.0,8
2022-04-11,SKU0036,15,0,14.0,8
2022-04-18,SKU0036,13,0,14.0,8
2022-04-25,SKU0036,11,0,14.0,8
2022-05-02,SKU0036,10,0,14.0,8
2022-05-09,SKU0036,8,27,14.0,8
2022-05-16,SKU0036,7,32,14.0,8
2022-05-23,SKU0036,5,33,14.0,8
2022-05-30,SKU0036,23,44,14.0,8
2022-06-06,SKU0036,21,0,14.0,8
2022-06-13,SKU0036,20,0,14.0,8
2022-06-20,SKU0036,18,0,14.0,8
2022-06-27,SKU0036,16,0,14.0,8
2022-07-04,SKU0036,14,0,14.0,8
2022-07-11,SKU0036,13,0,14.0,8
2022-07-18,SKU0036,11,0,14.0,8
2022-07-25,SKU0036,9,0,14.0,8
2022-08-01,SKU0036,28,36,14.0,8
2022-08-08,SKU0036,26,0,14.0,8
2022-08-15,SKU0036,25,0,14.0,8
2022-08-22,SKU0036,22,0,14.0,8
2022-08-29,SKU0036,21,0,14.0,8
2022-09-05,SKU0036,18,0,14.0,8
2022-09-12,SKU0036,14,0,14.0,8
2022-09-19,SKU0036,11,0,14.0,8
2022-09-26,SKU0036,9,0,14.0,8
2022-10-03,SKU0036,23,43,14.0,8
2022-10-10,SKU0036,20,0,14.0,8
2022-10-17,SKU0036,16,0,14.0,8
2022-10-24,SKU0036,13,0,14.0,8
2022-10-31,SKU0036,10,0,14.0,8
2022-11-07,SKU0036,26,24,14.0,8
2022-11-14,SKU0036,23,0,14.0,8
2022-11-21,SKU0036,20,0,14.0,8
2022-11-28,SKU0036,16,0,14.0,8
2022-12-05,SKU0036,12,0,14.0,8
2022-12-12,SKU0036,9,0,14.0,8
2022-12-19,SKU0036,5,36,14.0,8
2022-12-26,SKU0036,20,44,14.0,8
2023-01-02,SKU0036,15,0,14.0,8
2023-01-09,SKU0036,12,0,14.0,8
2023-01-16,SKU0036,36,32,14.0,8
2023-01-23,SKU0036,32,0,14.0,8
2023-01-30,SKU0036,29,0,14.0,8
2023-02-06,SKU0036,25,0,,8
2023-02-13,SKU0036,21,0,14.0,8
2023-02-20,SKU0036,18,0,14.0,8
2023-02-27,SKU0036,13,0,14.0,8
2023-03-06,SKU0036,10,0,14.0,8
2023-03-13,SKU0036,9,0,14.0,8
2023-03-20,SKU0036,32,34,14.0,8
2023-03-27,SKU0036,29,0,14.0,8
2023-04-03,SKU0036,27,0,14.0,8
2023-04-10,SKU0036,24,0,14.0,8
2023-04-17,SKU0036,22,0,14.0,8
2023-04-24,SKU0036,20,0,14.0,8
2023-05-01,SKU0036,19,0,,8
2023-05-08,SKU0036,16,0,14.0,8
2023-05-15,SKU0036,14,0,14.0,8
2023-05-22,SKU0036,12,0,14.0,8
2023-05-29,SKU0036,9,0,14.0,8
2023-06-05,SKU0036,40,43,14.0,8
2023-06-12,SKU0036,39,0,14.0,8
2023-06-19,SKU0036,37,0,14.0,8
2023-06-26,SKU0036,35,0,14.0,8
2023-07-03,SKU0036,33,0,14.0,8
2023-07-10,SKU0036,31,0,14.0,8
2023-07-17,SKU0036,30,0,14.0,8
2023-07-24,SKU0036,27,0,14.0,8
2023-07-31,SKU0036,25,0,14.0,8
2023-08-07,SKU0036,23,0,14.0,8
2023-08-14,SKU0036,22,0,14.0,8
2023-08-21,SKU0036,21,0,14.0,8
2023-08-28,SKU0036,18,0,14.0,8
2023-09-04,SKU0036,14,0,14.0,8
2023-09-11,SKU0036,10,0,14.0,8
2023-09-18,SKU0036,8,23,14.0,8
2023-09-25,SKU0036,4,40,14.0,8
2023-10-02,SKU0036,17,23,14.0,8
2023-10-09,SKU0036,14,0,14.0,8
2023-10-16,SKU0036,11,0,14.0,8
2023-10-23,SKU0036,9,0,14.0,8
2023-10-30,SKU0036,26,32,14.0,8
2023-11-06,SKU0036,24,0,14.0,8
2023-11-13,SKU0036,21,0,14.0,8
2023-11-20,SKU0036,19,0,14.0,8
2023-11-27,SKU0036,17,0,14.0,8
2023-12-04,SKU0036,14,0,14.0,8
2023-12-11,SKU0036,12,0,14.0,8
2023-12-18,SKU0036,7,29,14.0,8
2023-12-25,SKU0036,29,43,14.0,8
2022-01-03,SKU0037,37,150,30.0,100
2022-01-10,SKU0037,15,130,30.0,100
2022-01-17,SKU0037,2,242,30.0,100
2022-01-24,SKU0037,0,160,30.0,100
2022-01-31,SKU0037,0,181,30.0,100
2022-02-07,SKU0037,0,125,30.0,100
2022-02-14,SKU0037,0,154,30.0,100
2022-02-21,SKU0037,0,212,30.0,100
2022-02-28,SKU0037,0,159,30.0,100
2022-03-07,SKU0037,0,183,30.0,100
2022-03-14,SKU0037,0,203,30.0,100
2022-03-21,SKU0037,0,230,30.0,100
2022-03-28,SKU0037,174,166,30.0,100
2022-04-04,SKU0037,162,0,30.0,100
2022-04-11,SKU0037,143,0,30.0,100
2022-04-18,SKU0037,128,0,30.0,100
2022-04-25,SKU0037,117,0,30.0,100
2022-05-02,SKU0037,108,0,30.0,100
2022-05-09,SKU0037,251,217,30.0,100
2022-05-16,SKU0037,236,0,30.0,100
2022-05-23,SKU0037,215,0,30.0,100
2022-05-30,SKU0037,200,0,30.0,100
2022-06-06,SKU0037,186,0,30.0,100
2022-06-13,SKU0037,177,0,30.0,100
2022-06-20,SKU0037,165,0,30.0,100
2022-06-27,SKU0037,157,0,30.0,100
2022-07-04,SKU0037,140,0,30.0,100
2022-07-11,SKU0037,129,0,30.0,100
2022-07-18,SKU0037,114,0,30.0,100
2022-07-25,SKU0037,210,137,30.0,100
2022-08-01,SKU0037,201,0,30.0,100
2022-08-08,SKU0037,192,0,30.0,100
2022-08-15,SKU0037,177,0,30.0,100
2022-08-22,SKU0037,162,0,30.0,100
2022-08-29,SKU0037,148,0,30.0,100
2022-09-05,SKU0037,124,0,30.0,100
2022-09-12,SKU0037,102,0,30.0,100
2022-09-19,SKU0037,265,211,30.0,100
2022-09-26,SKU0037,242,0,30.0,100
2022-10-03,SKU0037,222,0,30.0,100
2022-10-10,SKU0037,197,0,30.0,100
2022-10-17,SKU0037,171,0,,100
2022-10-24,SKU0037,147,0,30.0,100
2022-10-31,SKU0037,127,0,30.0,100
2022-11-07,SKU0037,104,0,30.0,100
2022-11-14,SKU0037,223,182,30.0,100
2022-11-21,SKU0037,207,0,30.0,100
2022-11-28,SKU0037,195,0,30.0,100
2022-12-05,SKU0037,169,0,30.0,100
2022-12-12,SKU0037,142,0,30.0,100
2022-12-19,SKU0037,116,0,30.0,100
2022-12-26,SKU0037,193,231,30.0,100
2023-01-02,SKU0037,169,0,30.0,100
2023-01-09,SKU0037,151,0,30.0,100
2023-01-16,SKU0037,126,0,30.0,100
2023-01-23,SKU0037,112,0,,100
2023-01-30,SKU0037,86,179,30.0,100
2023-02-06,SKU0037,73,229,30.0,100
2023-02-13,SKU0037,162,151,30.0,100
2023-02-20,SKU0037,142,0,30.0,100
2023-02-27,SKU0037,113,0,30.0,100
2023-03-06,SKU0037,100,165,30.0,100
2023-03-13,SKU0037,222,231,30.0,100
2023-03-20,SKU0037,213,0,30.0,100
2023-03-27,SKU0037,197,0,30.0,100
2023-04-03,SKU0037,187,0,30.0,100
2023-04-10,SKU0037,169,0,30.0,100
2023-04-17,SKU0037,156,0,30.0,100
2023-04-24,SKU0037,140,0,30.0,100
2023-05-01,SKU0037,121,0,30.0,100
2023-05-08,SKU0037,106,0,30.0,100
2023-05-15,SKU0037,200,235,30.0,100
2023-05-22,SKU0037,190,0,30.0,100
2023-05-29,SKU0037,170,0,30.0,100
2023-06-05,SKU0037,160,0,30.0,100
2023-06-12,SKU0037,143,0,30.0,100
2023-06-19,SKU0037,133,0,30.0,100
2023-06-26,SKU0037,118,0,30.0,100
2023-07-03,SKU0037,102,0,30.0,100
2023-07-10,SKU0037,236,160,30.0,100
2023-07-17,SKU0037,221,0,30.0,100
2023-07-24,SKU0037,210,0,30.0,100
2023-07-31,SKU0037,194,0,30.0,100
2023-08-07,SKU0037,178,0,30.0,100
2023-08-14,SKU0037,165,0,30.0,100
2023-08-21,SKU0037,151,0,30.0,100
2023-08-28,SKU0037,134,0,30.0,100
2023-09-04,SKU0037,115,0,30.0,100
2023-09-11,SKU0037,88,187,30.0,100
2023-09-18,SKU0037,75,151,30.0,100
2023-09-25,SKU0037,56,244,30.0,100
2023-10-02,SKU0037,41,131,30.0,100
2023-10-09,SKU0037,23,157,30.0,100
2023-10-16,SKU0037,123,228,30.0,100
2023-10-23,SKU0037,111,0,30.0,100
2023-10-30,SKU0037,95,201,30.0,100
2023-11-06,SKU0037,258,169,30.0,100
2023-11-13,SKU0037,245,0,30.0,100
2023-11-20,SKU0037,233,0,30.0,100
2023-11-27,SKU0037,219,0,30.0,100
2023-12-04,SKU0037,202,0,30.0,100
2023-12-11,SKU0037,176,0,30.0,100
2023-12-18,SKU0037,157,0,30.0,100
2023-12-25,SKU0037,140,0,30.0,100
2022-01-03,SKU0038,3,0,7.0,1
2022-01-10,SKU0038,2,0,7.0,1
2022-01-17,SKU0038,12,17,7.0,1
2022-01-24,SKU0038,10,0,7.0,1
2022-01-31,SKU0038,8,0,7.0,1
2022-02-07,SKU0038,6,0,,1
2022-02-14,SKU0038,6,0,7.0,1
2022-02-21,SKU0038,5,0,7.0,1
2022-02-28,SKU0038,5,0,7.0,1
2022-03-07,SKU0038,4,0,7.0,1
2022-03-14,SKU0038,3,0,7.0,1
2022-03-21,SKU0038,2,0,7.0,1
2022-03-28,SKU0038,2,0,7.0,1
2022-04-04,SKU0038,1,13,7.0,1
2022-04-11,SKU0038,1,9,7.0,1
2022-04-18,SKU0038,1,17,7.0,1
2022-04-25,SKU0038,11,13,7.0,1
2022-05-02,SKU0038,10,0,7.0,1
2022-05-09,SKU0038,10,0,7.0,1
2022-05-16,SKU0038,9,0,7.0,1
2022-05-23,SKU0038,8,0,7.0,1
2022-05-30,SKU0038,8,0,7.0,1
2022-06-06,SKU0038,8,0,7.0,1
2022-06-13,SKU0038,7,0,7.0,1
2022-06-20,SKU0038,6,0,7.0,1
2022-06-27,SKU0038,5,0,7.0,1
2022-07-04,SKU0038,5,0,7.0,1
2022-07-11,SKU0038,4,0,7.0,1
2022-07-18,SKU0038,3,0,7.0,1
2022-07-25,SKU0038,2,0,7.0,1
2022-08-01,SKU0038,12,18,,1
2022-08-08,SKU0038,12,0,7.0,1
2022-08-15,SKU0038,12,0,7.0,1
2022-08-22,SKU0038,12,0,7.0,1
2022-08-29,SKU0038,12,0,7.0,1
2022-09-05,SKU0038,11,0,7.0,1
2022-09-12,SKU0038,10,0,7.0,1
2022-09-19,SKU0038,9,0,7.0,1
2022-09-26,SKU0038,8,0,7.0,1
2022-10-03,SKU0038,7,0,7.0,1
2022-10-10,SKU0038,6,0,7.0,1
2022-10-17,SKU0038,6,0,7.0,1
2022-10-24,SKU0038,5,0,7.0,1
2022-10-31,SKU0038,4,0,7.0,1
2022-11-07,SKU0038,3,0,7.0,1
2022-11-14,SKU0038,2,0,7.0,1
2022-11-21,SKU0038,1,16,7.0,1
2022-11-28,SKU0038,0,12,7.0,1
2022-12-05,SKU0038,11,16,7.0,1
2022-12-12,SKU0038,9,0,7.0,1
2022-12-19,SKU0038,8,0,7.0,1
2022-12-26,SKU0038,7,0,7.0,1
2023-01-02,SKU0038,6,0,7.0,1
2023-01-09,SKU0038,4,0,7.0,1
2023-01-16,SKU0038,4,0,7.0,1
2023-01-23,SKU0038,3,0,7.0,1
2023-01-30,SKU0038,2,0,7.0,1
2023-02-06,SKU0038,12,10,7.0,1
2023-02-13,SKU0038,11,0,7.0,1
2023-02-20,SKU0038,9,0,7.0,1
2023-02-27,SKU0038,8,0,7.0,1
2023-03-06,SKU0038,7,0,7.0,1
2023-03-13,SKU0038,6,0,7.0,1
2023-03-20,SKU0038,6,0,7.0,1
2023-03-27,SKU0038,5,0,7.0,1
2023-04-03,SKU0038,4,0,7.0,1
2023-04-10,SKU0038,3,0,7.0,1
2023-04-17,SKU0038,2,0,7.0,1
2023-04-24,SKU0038,2,0,7.0,1
2023-05-01,SKU0038,1,12,7.0,1
2023-05-08,SKU0038,0,17,7.0,1
2023-05-15,SKU0038,13,11,7.0,1
2023-05-22,SKU0038,13,0,7.0,1
2023-05-29,SKU0038,12,0,7.0,1
2023-06-05,SKU0038,11,0,7.0,1
2023-06-12,SKU0038,11,0,7.0,1
2023-06-19,SKU0038,10,0,,1
2023-06-26,SKU0038,9,0,7.0,1
2023-07-03,SKU0038,8,0,7.0,1
2023-07-10,SKU0038,8,0,7.0,1
2023-07-17,SKU0038,7,0,7.0,1
2023-07-24,SKU0038,7,0,7.0,1
2023-07-31,SKU0038,7,0,7.0,1
2023-08-07,SKU0038,6,0,7.0,1
2023-08-14,SKU0038,5,0,7.0,1
2023-08-21,SKU0038,4,0,7.0,1
2023-08-28,SKU0038,4,0,7.0,1
2023-09-04,SKU0038,3,0,7.0,1
2023-09-11,SKU0038,2,0,7.0,1
2023-09-18,SKU0038,14,10,7.0,1
2023-09-25,SKU0038,13,0,7.0,1
2023-10-02,SKU0038,12,0,7.0,1
2023-10-09,SKU0038,11,0,7.0,1
2023-10-16,SKU0038,10,0,7.0,1
2023-10-23,SKU0038,9,0,7.0,1
2023-10-30,SKU0038,8,0,7.0,1
2023-11-06,SKU0038,7,0,7.0,1
2023-11-13,SKU0038,6,0,7.0,1
2023-11-20,SKU0038,5,0,7.0,1
2023-11-27,SKU0038,4,0,7.0,1
2023-12-04,SKU0038,3,0,7.0,1
2023-12-11,SKU0038,2,0,7.0,1
2023-12-18,SKU0038,1,10,7.0,1
2023-12-25,SKU0038,0,14,7.0,1
2022-01-03,SKU0039,28,0,30.0,15
2022-01-10,SKU0039,26,0,30.0,15
2022-01-17,SKU0039,22,0,30.0,15
2022-01-24,SKU0039,18,0,30.0,15
2022-01-31,SKU0039,14,34,30.0,15
2022-02-07,SKU0039,10,22,30.0,15
2022-02-14,SKU0039,21,20,30.0,15
2022-02-21,SKU0039,17,0,30.0,15
2022-02-28,SKU0039,28,35,30.0,15
2022-03-07,SKU0039,25,0,30.0,15
2022-03-14,SKU0039,22,0,30.0,15
2022-03-21,SKU0039,19,0,30.0,15
2022-03-28,SKU0039,17,0,30.0,15
2022-04-04,SKU0039,15,21,30.0,15
2022-04-11,SKU0039,12,28,30.0,15
2022-04-18,SKU0039,9,23,30.0,15
2022-04-25,SKU0039,8,29,30.0,15
2022-05-02,SKU0039,28,33,30.0,15
2022-05-09,SKU0039,26,0,30.0,15
2022-05-16,SKU0039,23,0,30.0,15
2022-05-23,SKU0039,22,0,30.0,15
2022-05-30,SKU0039,20,0,30.0,15
2022-06-06,SKU0039,18,0,30.0,15
2022-06-13,SKU0039,16,0,30.0,15
2022-06-20,SKU0039,37,35,30.0,15
2022-06-27,SKU0039,36,0,30.0,15
2022-07-04,SKU0039,34,0,30.0,15
2022-07-11,SKU0039,32,0,30.0,15
2022-07-18,SKU0039,30,0,30.0,15
2022-07-25,SKU0039,28,0,30.0,15
2022-08-01,SKU0039,26,0,30.0,15
2022-08-08,SKU0039,25,0,30.0,15
2022-08-15,SKU0039,23,0,30.0,15
2022-08-22,SKU0039,22,0,30.0,15
2022-08-29,SKU0039,20,0,30.0,15
2022-09-05,SKU0039,17,0,30.0,15
2022-09-12,SKU0039,15,23,30.0,15
2022-09-19,SKU0039,12,27,30.0,15
2022-09-26,SKU0039,9,33,30.0,15
2022-10-03,SKU0039,31,34,30.0,15
2022-10-10,SKU0039,28,0,30.0,15
2022-10-17,SKU0039,27,0,30.0,15
2022-10-24,SKU0039,23,0,30.0,15
2022-10-31,SKU0039,20,0,30.0,15
2022-11-07,SKU0039,18,0,30.0,15
2022-11-14,SKU0039,14,39,30.0,15
2022-11-21,SKU0039,13,23,30.0,15
2022-11-28,SKU0039,11,26,30.0,15
2022-12-05,SKU0039,25,22,30.0,15
2022-12-12,SKU0039,23,0,30.0,15
2022-12-19,SKU0039,21,0,30.0,15
2022-12-26,SKU0039,18,0,30.0,15
2023-01-02,SKU0039,40,38,30.0,15
2023-01-09,SKU0039,36,0,30.0,15
2023-01-16,SKU0039,34,0,30.0,15
2023-01-23,SKU0039,30,0,30.0,15
2023-01-30,SKU0039,26,0,30.0,15
2023-02-06,SKU0039,24,0,30.0,15
2023-02-13,SKU0039,20,0,30.0,15
2023-02-20,SKU0039,18,0,30.0,15
2023-02-27,SKU0039,15,26,30.0,15
2023-03-06,SKU0039,12,24,30.0,15
2023-03-13,SKU0039,9,30,30.0,15
2023-03-20,SKU0039,25,33,30.0,15
2023-03-27,SKU0039,23,0,30.0,15
2023-04-03,SKU0039,21,0,30.0,15
2023-04-10,SKU0039,18,0,30.0,15
2023-04-17,SKU0039,17,0,30.0,15
2023-04-24,SKU0039,31,27,30.0,15
2023-05-01,SKU0039,28,0,30.0,15
2023-05-08,SKU0039,26,0,30.0,15
2023-05-15,SKU0039,23,0,30.0,15
2023-05-22,SKU0039,22,0,30.0,15
2023-05-29,SKU0039,20,0,30.0,15
2023-06-05,SKU0039,19,0,30.0,15
2023-06-12,SKU0039,18,0,30.0,15
2023-06-19,SKU0039,16,0,30.0,15
2023-06-26,SKU0039,31,25,30.0,15
2023-07-03,SKU0039,29,0,30.0,15
2023-07-10,SKU0039,27,0,30.0,15
2023-07-17,SKU0039,26,0,30.0,15
2023-07-24,SKU0039,25,0,30.0,15
2023-07-31,SKU0039,23,0,30.0,15
2023-08-07,SKU0039,22,0,30.0,15
2023-08-14,SKU0039,20,0,30.0,15
2023-08-21,SKU0039,18,0,30.0,15
2023-08-28,SKU0039,16,0,30.0,15
2023-09-04,SKU0039,13,31,30.0,15
2023-09-11,SKU0039,9,24,30.0,15
2023-09-18,SKU0039,7,32,30.0,15
2023-09-25,SKU0039,6,21,30.0,15
2023-10-02,SKU0039,3,32,30.0,15
2023-10-09,SKU0039,1,36,30.0,15
2023-10-16,SKU0039,20,29,30.0,15
2023-10-23,SKU0039,18,0,30.0,15
2023-10-30,SKU0039,16,0,30.0,15
2023-11-06,SKU0039,14,34,30.0,15
2023-11-13,SKU0039,11,33,30.0,15
2023-11-20,SKU0039,9,25,30.0,15
2023-11-27,SKU0039,7,35,30.0,15
2023-12-04,SKU0039,3,25,30.0,15
2023-12-11,SKU0039,26,19,30.0,15
2023-12-18,SKU0039,23,0,30.0,15
2023-12-25,SKU0039,20,0,30.0,15
2022-01-03,SKU0040,69,0,10.0,33
2022-01-10,SKU0040,55,0,10.0,33
2022-01-17,SKU0040,37,0,,33
2022-01-24,SKU0040,193,142,10.0,33
2022-01-31,SKU0040,168,0,10.0,33
2022-02-07,SKU0040,153,0,10.0,33
2022-02-14,SKU0040,128,0,10.0,33
2022-02-21,SKU0040,102,0,10.0,33
2022-02-28,SKU0040,86,0,,33
2022-03-07,SKU0040,75,0,10.0,33
2022-03-14,SKU0040,59,0,10.0,33
2022-03-21,SKU0040,45,0,10.0,33
2022-03-28,SKU0040,148,187,10.0,33
2022-04-04,SKU0040,128,0,10.0,33
2022-04-11,SKU0040,112,0,10.0,33
2022-04-18,SKU0040,95,0,10.0,33
2022-04-25,SKU0040,75,0,10.0,33
2022-05-02,SKU0040,63,0,10.0,33
2022-05-09,SKU0040,43,0,10.0,33
2022-05-16,SKU0040,129,203,10.0,33
2022-05-23,SKU0040,114,0,10.0,33
2022-05-30,SKU0040,99,0,10.0,33
2022-06-06,SKU0040,85,0,10.0,33
2022-06-13,SKU0040,72,0,10.0,33
2022-06-20,SKU0040,55,0,10.0,33
2022-06-27,SKU0040,45,0,10.0,33
2022-07-04,SKU0040,35,0,10.0,33
2022-07-11,SKU0040,21,219,10.0,33
2022-07-18,SKU0040,147,150,10.0,33
2022-07-25,SKU0040,136,0,10.0,33
2022-08-01,SKU0040,124,0,10.0,33
2022-08-08,SKU0040,113,0,10.0,33
2022-08-15,SKU0040,103,0,10.0,33
2022-08-22,SKU0040,91,0,10.0,33
2022-08-29,SKU0040,79,0,10.0,33
2022-09-05,SKU0040,65,0,10.0,33
2022-09-12,SKU0040,45,0,10.0,33
2022-09-19,SKU0040,27,222,10.0,33
2022-09-26,SKU0040,11,236,10.0,33
2022-10-03,SKU0040,0,187,10.0,33
2022-10-10,SKU0040,158,142,10.0,33
2022-10-17,SKU0040,133,0,10.0,33
2022-10-24,SKU0040,112,0,10.0,33
2022-10-31,SKU0040,92,0,10.0,33
2022-11-07,SKU0040,74,0,10.0,33
2022-11-14,SKU0040,56,0,10.0,33
2022-11-21,SKU0040,43,0,10.0,33
2022-11-28,SKU0040,25,140,10.0,33
2022-12-05,SKU0040,6,203,10.0,33
2022-12-12,SKU0040,150,166,10.0,33
2022-12-19,SKU0040,127,0,10.0,33
2022-12-26,SKU0040,103,0,10.0,33
2023-01-02,SKU0040,73,0,10.0,33
2023-01-09,SKU0040,47,0,10.0,33
2023-01-16,SKU0040,34,0,10.0,33
2023-01-23,SKU0040,129,197,10.0,33
2023-01-30,SKU0040,103,0,10.0,33
2023-02-06,SKU0040,89,0,10.0,33
2023-02-13,SKU0040,72,0,,33
2023-02-20,SKU0040,51,0,10.0,33
2023-02-27,SKU0040,24,240,10.0,33
2023-03-06,SKU0040,143,175,10.0,33
2023-03-13,SKU0040,132,0,10.0,33
2023-03-20,SKU0040,121,0,10.0,33
2023-03-27,SKU0040,109,0,10.0,33
2023-04-03,SKU0040,91,0,10.0,33
2023-04-10,SKU0040,78,0,10.0,33
2023-04-17,SKU0040,57,0,10.0,33
2023-04-24,SKU0040,44,0,10.0,33
2023-05-01,SKU0040,23,226,10.0,33
2023-05-08,SKU0040,11,228,10.0,33
2023-05-15,SKU0040,120,143,10.0,33
2023-05-22,SKU0040,105,0,10.0,33
2023-05-29,SKU0040,93,0,10.0,33
2023-06-05,SKU0040,75,0,10.0,33
2023-06-12,SKU0040,58,0,10.0,33
2023-06-19,SKU0040,43,0,10.0,33
2023-06-26,SKU0040,27,229,10.0,33
2023-07-03,SKU0040,185,187,10.0,33
2023-07-10,SKU0040,170,0,10.0,33
2023-07-17,SKU0040,162,0,10.0,33
2023-07-24,SKU0040,144,0,,33
2023-07-31,SKU0040,135,0,10.0,33
2023-08-07,SKU0040,122,0,10.0,33
2023-08-14,SKU0040,109,0,10.0,33
2023-08-21,SKU0040,93,0,10.0,33
2023-08-28,SKU0040,85,0,10.0,33
2023-09-04,SKU0040,73,0,10.0,33
2023-09-11,SKU0040,54,0,10.0,33
2023-09-18,SKU0040,134,220,10.0,33
2023-09-25,SKU0040,110,0,10.0,33
2023-10-02,SKU0040,88,0,10.0,33
2023-10-09,SKU0040,68,0,10.0,33
2023-10-16,SKU0040,46,0,10.0,33
2023-10-23,SKU0040,207,187,10.0,33
2023-10-30,SKU0040,189,0,10.0,33
2023-11-06,SKU0040,167,0,10.0,33
2023-11-13,SKU0040,156,0,10.0,33
2023-11-20,SKU0040,133,0,10.0,33
2023-11-27,SKU0040,110,0,10.0,33
2023-12-04,SKU0040,97,0,10.0,33
2023-12-11,SKU0040,75,0,10.0,33
2023-12-18,SKU0040,54,0,10.0,33
2023-12-25,SKU0040,31,157,10.0,33
2022-01-03,SKU0041,339,0,7.0,44
2022-01-10,SKU0041,303,0,7.0,44
2022-01-17,SKU0041,246,0,7.0,44
2022-01-24,SKU0041,208,0,7.0,44
2022-01-31,SKU0041,155,0,7.0,44
2022-02-07,SKU0041,122,0,7.0,44
2022-02-14,SKU0041,67,0,7.0,44
2022-02-21,SKU0041,250,285,7.0,44
2022-02-28,SKU0041,223,0,7.0,44
2022-03-07,SKU0041,200,0,7.0,44
2022-03-14,SKU0041,169,0,7.0,44
2022-03-21,SKU0041,147,0,7.0,44
2022-03-28,SKU0041,109,0,7.0,44
2022-04-04,SKU0041,72,0,7.0,44
2022-04-11,SKU0041,44,392,7.0,44
2022-04-18,SKU0041,17,421,7.0,44
2022-04-25,SKU0041,353,461,7.0,44
2022-05-02,SKU0041,330,0,7.0,44
2022-05-09,SKU0041,299,0,7.0,44
2022-05-16,SKU0041,273,0,7.0,44
2022-05-23,SKU0041,254,0,7.0,44
2022-05-30,SKU0041,218,0,7.0,44
2022-06-06,SKU0041,186,0,7.0,44
2022-06-13,SKU0041,161,0,7.0,44
2022-06-20,SKU0041,134,0,7.0,44
2022-06-27,SKU0041,106,0,7.0,44
2022-07-04,SKU0041,75,0,7.0,44
2022-07-11,SKU0041,49,0,7.0,44
2022-07-18,SKU0041,244,373,,44
2022-07-25,SKU0041,221,0,7.0,44
2022-08-01,SKU0041,190,0,7.0,44
2022-08-08,SKU0041,158,0,7.0,44
2022-08-15,SKU0041,126,0,7.0,44
2022-08-22,SKU0041,103,0,7.0,44
2022-08-29,SKU0041,84,0,7.0,44
2022-09-05,SKU0041,61,0,7.0,44
2022-09-12,SKU0041,229,417,7.0,44
2022-09-19,SKU0041,193,0,7.0,44
2022-09-26,SKU0041,157,0,7.0,44
2022-10-03,SKU0041,119,0,7.0,44
2022-10-10,SKU0041,68,0,,44
2022-10-17,SKU0041,42,419,7.0,44
2022-10-24,SKU0041,0,358,7.0,44
2022-10-31,SKU0041,268,247,7.0,44
2022-11-07,SKU0041,217,0,7.0,44
2022-11-14,SKU0041,184,0,7.0,44
2022-11-21,SKU0041,134,0,7.0,44
2022-11-28,SKU0041,86,0,7.0,44
2022-12-05,SKU0041,48,0,7.0,44
2022-12-12,SKU0041,351,427,7.0,44
2022-12-19,SKU0041,317,0,7.0,44
2022-12-26,SKU0041,292,0,7.0,44
2023-01-02,SKU0041,241,0,7.0,44
2023-01-09,SKU0041,193,0,7.0,44
2023-01-16,SKU0041,153,0,7.0,44
2023-01-23,SKU0041,114,0,7.0,44
2023-01-30,SKU0041,85,0,7.0,44
2023-02-06,SKU0041,214,289,7.0,44
2023-02-13,SKU0041,184,0,7.0,44
2023-02-20,SKU0041,148,0,7.0,44
2023-02-27,SKU0041,121,0,7.0,44
2023-03-06,SKU0041,97,0,7.0,44
2023-03-13,SKU0041,60,0,7.0,44
2023-03-20,SKU0041,302,253,7.0,44
2023-03-27,SKU0041,268,0,7.0,44
2023-04-03,SKU0041,242,0,7.0,44
2023-04-10,SKU0041,212,0,7.0,44
2023-04-17,SKU0041,186,0,7.0,44
2023-04-24,SKU0041,148,0,7.0,44
2023-05-01,SKU0041,125,0,7.0,44
2023-05-08,SKU0041,94,0,7.0,44
2023-05-15,SKU0041,64,0,7.0,44
2023-05-22,SKU0041,243,442,7.0,44
2023-05-29,SKU0041,209,0,7.0,44
2023-06-05,SKU0041,176,0,7.0,44
2023-06-12,SKU0041,149,0,7.0,44
2023-06-19,SKU0041,127,0,7.0,44
2023-06-26,SKU0041,96,0,7.0,44
2023-07-03,SKU0041,76,0,7.0,44
2023-07-10,SKU0041,53,0,7.0,44
2023-07-17,SKU0041,20,311,7.0,44
2023-07-24,SKU0041,0,321,7.0,44
2023-07-31,SKU0041,0,334,7.0,44
2023-08-07,SKU0041,0,245,7.0,44
2023-08-14,SKU0041,0,339,7.0,44
2023-08-21,SKU0041,274,330,7.0,44
2023-08-28,SKU0041,241,0,7.0,44
2023-09-04,SKU0041,199,0,7.0,44
2023-09-11,SKU0041,173,0,7.0,44
2023-09-18,SKU0041,151,0,7.0,44
2023-09-25,SKU0041,107,0,7.0,44
2023-10-02,SKU0041,78,0,7.0,44
2023-10-09,SKU0041,378,321,7.0,44
2023-10-16,SKU0041,339,0,7.0,44
2023-10-23,SKU0041,298,0,7.0,44
2023-10-30,SKU0041,251,0,7.0,44
2023-11-06,SKU0041,219,0,7.0,44
2023-11-13,SKU0041,185,0,7.0,44
2023-11-20,SKU0041,147,0,7.0,44
2023-11-27,SKU0041,112,0,7.0,44
2023-12-04,SKU0041,78,0,7.0,44
2023-12-11,SKU0041,47,0,7.0,44
2023-12-18,SKU0041,338,338,7.0,44
2023-12-25,SKU0041,309,0,7.0,44
2022-01-03,SKU0042,180,159,21.0,67
2022-01-10,SKU0042,166,0,21.0,67
2022-01-17,SKU0042,144,0,21.0,67
2022-01-24,SKU0042,131,0,21.0,67
2022-01-31,SKU0042,118,0,21.0,67
2022-02-07,SKU0042,99,0,21.0,67
2022-02-14,SKU0042,79,0,21.0,67
2022-02-21,SKU0042,181,167,21.0,67
2022-02-28,SKU0042,164,0,21.0,67
2022-03-07,SKU0042,147,0,21.0,67
2022-03-14,SKU0042,128,0,21.0,67
2022-03-21,SKU0042,119,0,21.0,67
2022-03-28,SKU0042,105,0,21.0,67
2022-04-04,SKU0042,87,0,21.0,67
2022-04-11,SKU0042,68,0,21.0,67
2022-04-18,SKU0042,59,155,21.0,67
2022-04-25,SKU0042,45,178,21.0,67
2022-05-02,SKU0042,174,238,21.0,67
2022-05-09,SKU0042,154,0,21.0,67
2022-05-16,SKU0042,140,0,21.0,67
2022-05-23,SKU0042,125,0,21.0,67
2022-05-30,SKU0042,110,0,21.0,67
2022-06-06,SKU0042,95,0,21.0,67
2022-06-13,SKU0042,80,0,21.0,67
2022-06-20,SKU0042,236,210,21.0,67
2022-06-27,SKU0042,225,0,21.0,67
2022-07-04,SKU0042,214,0,21.0,67
2022-07-11,SKU0042,197,0,21.0,67
2022-07-18,SKU0042,180,0,21.0,67
2022-07-25,SKU0042,169,0,21.0,67
2022-08-01,SKU0042,154,0,21.0,67
2022-08-08,SKU0042,140,0,21.0,67
2022-08-15,SKU0042,132,0,21.0,67
2022-08-22,SKU0042,120,0,21.0,67
2022-08-29,SKU0042,111,0,21.0,67
2022-09-05,SKU0042,95,0,21.0,67
2022-09-12,SKU0042,75,0,21.0,67
2022-09-19,SKU0042,61,216,21.0,67
2022-09-26,SKU0042,213,216,21.0,67
2022-10-03,SKU0042,202,0,21.0,67
2022-10-10,SKU0042,183,0,21.0,67
2022-10-17,SKU0042,166,0,21.0,67
2022-10-24,SKU0042,154,0,21.0,67
2022-10-31,SKU0042,133,0,21.0,67
2022-11-07,SKU0042,110,0,21.0,67
2022-11-14,SKU0042,84,0,21.0,67
2022-11-21,SKU0042,71,0,21.0,67
2022-11-28,SKU0042,151,238,21.0,67
2022-12-05,SKU0042,137,0,21.0,67
2022-12-12,SKU0042,123,0,21.0,67
2022-12-19,SKU0042,110,0,21.0,67
2022-12-26,SKU0042,97,0,21.0,67
2023-01-02,SKU0042,78,0,21.0,67
2023-01-09,SKU0042,55,189,21.0,67
2023-01-16,SKU0042,151,186,21.0,67
2023-01-23,SKU0042,124,0,21.0,67
2023-01-30,SKU0042,100,0,21.0,67
2023-02-06,SKU0042,74,0,21.0,67
2023-02-13,SKU0042,61,231,21.0,67
2023-02-20,SKU0042,46,139,21.0,67
2023-02-27,SKU0042,161,226,21.0,67
2023-03-06,SKU0042,143,0,21.0,67
2023-03-13,SKU0042,128,0,21.0,67
2023-03-20,SKU0042,115,0,21.0,67
2023-03-27,SKU0042,103,0,21.0,67
2023-04-03,SKU0042,91,0,21.0,67
2023-04-10,SKU0042,76,0,21.0,67
2023-04-17,SKU0042,168,159,21.0,67
2023-04-24,SKU0042,154,0,21.0,67
2023-05-01,SKU0042,140,0,21.0,67
2023-05-08,SKU0042,121,0,21.0,67
2023-05-15,SKU0042,109,0,21.0,67
2023-05-22,SKU0042,90,0,21.0,67
2023-05-29,SKU0042,73,0,21.0,67
2023-06-05,SKU0042,171,198,21.0,67
2023-06-12,SKU0042,162,0,21.0,67
2023-06-19,SKU0042,147,0,21.0,67
2023-06-26,SKU0042,133,0,21.0,67
2023-07-03,SKU0042,125,0,21.0,67
2023-07-10,SKU0042,108,0,21.0,67
2023-07-17,SKU0042,93,0,21.0,67
2023-07-24,SKU0042,79,0,21.0,67
2023-07-31,SKU0042,71,0,21.0,67
2023-08-07,SKU0042,54,189,21.0,67
2023-08-14,SKU0042,37,221,21.0,67
2023-08-21,SKU0042,26,182,21.0,67
2023-08-28,SKU0042,18,152,21.0,67
2023-09-04,SKU0042,176,137,21.0,67
2023-09-11,SKU0042,152,0,21.0,67
2023-09-18,SKU0042,132,0,21.0,67
2023-09-25,SKU0042,107,0,21.0,67
2023-10-02,SKU0042,87,0,21.0,67
2023-10-09,SKU0042,215,226,21.0,67
2023-10-16,SKU0042,198,0,21.0,67
2023-10-23,SKU0042,174,0,21.0,67
2023-10-30,SKU0042,151,0,21.0,67
2023-11-06,SKU0042,133,0,21.0,67
2023-11-13,SKU0042,111,0,21.0,67
2023-11-20,SKU0042,86,0,,67
2023-11-27,SKU0042,67,224,21.0,67
2023-12-04,SKU0042,43,143,,67
2023-12-11,SKU0042,197,180,21.0,67
2023-12-18,SKU0042,179,0,21.0,67
2023-12-25,SKU0042,153,0,21.0,67
2022-01-03,SKU0043,61,0,14.0,31
2022-01-10,SKU0043,52,0,14.0,31
2022-01-17,SKU0043,42,0,14.0,31
2022-01-24,SKU0043,22,165,14.0,31
2022-01-31,SKU0043,123,130,14.0,31
2022-02-07,SKU0043,106,0,14.0,31
2022-02-14,SKU0043,91,0,14.0,31
2022-02-21,SKU0043,78,0,14.0,31
2022-02-28,SKU0043,69,0,14.0,31
2022-03-07,SKU0043,61,0,14.0,31
2022-03-14,SKU0043,55,0,14.0,31
2022-03-21,SKU0043,41,0,14.0,31
2022-03-28,SKU0043,34,0,14.0,31
2022-04-04,SKU0043,152,168,14.0,31
2022-04-11,SKU0043,141,0,14.0,31
2022-04-18,SKU0043,131,0,14.0,31
2022-04-25,SKU0043,122,0,14.0,31
2022-05-02,SKU0043,110,0,14.0,31
2022-05-09,SKU0043,101,0,14.0,31
2022-05-16,SKU0043,92,0,14.0,31
2022-05-23,SKU0043,86,0,14.0,31
2022-05-30,SKU0043,78,0,14.0,31
2022-06-06,SKU0043,67,0,14.0,31
2022-06-13,SKU0043,61,0,14.0,31
2022-06-20,SKU0043,52,0,14.0,31
2022-06-27,SKU0043,42,0,14.0,31
2022-07-04,SKU0043,30,166,14.0,31
2022-07-11,SKU0043,21,102,14.0,31
2022-07-18,SKU0043,77,153,14.0,31
2022-07-25,SKU0043,71,0,14.0,31
2022-08-01,SKU0043,60,0,14.0,31
2022-08-08,SKU0043,49,0,14.0,31
2022-08-15,SKU0043,39,0,14.0,31
2022-08-22,SKU0043,32,0,14.0,31
2022-08-29,SKU0043,20,149,14.0,31
2022-09-05,SKU0043,88,161,14.0,31
2022-09-12,SKU0043,72,0,14.0,31
2022-09-19,SKU0043,57,0,14.0,31
2022-09-26,SKU0043,40,0,14.0,31
2022-10-03,SKU0043,114,125,14.0,31
2022-10-10,SKU0043,105,0,14.0,31
2022-10-17,SKU0043,97,0,14.0,31
2022-10-24,SKU0043,80,0,14.0,31
2022-10-31,SKU0043,63,0,14.0,31
2022-11-07,SKU0043,49,0,14.0,31
2022-11-14,SKU0043,41,0,14.0,31
2022-11-21,SKU0043,116,145,14.0,31
2022-11-28,SKU0043,108,0,14.0,31
2022-12-05,SKU0043,98,0,14.0,31
2022-12-12,SKU0043,79,0,14.0,31
2022-12-19,SKU0043,62,0,14.0,31
2022-12-26,SKU0043,47,0,14.0,31
2023-01-02,SKU0043,148,132,14.0,31
2023-01-09,SKU0043,136,0,14.0,31
2023-01-16,SKU0043,120,0,14.0,31
2023-01-23,SKU0043,111,0,14.0,31
2023-01-30,SKU0043,94,0,14.0,31
2023-02-06,SKU0043,75,0,14.0,31
2023-02-13,SKU0043,59,0,14.0,31
2023-02-20,SKU0043,42,0,14.0,31
2023-02-27,SKU0043,110,135,14.0,31
2023-03-06,SKU0043,104,0,14.0,31
2023-03-13,SKU0043,93,0,14.0,31
2023-03-20,SKU0043,84,0,14.0,31
2023-03-27,SKU0043,78,0,14.0,31
2023-04-03,SKU0043,70,0,14.0,31
2023-04-10,SKU0043,61,0,14.0,31
2023-04-17,SKU0043,54,0,14.0,31
2023-04-24,SKU0043,46,0,14.0,31
2023-05-01,SKU0043,37,0,14.0,31
2023-05-08,SKU0043,121,165,14.0,31
2023-05-15,SKU0043,114,0,14.0,31
2023-05-22,SKU0043,103,0,14.0,31
2023-05-29,SKU0043,96,0,14.0,31
2023-06-05,SKU0043,89,0,14.0,31
2023-06-12,SKU0043,77,0,14.0,31
2023-06-19,SKU0043,67,0,14.0,31
2023-06-26,SKU0043,55,0,14.0,31
2023-07-03,SKU0043,47,0,14.0,31
2023-07-10,SKU0043,37,0,14.0,31
2023-07-17,SKU0043,29,149,,31
2023-07-24,SKU0043,18,154,14.0,31
2023-07-31,SKU0043,11,105,14.0,31
2023-08-07,SKU0043,117,149,14.0,31
2023-08-14,SKU0043,109,0,14.0,31
2023-08-21,SKU0043,99,0,14.0,31
2023-08-28,SKU0043,91,0,14.0,31
2023-09-04,SKU0043,77,0,14.0,31
2023-09-11,SKU0043,69,0,14.0,31
2023-09-18,SKU0043,59,0,14.0,31
2023-09-25,SKU0043,47,0,14.0,31
2023-10-02,SKU0043,33,0,,31
2023-10-09,SKU0043,19,122,14.0,31
2023-10-16,SKU0043,93,127,14.0,31
2023-10-23,SKU0043,76,0,14.0,31
2023-10-30,SKU0043,63,0,14.0,31
2023-11-06,SKU0043,50,0,14.0,31
2023-11-13,SKU0043,34,0,14.0,31
2023-11-20,SKU0043,17,125,14.0,31
2023-11-27,SKU0043,113,146,14.0,31
2023-12-04,SKU0043,102,0,14.0,31
2023-12-11,SKU0043,85,0,14.0,31
2023-12-18,SKU0043,70,0,14.0,31
2023-12-25,SKU0043,54,0,14.0,31
2022-01-03,SKU0044,27,0,10.0,18
2022-01-10,SKU0044,97,104,10.0,18
2022-01-17,SKU0044,82,0,10.0,18
2022-01-24,SKU0044,72,0,10.0,18
2022-01-31,SKU0044,65,0,10.0,18
2022-02-07,SKU0044,52,0,10.0,18
2022-02-14,SKU0044,37,0,10.0,18
2022-02-21,SKU0044,24,0,10.0,18
2022-02-28,SKU0044,81,95,10.0,18
2022-03-07,SKU0044,76,0,10.0,18
2022-03-14,SKU0044,68,0,10.0,18
2022-03-21,SKU0044,59,0,10.0,18
2022-03-28,SKU0044,49,0,10.0,18
2022-04-04,SKU0044,38,0,10.0,18
2022-04-11,SKU0044,32,0,10.0,18
2022-04-18,SKU0044,25,0,10.0,18
2022-04-25,SKU0044,87,118,10.0,18
2022-05-02,SKU0044,80,0,10.0,18
2022-05-09,SKU0044,74,0,10.0,18
2022-05-16,SKU0044,68,0,10.0,18
2022-05-23,SKU0044,59,0,10.0,18
2022-05-30,SKU0044,50,0,10.0,18
2022-06-06,SKU0044,44,0,10.0,18
2022-06-13,SKU0044,37,0,10.0,18
2022-06-20,SKU0044,31,0,10.0,18
2022-06-27,SKU0044,22,0,10.0,18
2022-07-04,SKU0044,119,73,10.0,18
2022-07-11,SKU0044,114,0,10.0,18
2022-07-18,SKU0044,108,0,10.0,18
2022-07-25,SKU0044,100,0,10.0,18
2022-08-01,SKU0044,92,0,10.0,18
2022-08-08,SKU0044,86,0,10.0,18
2022-08-15,SKU0044,80,0,10.0,18
2022-08-22,SKU0044,76,0,10.0,18
2022-08-29,SKU0044,69,0,10.0,18
2022-09-05,SKU0044,63,0,10.0,18
2022-09-12,SKU0044,50,0,10.0,18
2022-09-19,SKU0044,36,0,10.0,18
2022-09-26,SKU0044,29,0,10.0,18
2022-10-03,SKU0044,18,110,10.0,18
2022-10-10,SKU0044,65,113,10.0,18
2022-10-17,SKU0044,51,0,10.0,18
2022-10-24,SKU0044,39,0,10.0,18
2022-10-31,SKU0044,25,0,10.0,18
2022-11-07,SKU0044,95,100,10.0,18
2022-11-14,SKU0044,87,0,10.0,18
2022-11-21,SKU0044,74,0,10.0,18
2022-11-28,SKU0044,68,0,10.0,18
2022-12-05,SKU0044,55,0,10.0,18
2022-12-12,SKU0044,42,0,10.0,18
2022-12-19,SKU0044,33,0,10.0,18
2022-12-26,SKU0044,26,0,10.0,18
2023-01-02,SKU0044,12,79,10.0,18
2023-01-09,SKU0044,3,96,10.0,18
2023-01-16,SKU0044,78,75,10.0,18
2023-01-23,SKU0044,62,0,10.0,18
2023-01-30,SKU0044,49,0,10.0,18
2023-02-06,SKU0044,36,0,10.0,18
2023-02-13,SKU0044,29,0,10.0,18
2023-02-20,SKU0044,19,0,10.0,18
2023-02-27,SKU0044,101,129,10.0,18
2023-03-06,SKU0044,92,0,10.0,18
2023-03-13,SKU0044,82,0,10.0,18
2023-03-20,SKU0044,73,0,10.0,18
2023-03-27,SKU0044,64,0,,18
2023-04-03,SKU0044,53,0,10.0,18
2023-04-10,SKU0044,43,0,10.0,18
2023-04-17,SKU0044,35,0,10.0,18
2023-04-24,SKU0044,24,0,10.0,18
2023-05-01,SKU0044,15,130,10.0,18
2023-05-08,SKU0044,6,123,10.0,18
2023-05-15,SKU0044,67,102,10.0,18
2023-05-22,SKU0044,61,0,10.0,18
2023-05-29,SKU0044,50,0,10.0,18
2023-06-05,SKU0044,42,0,10.0,18
2023-06-12,SKU0044,36,0,10.0,18
2023-06-19,SKU0044,28,0,10.0,18
2023-06-26,SKU0044,24,0,10.0,18
2023-07-03,SKU0044,101,71,10.0,18
2023-07-10,SKU0044,94,0,10.0,18
2023-07-17,SKU0044,86,0,10.0,18
2023-07-24,SKU0044,81,0,10.0,18
2023-07-31,SKU0044,72,0,10.0,18
2023-08-07,SKU0044,67,0,10.0,18
2023-08-14,SKU0044,63,0,10.0,18
2023-08-21,SKU0044,57,0,10.0,18
2023-08-28,SKU0044,51,0,10.0,18
2023-09-04,SKU0044,45,0,10.0,18
2023-09-11,SKU0044,35,0,10.0,18
2023-09-18,SKU0044,22,0,10.0,18
2023-09-25,SKU0044,11,121,10.0,18
2023-10-02,SKU0044,1,126,10.0,18
2023-10-09,SKU0044,66,130,10.0,18
2023-10-16,SKU0044,60,0,10.0,18
2023-10-23,SKU0044,54,0,10.0,18
2023-10-30,SKU0044,40,0,10.0,18
2023-11-06,SKU0044,27,0,10.0,18
2023-11-13,SKU0044,21,0,10.0,18
2023-11-20,SKU0044,108,98,10.0,18
2023-11-27,SKU0044,97,0,10.0,18
2023-12-04,SKU0044,88,0,10.0,18
2023-12-11,SKU0044,74,0,10.0,18
2023-12-18,SKU0044,61,0,10.0,18
2023-12-25,SKU0044,46,0,10.0,18
2022-01-03,SKU0045,8,0,7.0,3
2022-01-10,SKU0045,6,0,7.0,3
2022-01-17,SKU0045,3,19,7.0,3
2022-01-24,SKU0045,1,21,7.0,3
2022-01-31,SKU0045,0,24,7.0,3
2022-02-07,SKU0045,0,31,7.0,3
2022-02-14,SKU0045,0,18,7.0,3
2022-02-21,SKU0045,18,29,7.0,3
2022-02-28,SKU0045,16,0,7.0,3
2022-03-07,SKU0045,14,0,7.0,3
2022-03-14,SKU0045,12,0,7.0,3
2022-03-21,SKU0045,10,0,7.0,3
2022-03-28,SKU0045,8,0,7.0,3
2022-04-04,SKU0045,6,0,7.0,3
2022-04-11,SKU0045,5,0,7.0,3
2022-04-18,SKU0045,4,0,7.0,3
2022-04-25,SKU0045,16,20,7.0,3
2022-05-02,SKU0045,15,0,7.0,3
2022-05-09,SKU0045,14,0,7.0,3
2022-05-16,SKU0045,13,0,7.0,3
2022-05-23,SKU0045,12,0,7.0,3
2022-05-30,SKU0045,10,0,7.0,3
2022-06-06,SKU0045,9,0,7.0,3
2022-06-13,SKU0045,7,0,7.0,3
2022-06-20,SKU0045,6,0,7.0,3
2022-06-27,SKU0045,4,0,7.0,3
2022-07-04,SKU0045,27,20,7.0,3
2022-07-11,SKU0045,26,0,7.0,3
2022-07-18,SKU0045,24,0,7.0,3
2022-07-25,SKU0045,22,0,7.0,3
2022-08-01,SKU0045,20,0,7.0,3
2022-08-08,SKU0045,18,0,7.0,3
2022-08-15,SKU0045,17,0,7.0,3
2022-08-22,SKU0045,16,0,7.0,3
2022-08-29,SKU0045,14,0,7.0,3
2022-09-05,SKU0045,11,0,7.0,3
2022-09-12,SKU0045,9,0,7.0,3
2022-09-19,SKU0045,6,0,7.0,3
2022-09-26,SKU0045,5,0,7.0,3
2022-10-03,SKU0045,4,0,7.0,3
2022-10-10,SKU0045,3,21,7.0,3
2022-10-17,SKU0045,18,22,7.0,3
2022-10-24,SKU0045,15,0,7.0,3
2022-10-31,SKU0045,13,0,7.0,3
2022-11-07,SKU0045,11,0,7.0,3
2022-11-14,SKU0045,8,0,7.0,3
2022-11-21,SKU0045,7,0,7.0,3
2022-11-28,SKU0045,4,0,7.0,3
2022-12-05,SKU0045,2,20,7.0,3
2022-12-12,SKU0045,12,18,7.0,3
2022-12-19,SKU0045,9,0,7.0,3
2022-12-26,SKU0045,6,0,7.0,3
2023-01-02,SKU0045,3,19,7.0,3
2023-01-09,SKU0045,15,18,7.0,3
2023-01-16,SKU0045,13,0,7.0,3
2023-01-23,SKU0045,11,0,7.0,3
2023-01-30,SKU0045,9,0,7.0,3
2023-02-06,SKU0045,6,0,7.0,3
2023-02-13,SKU0045,4,0,7.0,3
2023-02-20,SKU0045,1,29,7.0,3
2023-02-27,SKU0045,22,31,7.0,3
2023-03-06,SKU0045,20,0,7.0,3
2023-03-13,SKU0045,18,0,7.0,3
2023-03-20,SKU0045,17,0,7.0,3
2023-03-27,SKU0045,15,0,7.0,3
2023-04-03,SKU0045,13,0,7.0,3
2023-04-10,SKU0045,12,0,7.0,3
2023-04-17,SKU0045,10,0,7.0,3
2023-04-24,SKU0045,8,0,7.0,3
2023-05-01,SKU0045,7,0,7.0,3
2023-05-08,SKU0045,6,0,7.0,3
2023-05-15,SKU0045,4,0,7.0,3
2023-05-22,SKU0045,3,30,7.0,3
2023-05-29,SKU0045,24,29,7.0,3
2023-06-05,SKU0045,23,0,7.0,3
2023-06-12,SKU0045,22,0,,3
2023-06-19,SKU0045,21,0,7.0,3
2023-06-26,SKU0045,19,0,7.0,3
2023-07-03,SKU0045,18,0,7.0,3
2023-07-10,SKU0045,17,0,7.0,3
2023-07-17,SKU0045,16,0,7.0,3
2023-07-24,SKU0045,15,0,7.0,3
2023-07-31,SKU0045,13,0,7.0,3
2023-08-07,SKU0045,12,0,7.0,3
2023-08-14,SKU0045,11,0,7.0,3
2023-08-21,SKU0045,9,0,7.0,3
2023-08-28,SKU0045,8,0,7.0,3
2023-09-04,SKU0045,7,0,7.0,3
2023-09-11,SKU0045,4,0,7.0,3
2023-09-18,SKU0045,2,25,7.0,3
2023-09-25,SKU0045,1,24,7.0,3
2023-10-02,SKU0045,19,24,7.0,3
2023-10-09,SKU0045,16,0,7.0,3
2023-10-16,SKU0045,14,0,7.0,3
2023-10-23,SKU0045,12,0,7.0,3
2023-10-30,SKU0045,10,0,7.0,3
2023-11-06,SKU0045,8,0,7.0,3
2023-11-13,SKU0045,5,0,7.0,3
2023-11-20,SKU0045,2,18,7.0,3
2023-11-27,SKU0045,20,30,7.0,3
2023-12-04,SKU0045,17,0,7.0,3
2023-12-11,SKU0045,15,0,7.0,3
2023-12-18,SKU0045,13,0,7.0,3
2023-12-25,SKU0045,10,0,7.0,3
2022-01-03,SKU0046,50,0,10.0,11
2022-01-10,SKU0046,42,0,10.0,11
2022-01-17,SKU0046,37,0,10.0,11
2022-01-24,SKU0046,28,0,10.0,11
2022-01-31,SKU0046,21,0,10.0,11
2022-02-07,SKU0046,15,0,10.0,11
2022-02-14,SKU0046,49,81,10.0,11
2022-02-21,SKU0046,41,0,10.0,11
2022-02-28,SKU0046,35,0,10.0,11
2022-03-07,SKU0046,31,0,10.0,11
2022-03-14,SKU0046,27,0,10.0,11
2022-03-21,SKU0046,23,0,10.0,11
2022-03-28,SKU0046,20,0,10.0,11
2022-04-04,SKU0046,16,0,10.0,11
2022-04-11,SKU0046,12,0,10.0,11
2022-04-18,SKU0046,7,80,10.0,11
2022-04-25,SKU0046,4,74,10.0,11
2022-05-02,SKU0046,0,70,,11
2022-05-09,SKU0046,34,47,10.0,11
2022-05-16,SKU0046,31,0,,11
2022-05-23,SKU0046,25,0,10.0,11
2022-05-30,SKU0046,20,0,10.0,11
2022-06-06,SKU0046,16,0,10.0,11
2022-06-13,SKU0046,12,0,10.0,11
2022-06-20,SKU0046,7,69,10.0,11
2022-06-27,SKU0046,3,64,10.0,11
2022-07-04,SKU0046,45,56,10.0,11
2022-07-11,SKU0046,42,0,10.0,11
2022-07-18,SKU0046,40,0,10.0,11
2022-07-25,SKU0046,37,0,10.0,11
2022-08-01,SKU0046,34,0,10.0,11
2022-08-08,SKU0046,30,0,10.0,11
2022-08-15,SKU0046,27,0,10.0,11
2022-08-22,SKU0046,23,0,10.0,11
2022-08-29,SKU0046,19,0,10.0,11
2022-09-05,SKU0046,16,0,10.0,11
2022-09-12,SKU0046,11,52,,11
2022-09-19,SKU0046,3,70,10.0,11
2022-09-26,SKU0046,0,70,10.0,11
2022-10-03,SKU0046,0,65,10.0,11
2022-10-10,SKU0046,46,56,10.0,11
2022-10-17,SKU0046,39,0,10.0,11
2022-10-24,SKU0046,35,0,10.0,11
2022-10-31,SKU0046,29,0,10.0,11
2022-11-07,SKU0046,24,0,10.0,11
2022-11-14,SKU0046,16,0,10.0,11
2022-11-21,SKU0046,12,0,10.0,11
2022-11-28,SKU0046,5,80,10.0,11
2022-12-05,SKU0046,0,73,10.0,11
2022-12-12,SKU0046,0,71,10.0,11
2022-12-19,SKU0046,0,49,10.0,11
2022-12-26,SKU0046,0,58,10.0,11
2023-01-02,SKU0046,0,78,10.0,11
2023-01-09,SKU0046,59,46,10.0,11
2023-01-16,SKU0046,49,0,10.0,11
2023-01-23,SKU0046,41,0,10.0,11
2023-01-30,SKU0046,35,0,10.0,11
2023-02-06,SKU0046,30,0,10.0,11
2023-02-13,SKU0046,21,0,10.0,11
2023-02-20,SKU0046,14,0,10.0,11
2023-02-27,SKU0046,7,57,10.0,11
2023-03-06,SKU0046,60,55,10.0,11
2023-03-13,SKU0046,57,0,10.0,11
2023-03-20,SKU0046,51,0,10.0,11
2023-03-27,SKU0046,48,0,10.0,11
2023-04-03,SKU0046,45,0,10.0,11
2023-04-10,SKU0046,41,0,10.0,11
2023-04-17,SKU0046,37,0,10.0,11
2023-04-24,SKU0046,32,0,10.0,11
2023-05-01,SKU0046,27,0,10.0,11
2023-05-08,SKU0046,23,0,10.0,11
2023-05-15,SKU0046,17,0,10.0,11
2023-05-22,SKU0046,12,0,10.0,11
2023-05-29,SKU0046,9,81,10.0,11
2023-06-05,SKU0046,5,54,10.0,11
2023-06-12,SKU0046,1,59,10.0,11
2023-06-19,SKU0046,0,47,10.0,11
2023-06-26,SKU0046,0,65,10.0,11
2023-07-03,SKU0046,0,41,10.0,11
2023-07-10,SKU0046,0,78,10.0,11
2023-07-17,SKU0046,53,55,10.0,11
2023-07-24,SKU0046,48,0,10.0,11
2023-07-31,SKU0046,43,0,10.0,11
2023-08-07,SKU0046,41,0,10.0,11
2023-08-14,SKU0046,37,0,10.0,11
2023-08-21,SKU0046,35,0,10.0,11
2023-08-28,SKU0046,30,0,10.0,11
2023-09-04,SKU0046,22,0,10.0,11
2023-09-11,SKU0046,15,0,10.0,11
2023-09-18,SKU0046,10,42,10.0,11
2023-09-25,SKU0046,5,74,10.0,11
2023-10-02,SKU0046,0,80,10.0,11
2023-10-09,SKU0046,0,65,10.0,11
2023-10-16,SKU0046,0,53,10.0,11
2023-10-23,SKU0046,45,76,10.0,11
2023-10-30,SKU0046,40,0,10.0,11
2023-11-06,SKU0046,36,0,10.0,11
2023-11-13,SKU0046,29,0,10.0,11
2023-11-20,SKU0046,24,0,10.0,11
2023-11-27,SKU0046,16,0,10.0,11
2023-12-04,SKU0046,12,0,10.0,11
2023-12-11,SKU0046,60,42,10.0,11
2023-12-18,SKU0046,50,0,10.0,11
2023-12-25,SKU0046,46,0,10.0,11
2022-01-03,SKU0047,62,0,7.0,10
2022-01-10,SKU0047,49,0,7.0,10
2022-01-17,SKU0047,37,0,7.0,10
2022-01-24,SKU0047,31,0,7.0,10
2022-01-31,SKU0047,21,0,7.0,10
2022-02-07,SKU0047,10,63,7.0,10
2022-02-14,SKU0047,5,84,7.0,10
2022-02-21,SKU0047,0,90,7.0,10
2022-02-28,SKU0047,0,94,7.0,10
2022-03-07,SKU0047,0,93,7.0,10
2022-03-14,SKU0047,0,108,7.0,10
2022-03-21,SKU0047,0,102,7.0,10
2022-03-28,SKU0047,0,95,7.0,10
2022-04-04,SKU0047,78,88,7.0,10
2022-04-11,SKU0047,73,0,7.0,10
2022-04-18,SKU0047,68,0,7.0,10
2022-04-25,SKU0047,59,0,7.0,10
2022-05-02,SKU0047,53,0,7.0,10
2022-05-09,SKU0047,46,0,7.0,10
2022-05-16,SKU0047,42,0,7.0,10
2022-05-23,SKU0047,33,0,7.0,10
2022-05-30,SKU0047,29,0,7.0,10
2022-06-06,SKU0047,22,0,7.0,10
2022-06-13,SKU0047,15,0,7.0,10
2022-06-20,SKU0047,10,99,7.0,10
2022-06-27,SKU0047,6,109,7.0,10
2022-07-04,SKU0047,1,59,7.0,10
2022-07-11,SKU0047,0,97,7.0,10
2022-07-18,SKU0047,69,89,7.0,10
2022-07-25,SKU0047,64,0,7.0,10
2022-08-01,SKU0047,58,0,7.0,10
2022-08-08,SKU0047,53,0,7.0,10
2022-08-15,SKU0047,45,0,7.0,10
2022-08-22,SKU0047,40,0,7.0,10
2022-08-29,SKU0047,36,0,7.0,10
2022-09-05,SKU0047,28,0,7.0,10
2022-09-12,SKU0047,18,0,,10
2022-09-19,SKU0047,7,83,7.0,10
2022-09-26,SKU0047,81,60,7.0,10
2022-10-03,SKU0047,72,0,7.0,10
2022-10-10,SKU0047,63,0,7.0,10
2022-10-17,SKU0047,54,0,7.0,10
2022-10-24,SKU0047,43,0,7.0,10
2022-10-31,SKU0047,33,0,7.0,10
2022-11-07,SKU0047,24,0,7.0,10
2022-11-14,SKU0047,17,0,7.0,10
2022-11-21,SKU0047,9,59,7.0,10
2022-11-28,SKU0047,3,100,7.0,10
2022-12-05,SKU0047,64,78,7.0,10
2022-12-12,SKU0047,54,0,7.0,10
2022-12-19,SKU0047,45,0,7.0,10
2022-12-26,SKU0047,36,0,7.0,10
2023-01-02,SKU0047,25,0,7.0,10
2023-01-09,SKU0047,13,0,7.0,10
2023-01-16,SKU0047,7,68,7.0,10
2023-01-23,SKU0047,1,95,7.0,10
2023-01-30,SKU0047,0,75,7.0,10
2023-02-06,SKU0047,42,103,7.0,10
2023-02-13,SKU0047,33,0,7.0,10
2023-02-20,SKU0047,23,0,7.0,10
2023-02-27,SKU0047,15,0,7.0,10
2023-03-06,SKU0047,89,71,7.0,10
2023-03-13,SKU0047,82,0,7.0,10
2023-03-20,SKU0047,74,0,7.0,10
2023-03-27,SKU0047,68,0,7.0,10
2023-04-03,SKU0047,61,0,7.0,10
2023-04-10,SKU0047,53,0,7.0,10
2023-04-17,SKU0047,49,0,7.0,10
2023-04-24,SKU0047,43,0,7.0,10
2023-05-01,SKU0047,39,0,7.0,10
2023-05-08,SKU0047,32,0,7.0,10
2023-05-15,SKU0047,27,0,7.0,10
2023-05-22,SKU0047,19,0,,10
2023-05-29,SKU0047,10,67,7.0,10
2023-06-05,SKU0047,52,87,7.0,10
2023-06-12,SKU0047,48,0,7.0,10
2023-06-19,SKU0047,44,0,7.0,10
2023-06-26,SKU0047,38,0,7.0,10
2023-07-03,SKU0047,33,0,7.0,10
2023-07-10,SKU0047,25,0,7.0,10
2023-07-17,SKU0047,19,0,7.0,10
2023-07-24,SKU0047,12,0,7.0,10
2023-07-31,SKU0047,87,105,7.0,10
2023-08-07,SKU0047,82,0,7.0,10
2023-08-14,SKU0047,79,0,7.0,10
2023-08-21,SKU0047,75,0,7.0,10
2023-08-28,SKU0047,72,0,7.0,10
2023-09-04,SKU0047,66,0,7.0,10
2023-09-11,SKU0047,60,0,7.0,10
2023-09-18,SKU0047,52,0,7.0,10
2023-09-25,SKU0047,46,0,7.0,10
2023-10-02,SKU0047,35,0,7.0,10
2023-10-09,SKU0047,25,0,7.0,10
2023-10-16,SKU0047,14,0,7.0,10
2023-10-23,SKU0047,64,79,7.0,10
2023-10-30,SKU0047,53,0,7.0,10
2023-11-06,SKU0047,43,0,7.0,10
2023-11-13,SKU0047,34,0,7.0,10
2023-11-20,SKU0047,27,0,7.0,10
2023-11-27,SKU0047,20,0,7.0,10
2023-12-04,SKU0047,12,0,7.0,10
2023-12-11,SKU0047,4,107,7.0,10
2023-12-18,SKU0047,0,84,7.0,10
2023-12-25,SKU0047,0,65,7.0,10
2022-01-03,SKU0048,261,0,21.0,194
2022-01-10,SKU0048,201,0,21.0,194
2022-01-17,SKU0048,139,456,21.0,194
2022-01-24,SKU0048,539,603,21.0,194
2022-01-31,SKU0048,480,0,21.0,194
2022-02-07,SKU0048,426,0,21.0,194
2022-02-14,SKU0048,358,0,21.0,194
2022-02-21,SKU0048,303,0,21.0,194
2022-02-28,SKU0048,266,0,21.0,194
2022-03-07,SKU0048,216,0,21.0,194
2022-03-14,SKU0048,569,605,21.0,194
2022-03-21,SKU0048,534,0,21.0,194
2022-03-28,SKU0048,504,0,,194
2022-04-04,SKU0048,447,0,21.0,194
2022-04-11,SKU0048,389,0,21.0,194
2022-04-18,SKU0048,356,0,21.0,194
2022-04-25,SKU0048,321,0,21.0,194
2022-05-02,SKU0048,267,0,21.0,194
2022-05-09,SKU0048,217,0,21.0,194
2022-05-16,SKU0048,597,565,21.0,194
2022-05-23,SKU0048,557,0,21.0,194
2022-05-30,SKU0048,517,0,21.0,194
2022-06-06,SKU0048,491,0,21.0,194
2022-06-13,SKU0048,456,0,,194
2022-06-20,SKU0048,410,0,21.0,194
2022-06-27,SKU0048,383,0,21.0,194
2022-07-04,SKU0048,354,0,21.0,194
2022-07-11,SKU0048,308,0,21.0,194
2022-07-18,SKU0048,262,0,21.0,194
2022-07-25,SKU0048,238,0,21.0,194
2022-08-01,SKU0048,640,451,21.0,194
2022-08-08,SKU0048,605,0,21.0,194
2022-08-15,SKU0048,579,0,21.0,194
2022-08-22,SKU0048,549,0,21.0,194
2022-08-29,SKU0048,504,0,21.0,194
2022-09-05,SKU0048,437,0,21.0,194
2022-09-12,SKU0048,373,0,21.0,194
2022-09-19,SKU0048,335,0,21.0,194
2022-09-26,SKU0048,280,0,21.0,194
2022-10-03,SKU0048,228,0,21.0,194
2022-10-10,SKU0048,187,430,21.0,194
2022-10-17,SKU0048,150,564,21.0,194
2022-10-24,SKU0048,81,595,21.0,194
2022-10-31,SKU0048,488,399,21.0,194
2022-11-07,SKU0048,419,0,21.0,194
2022-11-14,SKU0048,353,0,21.0,194
2022-11-21,SKU0048,314,0,21.0,194
2022-11-28,SKU0048,262,0,21.0,194
2022-12-05,SKU0048,190,424,21.0,194
2022-12-12,SKU0048,135,660,21.0,194
2022-12-19,SKU0048,530,565,21.0,194
2022-12-26,SKU0048,452,0,21.0,194
2023-01-02,SKU0048,381,0,21.0,194
2023-01-09,SKU0048,334,0,,194
2023-01-16,SKU0048,297,0,21.0,194
2023-01-23,SKU0048,231,0,21.0,194
2023-01-30,SKU0048,182,451,21.0,194
2023-02-06,SKU0048,424,495,21.0,194
2023-02-13,SKU0048,374,0,21.0,194
2023-02-20,SKU0048,327,0,21.0,194
2023-02-27,SKU0048,291,0,21.0,194
2023-03-06,SKU0048,236,0,21.0,194
2023-03-13,SKU0048,194,456,21.0,194
2023-03-20,SKU0048,510,681,21.0,194
2023-03-27,SKU0048,460,0,21.0,194
2023-04-03,SKU0048,400,0,21.0,194
2023-04-10,SKU0048,349,0,21.0,194
2023-04-17,SKU0048,302,0,21.0,194
2023-04-24,SKU0048,261,0,21.0,194
2023-05-01,SKU0048,214,0,21.0,194
2023-05-08,SKU0048,501,370,21.0,194
2023-05-15,SKU0048,467,0,21.0,194
2023-05-22,SKU0048,423,0,21.0,194
2023-05-29,SKU0048,387,0,21.0,194
2023-06-05,SKU0048,359,0,21.0,194
2023-06-12,SKU0048,311,0,21.0,194
2023-06-19,SKU0048,278,0,21.0,194
2023-06-26,SKU0048,246,0,21.0,194
2023-07-03,SKU0048,210,0,21.0,194
2023-07-10,SKU0048,163,659,21.0,194
2023-07-17,SKU0048,138,685,21.0,194
2023-07-24,SKU0048,91,503,21.0,194
2023-07-31,SKU0048,61,445,21.0,194
2023-08-07,SKU0048,31,471,21.0,194
2023-08-14,SKU0048,491,402,21.0,194
2023-08-21,SKU0048,464,0,21.0,194
2023-08-28,SKU0048,437,0,21.0,194
2023-09-04,SKU0048,378,0,21.0,194
2023-09-11,SKU0048,328,0,21.0,194
2023-09-18,SKU0048,283,0,21.0,194
2023-09-25,SKU0048,211,0,21.0,194
2023-10-02,SKU0048,159,569,21.0,194
2023-10-09,SKU0048,578,426,21.0,194
2023-10-16,SKU0048,504,0,21.0,194
2023-10-23,SKU0048,450,0,21.0,194
2023-10-30,SKU0048,418,0,21.0,194
2023-11-06,SKU0048,371,0,21.0,194
2023-11-13,SKU0048,298,0,21.0,194
2023-11-20,SKU0048,252,0,21.0,194
2023-11-27,SKU0048,523,504,21.0,194
2023-12-04,SKU0048,470,0,21.0,194
2023-12-11,SKU0048,423,0,21.0,194
2023-12-18,SKU0048,371,0,21.0,194
2023-12-25,SKU0048,307,0,21.0,194
2022-01-03,SKU0049,71,0,7.0,27
2022-01-10,SKU0049,39,0,7.0,27
2022-01-17,SKU0049,224,156,7.0,27
2022-01-24,SKU0049,203,0,7.0,27
2022-01-31,SKU0049,171,0,7.0,27
2022-02-07,SKU0049,137,0,7.0,27
2022-02-14,SKU0049,110,0,7.0,27
2022-02-21,SKU0049,88,0,7.0,27
2022-02-28,SKU0049,70,0,7.0,27
2022-03-07,SKU0049,56,0,7.0,27
2022-03-14,SKU0049,39,0,7.0,27
2022-03-21,SKU0049,22,172,7.0,27
2022-03-28,SKU0049,0,182,7.0,27
2022-04-04,SKU0049,0,241,7.0,27
2022-04-11,SKU0049,215,184,7.0,27
2022-04-18,SKU0049,198,0,7.0,27
2022-04-25,SKU0049,181,0,7.0,27
2022-05-02,SKU0049,160,0,7.0,27
2022-05-09,SKU0049,135,0,7.0,27
2022-05-16,SKU0049,110,0,7.0,27
2022-05-23,SKU0049,91,0,7.0,27
2022-05-30,SKU0049,72,0,7.0,27
2022-06-06,SKU0049,54,0,7.0,27
2022-06-13,SKU0049,34,0,7.0,27
2022-06-20,SKU0049,18,224,7.0,27
2022-06-27,SKU0049,223,149,7.0,27
2022-07-04,SKU0049,209,0,7.0,27
2022-07-11,SKU0049,194,0,7.0,27
2022-07-18,SKU0049,180,0,7.0,27
2022-07-25,SKU0049,166,0,7.0,27
2022-08-01,SKU0049,149,0,7.0,27
2022-08-08,SKU0049,135,0,7.0,27
2022-08-15,SKU0049,120,0,7.0,27
2022-08-22,SKU0049,104,0,7.0,27
2022-08-29,SKU0049,86,0,7.0,27
2022-09-05,SKU0049,59,0,7.0,27
2022-09-12,SKU0049,33,0,7.0,27
2022-09-19,SKU0049,18,180,7.0,27
2022-09-26,SKU0049,213,248,7.0,27
2022-10-03,SKU0049,193,0,7.0,27
2022-10-10,SKU0049,177,0,7.0,27
2022-10-17,SKU0049,153,0,7.0,27
2022-10-24,SKU0049,136,0,7.0,27
2022-10-31,SKU0049,109,0,7.0,27
2022-11-07,SKU0049,92,0,7.0,27
2022-11-14,SKU0049,69,0,7.0,27
2022-11-21,SKU0049,49,0,7.0,27
2022-11-28,SKU0049,23,243,7.0,27
2022-12-05,SKU0049,0,257,7.0,27
2022-12-12,SKU0049,175,241,7.0,27
2022-12-19,SKU0049,155,0,7.0,27
2022-12-26,SKU0049,130,0,7.0,27
2023-01-02,SKU0049,108,0,7.0,27
2023-01-09,SKU0049,73,0,7.0,27
2023-01-16,SKU0049,55,0,7.0,27
2023-01-23,SKU0049,28,0,7.0,27
2023-01-30,SKU0049,141,279,7.0,27
2023-02-06,SKU0049,120,0,7.0,27
2023-02-13,SKU0049,104,0,7.0,27
2023-02-20,SKU0049,73,0,7.0,27
2023-02-27,SKU0049,38,0,7.0,27
2023-03-06,SKU0049,19,248,7.0,27
2023-03-13,SKU0049,4,154,,27
2023-03-20,SKU0049,0,267,7.0,27
2023-03-27,SKU0049,149,176,7.0,27
2023-04-03,SKU0049,135,0,7.0,27
2023-04-10,SKU0049,120,0,7.0,27
2023-04-17,SKU0049,99,0,7.0,27
2023-04-24,SKU0049,80,0,7.0,27
2023-05-01,SKU0049,55,0,7.0,27
2023-05-08,SKU0049,42,0,7.0,27
2023-05-15,SKU0049,243,162,,27
2023-05-22,SKU0049,225,0,7.0,27
2023-05-29,SKU0049,214,0,7.0,27
2023-06-05,SKU0049,197,0,7.0,27
2023-06-12,SKU0049,180,0,7.0,27
2023-06-19,SKU0049,164,0,7.0,27
2023-06-26,SKU0049,152,0,7.0,27
2023-07-03,SKU0049,134,0,7.0,27
2023-07-10,SKU0049,113,0,7.0,27
2023-07-17,SKU0049,100,0,7.0,27
2023-07-24,SKU0049,87,0,7.0,27
2023-07-31,SKU0049,67,0,7.0,27
2023-08-07,SKU0049,50,0,7.0,27
2023-08-14,SKU0049,32,0,7.0,27
2023-08-21,SKU0049,18,211,7.0,27
2023-08-28,SKU0049,1,271,7.0,27
2023-09-04,SKU0049,196,238,7.0,27
2023-09-11,SKU0049,177,0,7.0,27
2023-09-18,SKU0049,146,0,7.0,27
2023-09-25,SKU0049,130,0,7.0,27
2023-10-02,SKU0049,98,0,7.0,27
2023-10-09,SKU0049,66,0,7.0,27
2023-10-16,SKU0049,35,0,7.0,27
2023-10-23,SKU0049,10,147,7.0,27
2023-10-30,SKU0049,0,173,7.0,27
2023-11-06,SKU0049,0,163,7.0,27
2023-11-13,SKU0049,0,200,7.0,27
2023-11-20,SKU0049,0,149,7.0,27
2023-11-27,SKU0049,167,210,7.0,27
2023-12-04,SKU0049,136,0,7.0,27
2023-12-11,SKU0049,104,0,7.0,27
2023-12-18,SKU0049,71,0,7.0,27
2023-12-25,SKU0049,43,0,7.0,27
2022-01-03,SKU0050,5,0,14.0,4
2022-01-10,SKU0050,15,12,14.0,4
2022-01-17,SKU0050,14,0,14.0,4
2022-01-24,SKU0050,12,0,14.0,4
2022-01-31,SKU0050,11,0,14.0,4
2022-02-07,SKU0050,10,0,14.0,4
2022-02-14,SKU0050,8,0,14.0,4
2022-02-21,SKU0050,7,0,14.0,4
2022-02-28,SKU0050,6,0,14.0,4
2022-03-07,SKU0050,5,0,14.0,4
2022-03-14,SKU0050,4,13,14.0,4
2022-03-21,SKU0050,4,15,14.0,4
2022-03-28,SKU0050,11,19,14.0,4
2022-04-04,SKU0050,10,0,14.0,4
2022-04-11,SKU0050,9,0,14.0,4
2022-04-18,SKU0050,8,0,14.0,4
2022-04-25,SKU0050,7,0,14.0,4
2022-05-02,SKU0050,6,0,14.0,4
2022-05-09,SKU0050,5,0,14.0,4
2022-05-16,SKU0050,18,12,14.0,4
2022-05-23,SKU0050,17,0,14.0,4
2022-05-30,SKU0050,16,0,14.0,4
2022-06-06,SKU0050,15,0,14.0,4
2022-06-13,SKU0050,14,0,14.0,4
2022-06-20,SKU0050,13,0,14.0,4
2022-06-27,SKU0050,12,0,14.0,4
2022-07-04,SKU0050,12,0,14.0,4
2022-07-11,SKU0050,11,0,14.0,4
2022-07-18,SKU0050,11,0,14.0,4
2022-07-25,SKU0050,10,0,14.0,4
2022-08-01,SKU0050,9,0,14.0,4
2022-08-08,SKU0050,8,0,14.0,4
2022-08-15,SKU0050,7,0,14.0,4
2022-08-22,SKU0050,6,0,14.0,4
2022-08-29,SKU0050,5,0,14.0,4
2022-09-05,SKU0050,15,20,14.0,4
2022-09-12,SKU0050,13,0,14.0,4
2022-09-19,SKU0050,12,0,14.0,4
2022-09-26,SKU0050,11,0,14.0,4
2022-10-03,SKU0050,9,0,14.0,4
2022-10-10,SKU0050,8,0,14.0,4
2022-10-17,SKU0050,7,0,14.0,4
2022-10-24,SKU0050,6,0,14.0,4
2022-10-31,SKU0050,5,0,14.0,4
2022-11-07,SKU0050,15,15,14.0,4
2022-11-14,SKU0050,13,0,14.0,4
2022-11-21,SKU0050,11,0,14.0,4
2022-11-28,SKU0050,10,0,14.0,4
2022-12-05,SKU0050,8,0,14.0,4
2022-12-12,SKU0050,6,0,14.0,4
2022-12-19,SKU0050,5,0,14.0,4
2022-12-26,SKU0050,4,22,14.0,4
2023-01-02,SKU0050,3,16,14.0,4
2023-01-09,SKU0050,1,18,14.0,4
2023-01-16,SKU0050,11,20,14.0,4
2023-01-23,SKU0050,10,0,14.0,4
2023-01-30,SKU0050,8,0,14.0,4
2023-02-06,SKU0050,7,0,14.0,4
2023-02-13,SKU0050,5,0,14.0,4
2023-02-20,SKU0050,4,21,14.0,4
2023-02-27,SKU0050,14,19,14.0,4
2023-03-06,SKU0050,13,0,14.0,4
2023-03-13,SKU0050,12,0,14.0,4
2023-03-20,SKU0050,11,0,14.0,4
2023-03-27,SKU0050,10,0,14.0,4
2023-04-03,SKU0050,9,0,,4
2023-04-10,SKU0050,8,0,14.0,4
2023-04-17,SKU0050,8,0,14.0,4
2023-04-24,SKU0050,8,0,14.0,4
2023-05-01,SKU0050,7,0,14.0,4
2023-05-08,SKU0050,6,0,14.0,4
2023-05-15,SKU0050,5,0,14.0,4
2023-05-22,SKU0050,4,17,14.0,4
2023-05-29,SKU0050,3,22,14.0,4
2023-06-05,SKU0050,2,22,14.0,4
2023-06-12,SKU0050,2,22,14.0,4
2023-06-19,SKU0050,11,13,14.0,4
2023-06-26,SKU0050,10,0,14.0,4
2023-07-03,SKU0050,9,0,14.0,4
2023-07-10,SKU0050,8,0,14.0,4
2023-07-17,SKU0050,7,0,14.0,4
2023-07-24,SKU0050,6,0,14.0,4
2023-07-31,SKU0050,5,0,14.0,4
2023-08-07,SKU0050,4,17,14.0,4
2023-08-14,SKU0050,4,21,,4
2023-08-21,SKU0050,3,11,14.0,4
2023-08-28,SKU0050,2,14,14.0,4
2023-09-04,SKU0050,1,12,14.0,4
2023-09-11,SKU0050,13,14,14.0,4
2023-09-18,SKU0050,12,0,14.0,4
2023-09-25,SKU0050,10,0,14.0,4
2023-10-02,SKU0050,8,0,14.0,4
2023-10-09,SKU0050,7,0,14.0,4
2023-10-16,SKU0050,5,0,14.0,4
2023-10-23,SKU0050,16,13,14.0,4
2023-10-30,SKU0050,14,0,14.0,4
2023-11-06,SKU0050,13,0,14.0,4
2023-11-13,SKU0050,12,0,14.0,4
2023-11-20,SKU0050,10,0,14.0,4
2023-11-27,SKU0050,9,0,14.0,4
2023-12-04,SKU0050,7,0,14.0,4
2023-12-11,SKU0050,5,0,14.0,4
2023-12-18,SKU0050,4,23,14.0,4
2023-12-25,SKU0050,2,17,14.0,4
2022-01-03,SKU0051,63,0,10.0,38
2022-01-10,SKU0051,38,145,10.0,38
2022-01-17,SKU0051,6,204,10.0,38
2022-01-24,SKU0051,0,154,10.0,38
2022-01-31,SKU0051,0,152,10.0,38
2022-02-07,SKU0051,142,226,10.0,38
2022-02-14,SKU0051,123,0,10.0,38
2022-02-21,SKU0051,104,0,10.0,38
2022-02-28,SKU0051,78,0,10.0,38
2022-03-07,SKU0051,61,0,10.0,38
2022-03-14,SKU0051,50,0,10.0,38
2022-03-21,SKU0051,37,174,10.0,38
2022-03-28,SKU0051,186,284,10.0,38
2022-04-04,SKU0051,166,0,10.0,38
2022-04-11,SKU0051,145,0,10.0,38
2022-04-18,SKU0051,127,0,10.0,38
2022-04-25,SKU0051,108,0,10.0,38
2022-05-02,SKU0051,96,0,10.0,38
2022-05-09,SKU0051,82,0,,38
2022-05-16,SKU0051,62,0,10.0,38
2022-05-23,SKU0051,40,0,10.0,38
2022-05-30,SKU0051,21,213,10.0,38
2022-06-06,SKU0051,205,188,10.0,38
2022-06-13,SKU0051,185,0,10.0,38
2022-06-20,SKU0051,175,0,10.0,38
2022-06-27,SKU0051,158,0,10.0,38
2022-07-04,SKU0051,137,0,10.0,38
2022-07-11,SKU0051,124,0,10.0,38
2022-07-18,SKU0051,109,0,10.0,38
2022-07-25,SKU0051,95,0,10.0,38
2022-08-01,SKU0051,82,0,10.0,38
2022-08-08,SKU0051,62,0,10.0,38
2022-08-15,SKU0051,47,0,,38
2022-08-22,SKU0051,221,242,10.0,38
2022-08-29,SKU0051,202,0,10.0,38
2022-09-05,SKU0051,172,0,10.0,38
2022-09-12,SKU0051,151,0,10.0,38
2022-09-19,SKU0051,132,0,10.0,38
2022-09-26,SKU0051,117,0,10.0,38
2022-10-03,SKU0051,90,0,10.0,38
2022-10-10,SKU0051,67,0,10.0,38
2022-10-17,SKU0051,41,0,10.0,38
2022-10-24,SKU0051,22,193,10.0,38
2022-10-31,SKU0051,116,194,10.0,38
2022-11-07,SKU0051,96,0,10.0,38
2022-11-14,SKU0051,78,0,10.0,38
2022-11-21,SKU0051,48,0,10.0,38
2022-11-28,SKU0051,32,151,10.0,38
2022-12-05,SKU0051,7,284,10.0,38
2022-12-12,SKU0051,210,233,10.0,38
2022-12-19,SKU0051,178,0,10.0,38
2022-12-26,SKU0051,161,0,10.0,38
2023-01-02,SKU0051,132,0,10.0,38
2023-01-09,SKU0051,110,0,10.0,38
2023-01-16,SKU0051,90,0,10.0,38
2023-01-23,SKU0051,56,0,10.0,38
2023-01-30,SKU0051,31,244,10.0,38
2023-02-06,SKU0051,13,190,10.0,38
2023-02-13,SKU0051,0,163,10.0,38
2023-02-20,SKU0051,139,190,10.0,38
2023-02-27,SKU0051,105,0,10.0,38
2023-03-06,SKU0051,93,0,10.0,38
2023-03-13,SKU0051,71,0,10.0,38
2023-03-20,SKU0051,47,0,10.0,38
2023-03-27,SKU0051,34,264,10.0,38
2023-04-03,SKU0051,11,177,10.0,38
2023-04-10,SKU0051,0,149,10.0,38
2023-04-17,SKU0051,0,208,10.0,38
2023-04-24,SKU0051,0,144,10.0,38
2023-05-01,SKU0051,0,174,10.0,38
2023-05-08,SKU0051,0,213,10.0,38
2023-05-15,SKU0051,0,223,10.0,38
2023-05-22,SKU0051,0,263,10.0,38
2023-05-29,SKU0051,208,211,10.0,38
2023-06-05,SKU0051,187,0,10.0,38
2023-06-12,SKU0051,167,0,10.0,38
2023-06-19,SKU0051,149,0,10.0,38
2023-06-26,SKU0051,137,0,10.0,38
2023-07-03,SKU0051,118,0,10.0,38
2023-07-10,SKU0051,107,0,10.0,38
2023-07-17,SKU0051,96,0,10.0,38
2023-07-24,SKU0051,84,0,10.0,38
2023-07-31,SKU0051,66,0,10.0,38
2023-08-07,SKU0051,48,0,10.0,38
2023-08-14,SKU0051,30,191,10.0,38
2023-08-21,SKU0051,177,249,10.0,38
2023-08-28,SKU0051,158,0,10.0,38
2023-09-04,SKU0051,130,0,10.0,38
2023-09-11,SKU0051,109,0,10.0,38
2023-09-18,SKU0051,93,0,10.0,38
2023-09-25,SKU0051,68,0,10.0,38
2023-10-02,SKU0051,42,0,10.0,38
2023-10-09,SKU0051,12,263,10.0,38
2023-10-16,SKU0051,0,188,10.0,38
2023-10-23,SKU0051,0,173,10.0,38
2023-10-30,SKU0051,207,197,10.0,38
2023-11-06,SKU0051,191,0,10.0,38
2023-11-13,SKU0051,169,0,10.0,38
2023-11-20,SKU0051,149,0,10.0,38
2023-11-27,SKU0051,135,0,10.0,38
2023-12-04,SKU0051,104,0,10.0,38
2023-12-11,SKU0051,72,0,10.0,38
2023-12-18,SKU0051,40,0,10.0,38
2023-12-25,SKU0051,139,150,10.0,38
2022-01-03,SKU0052,36,0,7.0,11
2022-01-10,SKU0052,28,0,7.0,11
2022-01-17,SKU0052,16,0,7.0,11
2022-01-24,SKU0052,4,112,7.0,11
2022-01-31,SKU0052,0,65,7.0,11
2022-02-07,SKU0052,66,118,7.0,11
2022-02-14,SKU0052,52,0,7.0,11
2022-02-21,SKU0052,41,0,7.0,11
2022-02-28,SKU0052,28,0,7.0,11
2022-03-07,SKU0052,18,0,7.0,11
2022-03-14,SKU0052,10,102,7.0,11
2022-03-21,SKU0052,83,80,7.0,11
2022-03-28,SKU0052,79,0,7.0,11
2022-04-04,SKU0052,71,0,7.0,11
2022-04-11,SKU0052,66,0,7.0,11
2022-04-18,SKU0052,60,0,7.0,11
2022-04-25,SKU0052,51,0,7.0,11
2022-05-02,SKU0052,41,0,7.0,11
2022-05-09,SKU0052,35,0,7.0,11
2022-05-16,SKU0052,28,0,7.0,11
2022-05-23,SKU0052,24,0,7.0,11
2022-05-30,SKU0052,17,0,7.0,11
2022-06-06,SKU0052,13,0,7.0,11
2022-06-13,SKU0052,64,80,7.0,11
2022-06-20,SKU0052,61,0,7.0,11
2022-06-27,SKU0052,55,0,7.0,11
2022-07-04,SKU0052,51,0,7.0,11
2022-07-11,SKU0052,44,0,7.0,11
2022-07-18,SKU0052,36,0,7.0,11
2022-07-25,SKU0052,29,0,7.0,11
2022-08-01,SKU0052,25,0,7.0,11
2022-08-08,SKU0052,21,0,7.0,11
2022-08-15,SKU0052,13,0,7.0,11
2022-08-22,SKU0052,6,104,7.0,11
2022-08-29,SKU0052,2,77,7.0,11
2022-09-05,SKU0052,81,115,7.0,11
2022-09-12,SKU0052,73,0,7.0,11
2022-09-19,SKU0052,62,0,7.0,11
2022-09-26,SKU0052,55,0,7.0,11
2022-10-03,SKU0052,46,0,7.0,11
2022-10-10,SKU0052,40,0,7.0,11
2022-10-17,SKU0052,32,0,7.0,11
2022-10-24,SKU0052,24,0,7.0,11
2022-10-31,SKU0052,13,0,7.0,11
2022-11-07,SKU0052,55,86,7.0,11
2022-11-14,SKU0052,49,0,7.0,11
2022-11-21,SKU0052,43,0,7.0,11
2022-11-28,SKU0052,31,0,7.0,11
2022-12-05,SKU0052,22,0,7.0,11
2022-12-12,SKU0052,16,0,7.0,11
2022-12-19,SKU0052,8,71,7.0,11
2022-12-26,SKU0052,0,94,7.0,11
2023-01-02,SKU0052,0,92,7.0,11
2023-01-09,SKU0052,0,90,7.0,11
2023-01-16,SKU0052,78,81,7.0,11
2023-01-23,SKU0052,70,0,7.0,11
2023-01-30,SKU0052,58,0,7.0,11
2023-02-06,SKU0052,50,0,7.0,11
2023-02-13,SKU0052,40,0,7.0,11
2023-02-20,SKU0052,30,0,7.0,11
2023-02-27,SKU0052,18,0,7.0,11
2023-03-06,SKU0052,9,84,7.0,11
2023-03-13,SKU0052,74,104,7.0,11
2023-03-20,SKU0052,65,0,7.0,11
2023-03-27,SKU0052,55,0,7.0,11
2023-04-03,SKU0052,48,0,7.0,11
2023-04-10,SKU0052,39,0,7.0,11
2023-04-17,SKU0052,31,0,7.0,11
2023-04-24,SKU0052,25,0,7.0,11
2023-05-01,SKU0052,15,0,7.0,11
2023-05-08,SKU0052,7,103,7.0,11
2023-05-15,SKU0052,0,86,7.0,11
2023-05-22,SKU0052,57,91,7.0,11
2023-05-29,SKU0052,50,0,7.0,11
2023-06-05,SKU0052,42,0,7.0,11
2023-06-12,SKU0052,36,0,7.0,11
2023-06-19,SKU0052,30,0,7.0,11
2023-06-26,SKU0052,23,0,7.0,11
2023-07-03,SKU0052,15,0,7.0,11
2023-07-10,SKU0052,9,87,7.0,11
2023-07-17,SKU0052,4,99,7.0,11
2023-07-24,SKU0052,47,103,7.0,11
2023-07-31,SKU0052,39,0,,11
2023-08-07,SKU0052,32,0,7.0,11
2023-08-14,SKU0052,25,0,7.0,11
2023-08-21,SKU0052,20,0,7.0,11
2023-08-28,SKU0052,16,0,7.0,11
2023-09-04,SKU0052,77,115,7.0,11
2023-09-11,SKU0052,68,0,7.0,11
2023-09-18,SKU0052,63,0,7.0,11
2023-09-25,SKU0052,56,0,7.0,11
2023-10-02,SKU0052,48,0,7.0,11
2023-10-09,SKU0052,39,0,7.0,11
2023-10-16,SKU0052,28,0,7.0,11
2023-10-23,SKU0052,20,0,7.0,11
2023-10-30,SKU0052,15,0,7.0,11
2023-11-06,SKU0052,4,83,7.0,11
2023-11-13,SKU0052,76,80,7.0,11
2023-11-20,SKU0052,67,0,7.0,11
2023-11-27,SKU0052,61,0,7.0,11
2023-12-04,SKU0052,52,0,7.0,11
2023-12-11,SKU0052,44,0,7.0,11
2023-12-18,SKU0052,33,0,7.0,11
2023-12-25,SKU0052,21,0,7.0,11
2022-01-03,SKU0053,14,80,30.0,34
2022-01-10,SKU0053,67,52,30.0,34
2022-01-17,SKU0053,60,0,30.0,34
2022-01-24,SKU0053,50,0,30.0,34
2022-01-31,SKU0053,44,0,30.0,34
2022-02-07,SKU0053,34,81,30.0,34
2022-02-14,SKU0053,29,50,30.0,34
2022-02-21,SKU0053,23,84,30.0,34
2022-02-28,SKU0053,65,55,30.0,34
2022-03-07,SKU0053,58,0,30.0,34
2022-03-14,SKU0053,55,0,30.0,34
2022-03-21,SKU0053,52,0,30.0,34
2022-03-28,SKU0053,48,0,30.0,34
2022-04-04,SKU0053,41,0,,34
2022-04-11,SKU0053,35,0,30.0,34
2022-04-18,SKU0053,65,46,30.0,34
2022-04-25,SKU0053,61,0,30.0,34
2022-05-02,SKU0053,57,0,30.0,34
2022-05-09,SKU0053,53,0,30.0,34
2022-05-16,SKU0053,50,0,30.0,34
2022-05-23,SKU0053,43,0,30.0,34
2022-05-30,SKU0053,36,0,30.0,34
2022-06-06,SKU0053,31,85,30.0,34
2022-06-13,SKU0053,26,46,30.0,34
2022-06-20,SKU0053,68,48,30.0,34
2022-06-27,SKU0053,65,0,30.0,34
2022-07-04,SKU0053,62,0,30.0,34
2022-07-11,SKU0053,56,0,30.0,34
2022-07-18,SKU0053,51,0,30.0,34
2022-07-25,SKU0053,46,0,30.0,34
2022-08-01,SKU0053,42,0,30.0,34
2022-08-08,SKU0053,38,0,30.0,34
2022-08-15,SKU0053,35,0,30.0,34
2022-08-22,SKU0053,30,44,30.0,34
2022-08-29,SKU0053,64,60,30.0,34
2022-09-05,SKU0053,57,0,30.0,34
2022-09-12,SKU0053,53,0,30.0,34
2022-09-19,SKU0053,49,0,30.0,34
2022-09-26,SKU0053,40,0,30.0,34
2022-10-03,SKU0053,65,84,30.0,34
2022-10-10,SKU0053,59,0,30.0,34
2022-10-17,SKU0053,51,0,30.0,34
2022-10-24,SKU0053,46,0,30.0,34
2022-10-31,SKU0053,41,0,30.0,34
2022-11-07,SKU0053,71,69,30.0,34
2022-11-14,SKU0053,63,0,30.0,34
2022-11-21,SKU0053,54,0,30.0,34
2022-11-28,SKU0053,48,0,30.0,34
2022-12-05,SKU0053,38,0,30.0,34
2022-12-12,SKU0053,31,68,30.0,34
2022-12-19,SKU0053,23,74,30.0,34
2022-12-26,SKU0053,16,78,30.0,34
2023-01-02,SKU0053,69,57,30.0,34
2023-01-09,SKU0053,64,0,,34
2023-01-16,SKU0053,54,0,30.0,34
2023-01-23,SKU0053,44,0,30.0,34
2023-01-30,SKU0053,37,0,30.0,34
2023-02-06,SKU0053,28,86,30.0,34
2023-02-13,SKU0053,22,80,30.0,34
2023-02-20,SKU0053,51,55,30.0,34
2023-02-27,SKU0053,45,0,30.0,34
2023-03-06,SKU0053,42,0,30.0,34
2023-03-13,SKU0053,35,0,30.0,34
2023-03-20,SKU0053,64,83,30.0,34
2023-03-27,SKU0053,58,0,30.0,34
2023-04-03,SKU0053,54,0,30.0,34
2023-04-10,SKU0053,51,0,30.0,34
2023-04-17,SKU0053,45,0,30.0,34
2023-04-24,SKU0053,41,0,30.0,34
2023-05-01,SKU0053,34,80,30.0,34
2023-05-08,SKU0053,90,50,30.0,34
2023-05-15,SKU0053,84,0,30.0,34
2023-05-22,SKU0053,78,0,30.0,34
2023-05-29,SKU0053,71,0,30.0,34
2023-06-05,SKU0053,68,0,30.0,34
2023-06-12,SKU0053,65,0,30.0,34
2023-06-19,SKU0053,61,0,30.0,34
2023-06-26,SKU0053,56,0,30.0,34
2023-07-03,SKU0053,53,0,30.0,34
2023-07-10,SKU0053,47,0,30.0,34
2023-07-17,SKU0053,43,0,30.0,34
2023-07-24,SKU0053,39,0,30.0,34
2023-07-31,SKU0053,35,0,30.0,34
2023-08-07,SKU0053,31,45,30.0,34
2023-08-14,SKU0053,68,85,30.0,34
2023-08-21,SKU0053,65,0,30.0,34
2023-08-28,SKU0053,61,0,30.0,34
2023-09-04,SKU0053,55,0,30.0,34
2023-09-11,SKU0053,51,0,30.0,34
2023-09-18,SKU0053,47,0,30.0,34
2023-09-25,SKU0053,43,0,30.0,34
2023-10-02,SKU0053,36,0,30.0,34
2023-10-09,SKU0053,31,69,30.0,34
2023-10-16,SKU0053,24,77,30.0,34
2023-10-23,SKU0053,17,43,30.0,34
2023-10-30,SKU0053,13,83,30.0,34
2023-11-06,SKU0053,51,53,30.0,34
2023-11-13,SKU0053,43,0,30.0,34
2023-11-20,SKU0053,39,0,30.0,34
2023-11-27,SKU0053,33,71,30.0,34
2023-12-04,SKU0053,77,76,30.0,34
2023-12-11,SKU0053,73,0,30.0,34
2023-12-18,SKU0053,68,0,30.0,34
2023-12-25,SKU0053,58,0,30.0,34
2022-01-03,SKU0054,136,0,10.0,54
2022-01-10,SKU0054,114,0,,54
2022-01-17,SKU0054,82,0,10.0,54
2022-01-24,SKU0054,307,237,10.0,54
2022-01-31,SKU0054,270,0,10.0,54
2022-02-07,SKU0054,246,0,10.0,54
2022-02-14,SKU0054,224,0,10.0,54
2022-02-21,SKU0054,195,0,10.0,54
2022-02-28,SKU0054,148,0,10.0,54
2022-03-07,SKU0054,129,0,,54
2022-03-14,SKU0054,100,0,10.0,54
2022-03-21,SKU0054,75,0,10.0,54
2022-03-28,SKU0054,59,0,10.0,54
2022-04-04,SKU0054,253,304,10.0,54
2022-04-11,SKU0054,227,0,10.0,54
2022-04-18,SKU0054,201,0,10.0,54
2022-04-25,SKU0054,180,0,10.0,54
2022-05-02,SKU0054,150,0,10.0,54
2022-05-09,SKU0054,129,0,10.0,54
2022-05-16,SKU0054,100,0,10.0,54
2022-05-23,SKU0054,65,0,10.0,54
2022-05-30,SKU0054,332,228,10.0,54
2022-06-06,SKU0054,319,0,10.0,54
2022-06-13,SKU0054,294,0,10.0,54
2022-06-20,SKU0054,281,0,10.0,54
2022-06-27,SKU0054,258,0,10.0,54
2022-07-04,SKU0054,237,0,10.0,54
2022-07-11,SKU0054,222,0,10.0,54
2022-07-18,SKU0054,194,0,10.0,54
2022-07-25,SKU0054,175,0,10.0,54
2022-08-01,SKU0054,155,0,10.0,54
2022-08-08,SKU0054,135,0,10.0,54
2022-08-15,SKU0054,109,0,10.0,54
2022-08-22,SKU0054,80,0,10.0,54
2022-08-29,SKU0054,335,345,10.0,54
2022-09-05,SKU0054,293,0,10.0,54
2022-09-12,SKU0054,251,0,10.0,54
2022-09-19,SKU0054,225,0,10.0,54
2022-09-26,SKU0054,202,0,10.0,54
2022-10-03,SKU0054,172,0,10.0,54
2022-10-10,SKU0054,137,0,10.0,54
2022-10-17,SKU0054,97,0,10.0,54
2022-10-24,SKU0054,73,0,10.0,54
2022-10-31,SKU0054,50,386,10.0,54
2022-11-07,SKU0054,182,217,10.0,54
2022-11-14,SKU0054,161,0,10.0,54
2022-11-21,SKU0054,141,0,10.0,54
2022-11-28,SKU0054,106,0,10.0,54
2022-12-05,SKU0054,73,0,10.0,54
2022-12-12,SKU0054,43,345,10.0,54
2022-12-19,SKU0054,255,339,10.0,54
2022-12-26,SKU0054,221,0,10.0,54
2023-01-02,SKU0054,189,0,10.0,54
2023-01-09,SKU0054,157,0,10.0,54
2023-01-16,SKU0054,136,0,10.0,54
2023-01-23,SKU0054,100,0,10.0,54
2023-01-30,SKU0054,302,386,10.0,54
2023-02-06,SKU0054,275,0,10.0,54
2023-02-13,SKU0054,247,0,10.0,54
2023-02-20,SKU0054,215,0,10.0,54
2023-02-27,SKU0054,170,0,10.0,54
2023-03-06,SKU0054,142,0,10.0,54
2023-03-13,SKU0054,117,0,10.0,54
2023-03-20,SKU0054,94,0,10.0,54
2023-03-27,SKU0054,60,0,10.0,54
2023-04-03,SKU0054,331,334,10.0,54
2023-04-10,SKU0054,299,0,10.0,54
2023-04-17,SKU0054,271,0,10.0,54
2023-04-24,SKU0054,243,0,10.0,54
2023-05-01,SKU0054,223,0,10.0,54
2023-05-08,SKU0054,197,0,10.0,54
2023-05-15,SKU0054,176,0,10.0,54
2023-05-22,SKU0054,156,0,10.0,54
2023-05-29,SKU0054,137,0,10.0,54
2023-06-05,SKU0054,119,0,10.0,54
2023-06-12,SKU0054,93,0,10.0,54
2023-06-19,SKU0054,72,0,10.0,54
2023-06-26,SKU0054,280,209,10.0,54
2023-07-03,SKU0054,262,0,10.0,54
2023-07-10,SKU0054,235,0,10.0,54
2023-07-17,SKU0054,217,0,10.0,54
2023-07-24,SKU0054,190,0,10.0,54
2023-07-31,SKU0054,169,0,10.0,54
2023-08-07,SKU0054,153,0,10.0,54
2023-08-14,SKU0054,140,0,10.0,54
2023-08-21,SKU0054,114,0,10.0,54
2023-08-28,SKU0054,99,0,10.0,54
2023-09-04,SKU0054,65,0,10.0,54
2023-09-11,SKU0054,37,271,,54
2023-09-18,SKU0054,193,379,10.0,54
2023-09-25,SKU0054,170,0,10.0,54
2023-10-02,SKU0054,147,0,10.0,54
2023-10-09,SKU0054,124,0,10.0,54
2023-10-16,SKU0054,81,0,10.0,54
2023-10-23,SKU0054,62,0,,54
2023-10-30,SKU0054,235,287,10.0,54
2023-11-06,SKU0054,202,0,10.0,54
2023-11-13,SKU0054,163,0,10.0,54
2023-11-20,SKU0054,141,0,10.0,54
2023-11-27,SKU0054,109,0,,54
2023-12-04,SKU0054,79,0,10.0,54
2023-12-11,SKU0054,53,360,10.0,54
2023-12-18,SKU0054,13,223,10.0,54
2023-12-25,SKU0054,221,324,10.0,54
2022-01-03,SKU0055,162,0,10.0,89
2022-01-10,SKU0055,94,0,10.0,89
2022-01-17,SKU0055,37,537,10.0,89
2022-01-24,SKU0055,385,442,10.0,89
2022-01-31,SKU0055,344,0,10.0,89
2022-02-07,SKU0055,264,0,10.0,89
2022-02-14,SKU0055,202,0,10.0,89
2022-02-21,SKU0055,151,0,10.0,89
2022-02-28,SKU0055,92,0,10.0,89
2022-03-07,SKU0055,46,345,10.0,89
2022-03-14,SKU0055,8,670,10.0,89
2022-03-21,SKU0055,423,404,10.0,89
2022-03-28,SKU0055,380,0,10.0,89
2022-04-04,SKU0055,329,0,10.0,89
2022-04-11,SKU0055,282,0,10.0,89
2022-04-18,SKU0055,244,0,10.0,89
2022-04-25,SKU0055,205,0,10.0,89
2022-05-02,SKU0055,176,0,10.0,89
2022-05-09,SKU0055,135,0,10.0,89
2022-05-16,SKU0055,86,505,10.0,89
2022-05-23,SKU0055,51,451,10.0,89
2022-05-30,SKU0055,290,387,10.0,89
2022-06-06,SKU0055,263,0,,89
2022-06-13,SKU0055,224,0,10.0,89
2022-06-20,SKU0055,182,0,10.0,89
2022-06-27,SKU0055,140,0,10.0,89
2022-07-04,SKU0055,96,0,10.0,89
2022-07-11,SKU0055,536,431,10.0,89
2022-07-18,SKU0055,490,0,10.0,89
2022-07-25,SKU0055,447,0,10.0,89
2022-08-01,SKU0055,404,0,10.0,89
2022-08-08,SKU0055,369,0,10.0,89
2022-08-15,SKU0055,328,0,10.0,89
2022-08-22,SKU0055,296,0,10.0,89
2022-08-29,SKU0055,267,0,10.0,89
2022-09-05,SKU0055,216,0,10.0,89
2022-09-12,SKU0055,160,0,10.0,89
2022-09-19,SKU0055,105,0,10.0,89
2022-09-26,SKU0055,70,403,10.0,89
2022-10-03,SKU0055,32,383,10.0,89
2022-10-10,SKU0055,0,516,10.0,89
2022-10-17,SKU0055,0,547,10.0,89
2022-10-24,SKU0055,0,468,10.0,89
2022-10-31,SKU0055,0,579,10.0,89
2022-11-07,SKU0055,315,367,10.0,89
2022-11-14,SKU0055,264,0,10.0,89
2022-11-21,SKU0055,216,0,10.0,89
2022-11-28,SKU0055,179,0,10.0,89
2022-12-05,SKU0055,108,0,10.0,89
2022-12-12,SKU0055,52,509,10.0,89
2022-12-19,SKU0055,0,447,10.0,89
2022-12-26,SKU0055,0,549,10.0,89
2023-01-02,SKU0055,487,383,10.0,89
2023-01-09,SKU0055,427,0,10.0,89
2023-01-16,SKU0055,364,0,10.0,89
2023-01-23,SKU0055,288,0,10.0,89
2023-01-30,SKU0055,211,0,10.0,89
2023-02-06,SKU0055,167,0,10.0,89
2023-02-13,SKU0055,128,0,10.0,89
2023-02-20,SKU0055,53,373,10.0,89
2023-02-27,SKU0055,439,417,10.0,89
2023-03-06,SKU0055,406,0,10.0,89
2023-03-13,SKU0055,366,0,10.0,89
2023-03-20,SKU0055,315,0,10.0,89
2023-03-27,SKU0055,273,0,,89
2023-04-03,SKU0055,245,0,10.0,89
2023-04-10,SKU0055,201,0,10.0,89
2023-04-17,SKU0055,162,0,10.0,89
2023-04-24,SKU0055,123,0,10.0,89
2023-05-01,SKU0055,93,0,10.0,89
2023-05-08,SKU0055,52,521,10.0,89
2023-05-15,SKU0055,6,350,10.0,89
2023-05-22,SKU0055,388,504,10.0,89
2023-05-29,SKU0055,343,0,10.0,89
2023-06-05,SKU0055,319,0,10.0,89
2023-06-12,SKU0055,291,0,10.0,89
2023-06-19,SKU0055,263,0,10.0,89
2023-06-26,SKU0055,238,0,10.0,89
2023-07-03,SKU0055,195,0,10.0,89
2023-07-10,SKU0055,148,0,10.0,89
2023-07-17,SKU0055,106,0,10.0,89
2023-07-24,SKU0055,319,646,10.0,89
2023-07-31,SKU0055,284,0,10.0,89
2023-08-07,SKU0055,237,0,10.0,89
2023-08-14,SKU0055,197,0,10.0,89
2023-08-21,SKU0055,154,0,10.0,89
2023-08-28,SKU0055,127,0,10.0,89
2023-09-04,SKU0055,77,606,10.0,89
2023-09-11,SKU0055,22,455,10.0,89
2023-09-18,SKU0055,0,477,10.0,89
2023-09-25,SKU0055,471,654,10.0,89
2023-10-02,SKU0055,406,0,10.0,89
2023-10-09,SKU0055,342,0,10.0,89
2023-10-16,SKU0055,280,0,10.0,89
2023-10-23,SKU0055,220,0,10.0,89
2023-10-30,SKU0055,158,0,10.0,89
2023-11-06,SKU0055,126,0,10.0,89
2023-11-13,SKU0055,81,580,10.0,89
2023-11-20,SKU0055,20,504,10.0,89
2023-11-27,SKU0055,445,534,10.0,89
2023-12-04,SKU0055,391,0,10.0,89
2023-12-11,SKU0055,332,0,10.0,89
2023-12-18,SKU0055,287,0,10.0,89
2023-12-25,SKU0055,212,0,10.0,89
2022-01-03,SKU0056,286,0,7.0,55
2022-01-10,SKU0056,253,0,7.0,55
2022-01-17,SKU0056,193,0,7.0,55
2022-01-24,SKU0056,148,0,7.0,55
2022-01-31,SKU0056,108,0,7.0,55
2022-02-07,SKU0056,37,354,7.0,55
2022-02-14,SKU0056,370,429,7.0,55
2022-02-21,SKU0056,311,0,7.0,55
2022-02-28,SKU0056,252,0,7.0,55
2022-03-07,SKU0056,212,0,7.0,55
2022-03-14,SKU0056,167,0,7.0,55
2022-03-21,SKU0056,115,0,7.0,55
2022-03-28,SKU0056,78,0,7.0,55
2022-04-04,SKU0056,29,396,7.0,55
2022-04-11,SKU0056,0,386,7.0,55
2022-04-18,SKU0056,0,330,7.0,55
2022-04-25,SKU0056,291,526,7.0,55
2022-05-02,SKU0056,262,0,7.0,55
2022-05-09,SKU0056,213,0,7.0,55
2022-05-16,SKU0056,178,0,7.0,55
2022-05-23,SKU0056,152,0,7.0,55
2022-05-30,SKU0056,120,0,7.0,55
2022-06-06,SKU0056,87,0,7.0,55
2022-06-13,SKU0056,44,555,7.0,55
2022-06-20,SKU0056,18,474,7.0,55
2022-06-27,SKU0056,314,360,7.0,55
2022-07-04,SKU0056,272,0,7.0,55
2022-07-11,SKU0056,238,0,7.0,55
2022-07-18,SKU0056,206,0,7.0,55
2022-07-25,SKU0056,182,0,7.0,55
2022-08-01,SKU0056,141,0,7.0,55
2022-08-08,SKU0056,115,0,7.0,55
2022-08-15,SKU0056,73,0,7.0,55
2022-08-22,SKU0056,49,436,7.0,55
2022-08-29,SKU0056,19,429,7.0,55
2022-09-05,SKU0056,0,383,7.0,55
2022-09-12,SKU0056,0,586,,55
2022-09-19,SKU0056,0,392,7.0,55
2022-09-26,SKU0056,248,432,7.0,55
2022-10-03,SKU0056,189,0,7.0,55
2022-10-10,SKU0056,137,0,7.0,55
2022-10-17,SKU0056,98,0,7.0,55
2022-10-24,SKU0056,57,0,7.0,55
2022-10-31,SKU0056,15,319,7.0,55
2022-11-07,SKU0056,0,307,7.0,55
2022-11-14,SKU0056,0,449,7.0,55
2022-11-21,SKU0056,327,427,7.0,55
2022-11-28,SKU0056,268,0,7.0,55
2022-12-05,SKU0056,196,0,7.0,55
2022-12-12,SKU0056,126,0,7.0,55
2022-12-19,SKU0056,89,0,7.0,55
2022-12-26,SKU0056,40,508,7.0,55
2023-01-02,SKU0056,324,384,7.0,55
2023-01-09,SKU0056,261,0,7.0,55
2023-01-16,SKU0056,220,0,7.0,55
2023-01-23,SKU0056,172,0,7.0,55
2023-01-30,SKU0056,118,0,7.0,55
2023-02-06,SKU0056,61,0,7.0,55
2023-02-13,SKU0056,22,530,7.0,55
2023-02-20,SKU0056,0,392,7.0,55
2023-02-27,SKU0056,0,409,7.0,55
2023-03-06,SKU0056,262,349,7.0,55
2023-03-13,SKU0056,238,0,7.0,55
2023-03-20,SKU0056,196,0,7.0,55
2023-03-27,SKU0056,160,0,7.0,55
2023-04-03,SKU0056,115,0,7.0,55
2023-04-10,SKU0056,77,0,7.0,55
2023-04-17,SKU0056,41,349,7.0,55
2023-04-24,SKU0056,405,309,7.0,55
2023-05-01,SKU0056,373,0,7.0,55
2023-05-08,SKU0056,331,0,7.0,55
2023-05-15,SKU0056,305,0,7.0,55
2023-05-22,SKU0056,259,0,7.0,55
2023-05-29,SKU0056,222,0,7.0,55
2023-06-05,SKU0056,196,0,7.0,55
2023-06-12,SKU0056,154,0,7.0,55
2023-06-19,SKU0056,122,0,7.0,55
2023-06-26,SKU0056,88,0,7.0,55
2023-07-03,SKU0056,57,0,7.0,55
2023-07-10,SKU0056,361,435,7.0,55
2023-07-17,SKU0056,328,0,7.0,55
2023-07-24,SKU0056,306,0,7.0,55
2023-07-31,SKU0056,277,0,7.0,55
2023-08-07,SKU0056,251,0,7.0,55
2023-08-14,SKU0056,218,0,7.0,55
2023-08-21,SKU0056,182,0,7.0,55
2023-08-28,SKU0056,162,0,7.0,55
2023-09-04,SKU0056,124,0,7.0,55
2023-09-11,SKU0056,82,0,7.0,55
2023-09-18,SKU0056,38,460,7.0,55
2023-09-25,SKU0056,414,349,7.0,55
2023-10-02,SKU0056,358,0,7.0,55
2023-10-09,SKU0056,310,0,7.0,55
2023-10-16,SKU0056,256,0,7.0,55
2023-10-23,SKU0056,199,0,7.0,55
2023-10-30,SKU0056,136,0,7.0,55
2023-11-06,SKU0056,86,0,7.0,55
2023-11-13,SKU0056,401,462,7.0,55
2023-11-20,SKU0056,348,0,7.0,55
2023-11-27,SKU0056,302,0,7.0,55
2023-12-04,SKU0056,260,0,7.0,55
2023-12-11,SKU0056,193,0,7.0,55
2023-12-18,SKU0056,160,0,7.0,55
2023-12-25,SKU0056,128,0,7.0,55
2022-01-03,SKU0057,51,0,21.0,20
2022-01-10,SKU0057,48,0,21.0,20
2022-01-17,SKU0057,42,0,21.0,20
2022-01-24,SKU0057,38,0,21.0,20
2022-01-31,SKU0057,33,0,21.0,20
2022-02-07,SKU0057,26,0,21.0,20
2022-02-14,SKU0057,22,0,21.0,20
2022-02-21,SKU0057,14,47,21.0,20
2022-02-28,SKU0057,8,60,21.0,20
2022-03-07,SKU0057,45,60,21.0,20
2022-03-14,SKU0057,42,0,21.0,20
2022-03-21,SKU0057,38,0,21.0,20
2022-03-28,SKU0057,36,0,21.0,20
2022-04-04,SKU0057,33,0,21.0,20
2022-04-11,SKU0057,30,0,21.0,20
2022-04-18,SKU0057,27,0,21.0,20
2022-04-25,SKU0057,23,0,21.0,20
2022-05-02,SKU0057,20,58,21.0,20
2022-05-09,SKU0057,16,52,21.0,20
2022-05-16,SKU0057,42,40,21.0,20
2022-05-23,SKU0057,39,0,21.0,20
2022-05-30,SKU0057,34,0,21.0,20
2022-06-06,SKU0057,32,0,21.0,20
2022-06-13,SKU0057,30,0,21.0,20
2022-06-20,SKU0057,27,0,21.0,20
2022-06-27,SKU0057,24,0,,20
2022-07-04,SKU0057,21,0,21.0,20
2022-07-11,SKU0057,49,61,21.0,20
2022-07-18,SKU0057,45,0,21.0,20
2022-07-25,SKU0057,42,0,21.0,20
2022-08-01,SKU0057,39,0,21.0,20
2022-08-08,SKU0057,35,0,21.0,20
2022-08-15,SKU0057,33,0,21.0,20
2022-08-22,SKU0057,30,0,21.0,20
2022-08-29,SKU0057,25,0,21.0,20
2022-09-05,SKU0057,18,52,21.0,20
2022-09-12,SKU0057,13,53,21.0,20
2022-09-19,SKU0057,43,61,21.0,20
2022-09-26,SKU0057,38,0,21.0,20
2022-10-03,SKU0057,35,0,21.0,20
2022-10-10,SKU0057,28,0,21.0,20
2022-10-17,SKU0057,23,0,21.0,20
2022-10-24,SKU0057,54,39,21.0,20
2022-10-31,SKU0057,47,0,21.0,20
2022-11-07,SKU0057,43,0,21.0,20
2022-11-14,SKU0057,39,0,21.0,20
2022-11-21,SKU0057,34,0,21.0,20
2022-11-28,SKU0057,28,0,21.0,20
2022-12-05,SKU0057,22,0,21.0,20
2022-12-12,SKU0057,46,46,21.0,20
2022-12-19,SKU0057,39,0,21.0,20
2022-12-26,SKU0057,32,0,21.0,20
2023-01-02,SKU0057,27,0,21.0,20
2023-01-09,SKU0057,71,69,21.0,20
2023-01-16,SKU0057,63,0,21.0,20
2023-01-23,SKU0057,59,0,21.0,20
2023-01-30,SKU0057,56,0,21.0,20
2023-02-06,SKU0057,49,0,21.0,20
2023-02-13,SKU0057,43,0,21.0,20
2023-02-20,SKU0057,36,0,,20
2023-02-27,SKU0057,32,0,,20
2023-03-06,SKU0057,29,0,21.0,20
2023-03-13,SKU0057,25,0,21.0,20
2023-03-20,SKU0057,21,0,21.0,20
2023-03-27,SKU0057,45,48,21.0,20
2023-04-03,SKU0057,41,0,21.0,20
2023-04-10,SKU0057,37,0,21.0,20
2023-04-17,SKU0057,34,0,21.0,20
2023-04-24,SKU0057,31,0,21.0,20
2023-05-01,SKU0057,28,0,21.0,20
2023-05-08,SKU0057,23,0,21.0,20
2023-05-15,SKU0057,18,57,21.0,20
2023-05-22,SKU0057,48,67,21.0,20
2023-05-29,SKU0057,44,0,21.0,20
2023-06-05,SKU0057,41,0,21.0,20
2023-06-12,SKU0057,38,0,21.0,20
2023-06-19,SKU0057,33,0,21.0,20
2023-06-26,SKU0057,28,0,21.0,20
2023-07-03,SKU0057,25,0,21.0,20
2023-07-10,SKU0057,21,0,21.0,20
2023-07-17,SKU0057,18,45,,20
2023-07-24,SKU0057,16,66,21.0,20
2023-07-31,SKU0057,49,54,21.0,20
2023-08-07,SKU0057,45,0,21.0,20
2023-08-14,SKU0057,41,0,21.0,20
2023-08-21,SKU0057,37,0,21.0,20
2023-08-28,SKU0057,35,0,21.0,20
2023-09-04,SKU0057,31,0,21.0,20
2023-09-11,SKU0057,25,0,21.0,20
2023-09-18,SKU0057,18,61,21.0,20
2023-09-25,SKU0057,12,50,21.0,20
2023-10-02,SKU0057,8,65,21.0,20
2023-10-09,SKU0057,45,52,21.0,20
2023-10-16,SKU0057,39,0,21.0,20
2023-10-23,SKU0057,35,0,21.0,20
2023-10-30,SKU0057,31,0,21.0,20
2023-11-06,SKU0057,27,0,21.0,20
2023-11-13,SKU0057,24,0,21.0,20
2023-11-20,SKU0057,21,0,21.0,20
2023-11-27,SKU0057,52,66,21.0,20
2023-12-04,SKU0057,47,0,21.0,20
2023-12-11,SKU0057,43,0,21.0,20
2023-12-18,SKU0057,36,0,21.0,20
2023-12-25,SKU0057,30,0,21.0,20
2022-01-03,SKU0058,63,0,14.0,25
2022-01-10,SKU0058,55,0,14.0,25
2022-01-17,SKU0058,45,0,14.0,25
2022-01-24,SKU0058,34,0,14.0,25
2022-01-31,SKU0058,79,134,14.0,25
2022-02-07,SKU0058,65,0,14.0,25
2022-02-14,SKU0058,54,0,14.0,25
2022-02-21,SKU0058,38,0,14.0,25
2022-02-28,SKU0058,30,0,14.0,25
2022-03-07,SKU0058,20,98,14.0,25
2022-03-14,SKU0058,12,88,14.0,25
2022-03-21,SKU0058,97,124,14.0,25
2022-03-28,SKU0058,87,0,14.0,25
2022-04-04,SKU0058,77,0,14.0,25
2022-04-11,SKU0058,69,0,14.0,25
2022-04-18,SKU0058,58,0,14.0,25
2022-04-25,SKU0058,48,0,14.0,25
2022-05-02,SKU0058,39,0,14.0,25
2022-05-09,SKU0058,29,0,14.0,25
2022-05-16,SKU0058,95,80,14.0,25
2022-05-23,SKU0058,89,0,14.0,25
2022-05-30,SKU0058,81,0,14.0,25
2022-06-06,SKU0058,73,0,14.0,25
2022-06-13,SKU0058,68,0,14.0,25
2022-06-20,SKU0058,60,0,14.0,25
2022-06-27,SKU0058,54,0,14.0,25
2022-07-04,SKU0058,47,0,14.0,25
2022-07-11,SKU0058,39,0,14.0,25
2022-07-18,SKU0058,35,0,14.0,25
2022-07-25,SKU0058,28,0,14.0,25
2022-08-01,SKU0058,86,103,14.0,25
2022-08-08,SKU0058,81,0,14.0,25
2022-08-15,SKU0058,74,0,14.0,25
2022-08-22,SKU0058,65,0,14.0,25
2022-08-29,SKU0058,56,0,14.0,25
2022-09-05,SKU0058,42,0,14.0,25
2022-09-12,SKU0058,30,0,14.0,25
2022-09-19,SKU0058,18,84,14.0,25
2022-09-26,SKU0058,9,118,14.0,25
2022-10-03,SKU0058,88,83,14.0,25
2022-10-10,SKU0058,76,0,14.0,25
2022-10-17,SKU0058,64,0,14.0,25
2022-10-24,SKU0058,57,0,14.0,25
2022-10-31,SKU0058,50,0,14.0,25
2022-11-07,SKU0058,38,0,14.0,25
2022-11-14,SKU0058,27,0,14.0,25
2022-11-21,SKU0058,63,128,14.0,25
2022-11-28,SKU0058,51,0,14.0,25
2022-12-05,SKU0058,44,0,14.0,25
2022-12-12,SKU0058,32,0,14.0,25
2022-12-19,SKU0058,22,104,14.0,25
2022-12-26,SKU0058,108,74,14.0,25
2023-01-02,SKU0058,93,0,14.0,25
2023-01-09,SKU0058,79,0,14.0,25
2023-01-16,SKU0058,66,0,14.0,25
2023-01-23,SKU0058,53,0,14.0,25
2023-01-30,SKU0058,38,0,14.0,25
2023-02-06,SKU0058,31,0,14.0,25
2023-02-13,SKU0058,23,119,14.0,25
2023-02-20,SKU0058,7,82,14.0,25
2023-02-27,SKU0058,0,114,14.0,25
2023-03-06,SKU0058,74,98,14.0,25
2023-03-13,SKU0058,67,0,14.0,25
2023-03-20,SKU0058,59,0,14.0,25
2023-03-27,SKU0058,54,0,14.0,25
2023-04-03,SKU0058,43,0,14.0,25
2023-04-10,SKU0058,34,0,14.0,25
2023-04-17,SKU0058,28,0,14.0,25
2023-04-24,SKU0058,19,74,14.0,25
2023-05-01,SKU0058,9,122,14.0,25
2023-05-08,SKU0058,4,110,14.0,25
2023-05-15,SKU0058,0,95,14.0,25
2023-05-22,SKU0058,0,105,14.0,25
2023-05-29,SKU0058,99,104,14.0,25
2023-06-05,SKU0058,90,0,14.0,25
2023-06-12,SKU0058,82,0,14.0,25
2023-06-19,SKU0058,74,0,14.0,25
2023-06-26,SKU0058,69,0,14.0,25
2023-07-03,SKU0058,60,0,14.0,25
2023-07-10,SKU0058,51,0,14.0,25
2023-07-17,SKU0058,46,0,14.0,25
2023-07-24,SKU0058,38,0,14.0,25
2023-07-31,SKU0058,29,0,14.0,25
2023-08-07,SKU0058,111,104,14.0,25
2023-08-14,SKU0058,106,0,14.0,25
2023-08-21,SKU0058,101,0,14.0,25
2023-08-28,SKU0058,94,0,14.0,25
2023-09-04,SKU0058,88,0,14.0,25
2023-09-11,SKU0058,80,0,14.0,25
2023-09-18,SKU0058,72,0,14.0,25
2023-09-25,SKU0058,64,0,14.0,25
2023-10-02,SKU0058,57,0,14.0,25
2023-10-09,SKU0058,50,0,14.0,25
2023-10-16,SKU0058,42,0,14.0,25
2023-10-23,SKU0058,33,0,14.0,25
2023-10-30,SKU0058,106,128,14.0,25
2023-11-06,SKU0058,97,0,14.0,25
2023-11-13,SKU0058,89,0,14.0,25
2023-11-20,SKU0058,81,0,14.0,25
2023-11-27,SKU0058,75,0,,25
2023-12-04,SKU0058,60,0,14.0,25
2023-12-11,SKU0058,53,0,14.0,25
2023-12-18,SKU0058,45,0,14.0,25
2023-12-25,SKU0058,36,0,14.0,25
2022-01-03,SKU0059,109,0,14.0,54
2022-01-10,SKU0059,93,0,14.0,54
2022-01-17,SKU0059,62,0,14.0,54
2022-01-24,SKU0059,32,275,14.0,54
2022-01-31,SKU0059,0,161,14.0,54
2022-02-07,SKU0059,0,249,14.0,54
2022-02-14,SKU0059,175,276,14.0,54
2022-02-21,SKU0059,149,0,14.0,54
2022-02-28,SKU0059,130,0,14.0,54
2022-03-07,SKU0059,119,0,14.0,54
2022-03-14,SKU0059,108,0,14.0,54
2022-03-21,SKU0059,86,0,14.0,54
2022-03-28,SKU0059,74,0,14.0,54
2022-04-04,SKU0059,53,221,14.0,54
2022-04-11,SKU0059,218,206,14.0,54
2022-04-18,SKU0059,205,0,14.0,54
2022-04-25,SKU0059,194,0,14.0,54
2022-05-02,SKU0059,179,0,14.0,54
2022-05-09,SKU0059,166,0,14.0,54
2022-05-16,SKU0059,153,0,14.0,54
2022-05-23,SKU0059,132,0,14.0,54
2022-05-30,SKU0059,119,0,14.0,54
2022-06-06,SKU0059,103,0,14.0,54
2022-06-13,SKU0059,83,0,14.0,54
2022-06-20,SKU0059,64,0,14.0,54
2022-06-27,SKU0059,199,218,14.0,54
2022-07-04,SKU0059,180,0,14.0,54
2022-07-11,SKU0059,167,0,14.0,54
2022-07-18,SKU0059,156,0,14.0,54
2022-07-25,SKU0059,144,0,,54
2022-08-01,SKU0059,123,0,14.0,54
2022-08-08,SKU0059,107,0,14.0,54
2022-08-15,SKU0059,86,0,14.0,54
2022-08-22,SKU0059,69,0,14.0,54
2022-08-29,SKU0059,192,147,14.0,54
2022-09-05,SKU0059,167,0,14.0,54
2022-09-12,SKU0059,140,0,14.0,54
2022-09-19,SKU0059,112,0,14.0,54
2022-09-26,SKU0059,99,0,14.0,54
2022-10-03,SKU0059,72,0,14.0,54
2022-10-10,SKU0059,52,160,14.0,54
2022-10-17,SKU0059,34,255,14.0,54
2022-10-24,SKU0059,15,174,14.0,54
2022-10-31,SKU0059,0,249,14.0,54
2022-11-07,SKU0059,0,176,14.0,54
2022-11-14,SKU0059,0,172,14.0,54
2022-11-21,SKU0059,0,270,14.0,54
2022-11-28,SKU0059,159,267,14.0,54
2022-12-05,SKU0059,133,0,14.0,54
2022-12-12,SKU0059,113,0,14.0,54
2022-12-19,SKU0059,97,0,14.0,54
2022-12-26,SKU0059,76,0,14.0,54
2023-01-02,SKU0059,268,263,14.0,54
2023-01-09,SKU0059,253,0,14.0,54
2023-01-16,SKU0059,225,0,14.0,54
2023-01-23,SKU0059,193,0,14.0,54
2023-01-30,SKU0059,174,0,14.0,54
2023-02-06,SKU0059,144,0,14.0,54
2023-02-13,SKU0059,116,0,14.0,54
2023-02-20,SKU0059,92,0,14.0,54
2023-02-27,SKU0059,62,0,14.0,54
2023-03-06,SKU0059,46,278,14.0,54
2023-03-13,SKU0059,194,157,14.0,54
2023-03-20,SKU0059,183,0,14.0,54
2023-03-27,SKU0059,159,0,14.0,54
2023-04-03,SKU0059,136,0,14.0,54
2023-04-10,SKU0059,122,0,14.0,54
2023-04-17,SKU0059,102,0,14.0,54
2023-04-24,SKU0059,89,0,14.0,54
2023-05-01,SKU0059,65,0,14.0,54
2023-05-08,SKU0059,52,185,14.0,54
2023-05-15,SKU0059,243,269,14.0,54
2023-05-22,SKU0059,221,0,14.0,54
2023-05-29,SKU0059,209,0,,54
2023-06-05,SKU0059,193,0,14.0,54
2023-06-12,SKU0059,180,0,14.0,54
2023-06-19,SKU0059,166,0,14.0,54
2023-06-26,SKU0059,149,0,14.0,54
2023-07-03,SKU0059,135,0,14.0,54
2023-07-10,SKU0059,126,0,14.0,54
2023-07-17,SKU0059,114,0,14.0,54
2023-07-24,SKU0059,93,0,14.0,54
2023-07-31,SKU0059,73,0,14.0,54
2023-08-07,SKU0059,60,0,14.0,54
2023-08-14,SKU0059,51,166,14.0,54
2023-08-21,SKU0059,37,249,14.0,54
2023-08-28,SKU0059,18,162,14.0,54
2023-09-04,SKU0059,115,242,14.0,54
2023-09-11,SKU0059,91,0,14.0,54
2023-09-18,SKU0059,61,0,,54
2023-09-25,SKU0059,40,233,14.0,54
2023-10-02,SKU0059,17,194,14.0,54
2023-10-09,SKU0059,2,268,14.0,54
2023-10-16,SKU0059,0,209,14.0,54
2023-10-23,SKU0059,215,187,14.0,54
2023-10-30,SKU0059,194,0,14.0,54
2023-11-06,SKU0059,179,0,14.0,54
2023-11-13,SKU0059,149,0,14.0,54
2023-11-20,SKU0059,131,0,14.0,54
2023-11-27,SKU0059,114,0,,54
2023-12-04,SKU0059,91,0,14.0,54
2023-12-11,SKU0059,57,0,14.0,54
2023-12-18,SKU0059,235,165,14.0,54
2023-12-25,SKU0059,208,0,14.0,54
2022-01-03,SKU0060,458,507,30.0,252
2022-01-10,SKU0060,388,0,30.0,252
2022-01-17,SKU0060,320,0,30.0,252
2022-01-24,SKU0060,266,0,30.0,252
2022-01-31,SKU0060,230,431,30.0,252
2022-02-07,SKU0060,183,393,30.0,252
2022-02-14,SKU0060,125,457,30.0,252
2022-02-21,SKU0060,357,378,30.0,252
2022-02-28,SKU0060,313,0,30.0,252
2022-03-07,SKU0060,274,0,30.0,252
2022-03-14,SKU0060,588,474,30.0,252
2022-03-21,SKU0060,535,0,30.0,252
2022-03-28,SKU0060,492,0,30.0,252
2022-04-04,SKU0060,439,0,30.0,252
2022-04-11,SKU0060,406,0,30.0,252
2022-04-18,SKU0060,363,0,30.0,252
2022-04-25,SKU0060,336,0,30.0,252
2022-05-02,SKU0060,300,0,30.0,252
2022-05-09,SKU0060,266,0,30.0,252
2022-05-16,SKU0060,218,497,30.0,252
2022-05-23,SKU0060,188,392,30.0,252
2022-05-30,SKU0060,143,338,30.0,252
2022-06-06,SKU0060,119,498,,252
2022-06-13,SKU0060,431,584,30.0,252
2022-06-20,SKU0060,400,0,30.0,252
2022-06-27,SKU0060,362,0,30.0,252
2022-07-04,SKU0060,324,0,30.0,252
2022-07-11,SKU0060,283,0,30.0,252
2022-07-18,SKU0060,263,0,30.0,252
2022-07-25,SKU0060,240,357,30.0,252
2022-08-01,SKU0060,497,587,30.0,252
2022-08-08,SKU0060,458,0,30.0,252
2022-08-15,SKU0060,437,0,30.0,252
2022-08-22,SKU0060,410,0,30.0,252
2022-08-29,SKU0060,382,0,30.0,252
2022-09-05,SKU0060,325,0,,252
2022-09-12,SKU0060,275,0,30.0,252
2022-09-19,SKU0060,229,425,30.0,252
2022-09-26,SKU0060,570,453,30.0,252
2022-10-03,SKU0060,525,0,30.0,252
2022-10-10,SKU0060,459,0,30.0,252
2022-10-17,SKU0060,419,0,30.0,252
2022-10-24,SKU0060,356,0,30.0,252
2022-10-31,SKU0060,292,0,30.0,252
2022-11-07,SKU0060,707,558,,252
2022-11-14,SKU0060,644,0,30.0,252
2022-11-21,SKU0060,607,0,30.0,252
2022-11-28,SKU0060,544,0,30.0,252
2022-12-05,SKU0060,484,0,30.0,252
2022-12-12,SKU0060,423,0,30.0,252
2022-12-19,SKU0060,379,0,30.0,252
2022-12-26,SKU0060,338,0,30.0,252
2023-01-02,SKU0060,303,0,30.0,252
2023-01-09,SKU0060,265,0,30.0,252
2023-01-16,SKU0060,228,474,30.0,252
2023-01-23,SKU0060,183,318,30.0,252
2023-01-30,SKU0060,115,615,30.0,252
2023-02-06,SKU0060,494,351,30.0,252
2023-02-13,SKU0060,456,0,30.0,252
2023-02-20,SKU0060,422,0,30.0,252
2023-02-27,SKU0060,360,0,30.0,252
2023-03-06,SKU0060,321,0,30.0,252
2023-03-13,SKU0060,270,0,30.0,252
2023-03-20,SKU0060,570,433,30.0,252
2023-03-27,SKU0060,546,0,30.0,252
2023-04-03,SKU0060,510,0,30.0,252
2023-04-10,SKU0060,473,0,30.0,252
2023-04-17,SKU0060,428,0,30.0,252
2023-04-24,SKU0060,375,0,30.0,252
2023-05-01,SKU0060,341,0,30.0,252
2023-05-08,SKU0060,310,0,30.0,252
2023-05-15,SKU0060,277,0,30.0,252
2023-05-22,SKU0060,239,519,30.0,252
2023-05-29,SKU0060,208,512,30.0,252
2023-06-05,SKU0060,556,321,30.0,252
2023-06-12,SKU0060,522,0,30.0,252
2023-06-19,SKU0060,485,0,30.0,252
2023-06-26,SKU0060,454,0,30.0,252
2023-07-03,SKU0060,418,0,30.0,252
2023-07-10,SKU0060,388,0,30.0,252
2023-07-17,SKU0060,365,0,30.0,252
2023-07-24,SKU0060,337,0,30.0,252
2023-07-31,SKU0060,298,0,30.0,252
2023-08-07,SKU0060,265,0,30.0,252
2023-08-14,SKU0060,243,443,30.0,252
2023-08-21,SKU0060,208,383,,252
2023-08-28,SKU0060,165,459,30.0,252
2023-09-04,SKU0060,119,364,30.0,252
2023-09-11,SKU0060,60,422,30.0,252
2023-09-18,SKU0060,354,585,30.0,252
2023-09-25,SKU0060,301,0,30.0,252
2023-10-02,SKU0060,269,0,30.0,252
2023-10-09,SKU0060,476,428,30.0,252
2023-10-16,SKU0060,419,0,30.0,252
2023-10-23,SKU0060,364,0,30.0,252
2023-10-30,SKU0060,315,0,30.0,252
2023-11-06,SKU0060,277,0,30.0,252
2023-11-13,SKU0060,219,360,30.0,252
2023-11-20,SKU0060,163,543,30.0,252
2023-11-27,SKU0060,495,484,30.0,252
2023-12-04,SKU0060,428,0,30.0,252
2023-12-11,SKU0060,357,0,30.0,252
2023-12-18,SKU0060,316,0,30.0,252
2023-12-25,SKU0060,263,0,30.0,252
2022-01-03,SKU0061,43,0,7.0,10
2022-01-10,SKU0061,35,0,7.0,10
2022-01-17,SKU0061,23,0,7.0,10
2022-01-24,SKU0061,16,0,7.0,10
2022-01-31,SKU0061,68,71,7.0,10
2022-02-07,SKU0061,57,0,7.0,10
2022-02-14,SKU0061,47,0,7.0,10
2022-02-21,SKU0061,35,0,7.0,10
2022-02-28,SKU0061,23,0,7.0,10
2022-03-07,SKU0061,14,0,7.0,10
2022-03-14,SKU0061,6,62,7.0,10
2022-03-21,SKU0061,42,99,7.0,10
2022-03-28,SKU0061,38,0,7.0,10
2022-04-04,SKU0061,34,0,7.0,10
2022-04-11,SKU0061,25,0,7.0,10
2022-04-18,SKU0061,17,0,7.0,10
2022-04-25,SKU0061,85,91,7.0,10
2022-05-02,SKU0061,77,0,7.0,10
2022-05-09,SKU0061,68,0,7.0,10
2022-05-16,SKU0061,61,0,7.0,10
2022-05-23,SKU0061,57,0,7.0,10
2022-05-30,SKU0061,52,0,7.0,10
2022-06-06,SKU0061,49,0,7.0,10
2022-06-13,SKU0061,42,0,7.0,10
2022-06-20,SKU0061,38,0,7.0,10
2022-06-27,SKU0061,34,0,7.0,10
2022-07-04,SKU0061,30,0,7.0,10
2022-07-11,SKU0061,23,0,7.0,10
2022-07-18,SKU0061,18,0,7.0,10
2022-07-25,SKU0061,15,0,,10
2022-08-01,SKU0061,11,0,7.0,10
2022-08-08,SKU0061,80,77,7.0,10
2022-08-15,SKU0061,74,0,7.0,10
2022-08-22,SKU0061,69,0,7.0,10
2022-08-29,SKU0061,63,0,7.0,10
2022-09-05,SKU0061,56,0,7.0,10
2022-09-12,SKU0061,48,0,7.0,10
2022-09-19,SKU0061,43,0,7.0,10
2022-09-26,SKU0061,38,0,7.0,10
2022-10-03,SKU0061,31,0,7.0,10
2022-10-10,SKU0061,20,0,7.0,10
2022-10-17,SKU0061,10,79,7.0,10
2022-10-24,SKU0061,83,104,7.0,10
2022-10-31,SKU0061,74,0,7.0,10
2022-11-07,SKU0061,64,0,7.0,10
2022-11-14,SKU0061,56,0,7.0,10
2022-11-21,SKU0061,46,0,7.0,10
2022-11-28,SKU0061,37,0,7.0,10
2022-12-05,SKU0061,29,0,7.0,10
2022-12-12,SKU0061,19,0,7.0,10
2022-12-19,SKU0061,9,95,7.0,10
2022-12-26,SKU0061,71,58,7.0,10
2023-01-02,SKU0061,59,0,7.0,10
2023-01-09,SKU0061,51,0,7.0,10
2023-01-16,SKU0061,39,0,7.0,10
2023-01-23,SKU0061,33,0,7.0,10
2023-01-30,SKU0061,26,0,7.0,10
2023-02-06,SKU0061,14,0,7.0,10
2023-02-13,SKU0061,77,67,7.0,10
2023-02-20,SKU0061,65,0,7.0,10
2023-02-27,SKU0061,55,0,7.0,10
2023-03-06,SKU0061,48,0,7.0,10
2023-03-13,SKU0061,44,0,7.0,10
2023-03-20,SKU0061,36,0,7.0,10
2023-03-27,SKU0061,28,0,7.0,10
2023-04-03,SKU0061,22,0,7.0,10
2023-04-10,SKU0061,17,0,7.0,10
2023-04-17,SKU0061,13,0,7.0,10
2023-04-24,SKU0061,5,66,7.0,10
2023-05-01,SKU0061,80,85,7.0,10
2023-05-08,SKU0061,73,0,,10
2023-05-15,SKU0061,64,0,7.0,10
2023-05-22,SKU0061,58,0,7.0,10
2023-05-29,SKU0061,52,0,7.0,10
2023-06-05,SKU0061,45,0,7.0,10
2023-06-12,SKU0061,42,0,7.0,10
2023-06-19,SKU0061,35,0,7.0,10
2023-06-26,SKU0061,31,0,7.0,10
2023-07-03,SKU0061,25,0,7.0,10
2023-07-10,SKU0061,21,0,7.0,10
2023-07-17,SKU0061,16,0,7.0,10
2023-07-24,SKU0061,9,72,7.0,10
2023-07-31,SKU0061,4,106,7.0,10
2023-08-07,SKU0061,0,104,7.0,10
2023-08-14,SKU0061,0,78,7.0,10
2023-08-21,SKU0061,0,101,7.0,10
2023-08-28,SKU0061,51,77,7.0,10
2023-09-04,SKU0061,46,0,7.0,10
2023-09-11,SKU0061,36,0,7.0,10
2023-09-18,SKU0061,28,0,7.0,10
2023-09-25,SKU0061,19,0,,10
2023-10-02,SKU0061,12,0,7.0,10
2023-10-09,SKU0061,6,55,7.0,10
2023-10-16,SKU0061,47,106,7.0,10
2023-10-23,SKU0061,36,0,7.0,10
2023-10-30,SKU0061,31,0,7.0,10
2023-11-06,SKU0061,22,0,7.0,10
2023-11-13,SKU0061,11,0,7.0,10
2023-11-20,SKU0061,0,107,7.0,10
2023-11-27,SKU0061,0,76,7.0,10
2023-12-04,SKU0061,43,106,7.0,10
2023-12-11,SKU0061,34,0,7.0,10
2023-12-18,SKU0061,25,0,7.0,10
2023-12-25,SKU0061,19,0,7.0,10
2022-01-03,SKU0062,101,0,10.0,20
2022-01-10,SKU0062,85,0,10.0,20
2022-01-17,SKU0062,74,0,10.0,20
2022-01-24,SKU0062,63,0,10.0,20
2022-01-31,SKU0062,52,0,10.0,20
2022-02-07,SKU0062,43,0,10.0,20
2022-02-14,SKU0062,25,0,10.0,20
2022-02-21,SKU0062,84,145,10.0,20
2022-02-28,SKU0062,66,0,10.0,20
2022-03-07,SKU0062,58,0,10.0,20
2022-03-14,SKU0062,46,0,10.0,20
2022-03-21,SKU0062,34,0,10.0,20
2022-03-28,SKU0062,21,0,10.0,20
2022-04-04,SKU0062,14,94,10.0,20
2022-04-11,SKU0062,6,88,10.0,20
2022-04-18,SKU0062,93,149,,20
2022-04-25,SKU0062,81,0,10.0,20
2022-05-02,SKU0062,71,0,10.0,20
2022-05-09,SKU0062,63,0,10.0,20
2022-05-16,SKU0062,55,0,10.0,20
2022-05-23,SKU0062,44,0,10.0,20
2022-05-30,SKU0062,36,0,10.0,20
2022-06-06,SKU0062,26,0,10.0,20
2022-06-13,SKU0062,117,146,10.0,20
2022-06-20,SKU0062,111,0,10.0,20
2022-06-27,SKU0062,103,0,10.0,20
2022-07-04,SKU0062,95,0,10.0,20
2022-07-11,SKU0062,89,0,10.0,20
2022-07-18,SKU0062,83,0,10.0,20
2022-07-25,SKU0062,74,0,10.0,20
2022-08-01,SKU0062,69,0,10.0,20
2022-08-08,SKU0062,63,0,10.0,20
2022-08-15,SKU0062,56,0,10.0,20
2022-08-22,SKU0062,48,0,10.0,20
2022-08-29,SKU0062,42,0,10.0,20
2022-09-05,SKU0062,34,0,10.0,20
2022-09-12,SKU0062,20,104,10.0,20
2022-09-19,SKU0062,65,109,10.0,20
2022-09-26,SKU0062,49,0,10.0,20
2022-10-03,SKU0062,37,0,10.0,20
2022-10-10,SKU0062,25,0,10.0,20
2022-10-17,SKU0062,109,141,10.0,20
2022-10-24,SKU0062,95,0,10.0,20
2022-10-31,SKU0062,83,0,10.0,20
2022-11-07,SKU0062,73,0,10.0,20
2022-11-14,SKU0062,65,0,10.0,20
2022-11-21,SKU0062,56,0,10.0,20
2022-11-28,SKU0062,48,0,10.0,20
2022-12-05,SKU0062,38,0,10.0,20
2022-12-12,SKU0062,20,105,10.0,20
2022-12-19,SKU0062,101,112,10.0,20
2022-12-26,SKU0062,90,0,10.0,20
2023-01-02,SKU0062,74,0,10.0,20
2023-01-09,SKU0062,57,0,10.0,20
2023-01-16,SKU0062,41,0,10.0,20
2023-01-23,SKU0062,24,0,10.0,20
2023-01-30,SKU0062,120,134,10.0,20
2023-02-06,SKU0062,105,0,10.0,20
2023-02-13,SKU0062,93,0,10.0,20
2023-02-20,SKU0062,82,0,10.0,20
2023-02-27,SKU0062,67,0,10.0,20
2023-03-06,SKU0062,54,0,10.0,20
2023-03-13,SKU0062,43,0,10.0,20
2023-03-20,SKU0062,37,0,10.0,20
2023-03-27,SKU0062,28,0,10.0,20
2023-04-03,SKU0062,20,105,10.0,20
2023-04-10,SKU0062,83,115,10.0,20
2023-04-17,SKU0062,73,0,10.0,20
2023-04-24,SKU0062,67,0,10.0,20
2023-05-01,SKU0062,61,0,10.0,20
2023-05-08,SKU0062,55,0,10.0,20
2023-05-15,SKU0062,46,0,10.0,20
2023-05-22,SKU0062,37,0,10.0,20
2023-05-29,SKU0062,24,0,10.0,20
2023-06-05,SKU0062,17,82,10.0,20
2023-06-12,SKU0062,123,93,10.0,20
2023-06-19,SKU0062,112,0,10.0,20
2023-06-26,SKU0062,101,0,10.0,20
2023-07-03,SKU0062,92,0,10.0,20
2023-07-10,SKU0062,87,0,10.0,20
2023-07-17,SKU0062,78,0,10.0,20
2023-07-24,SKU0062,70,0,10.0,20
2023-07-31,SKU0062,61,0,10.0,20
2023-08-07,SKU0062,53,0,10.0,20
2023-08-14,SKU0062,46,0,10.0,20
2023-08-21,SKU0062,40,0,10.0,20
2023-08-28,SKU0062,35,0,10.0,20
2023-09-04,SKU0062,20,155,10.0,20
2023-09-11,SKU0062,101,153,10.0,20
2023-09-18,SKU0062,85,0,10.0,20
2023-09-25,SKU0062,71,0,10.0,20
2023-10-02,SKU0062,58,0,10.0,20
2023-10-09,SKU0062,49,0,10.0,20
2023-10-16,SKU0062,41,0,10.0,20
2023-10-23,SKU0062,29,0,10.0,20
2023-10-30,SKU0062,77,154,10.0,20
2023-11-06,SKU0062,63,0,10.0,20
2023-11-13,SKU0062,55,0,10.0,20
2023-11-20,SKU0062,43,0,10.0,20
2023-11-27,SKU0062,29,0,10.0,20
2023-12-04,SKU0062,11,114,10.0,20
2023-12-11,SKU0062,0,81,10.0,20
2023-12-18,SKU0062,94,137,10.0,20
2023-12-25,SKU0062,82,0,10.0,20
2022-01-03,SKU0063,27,0,21.0,14
2022-01-10,SKU0063,23,0,21.0,14
2022-01-17,SKU0063,19,0,21.0,14
2022-01-24,SKU0063,14,50,21.0,14
2022-01-31,SKU0063,11,42,21.0,14
2022-02-07,SKU0063,25,49,21.0,14
2022-02-14,SKU0063,21,0,21.0,14
2022-02-21,SKU0063,18,0,21.0,14
2022-02-28,SKU0063,13,31,21.0,14
2022-03-07,SKU0063,40,37,21.0,14
2022-03-14,SKU0063,39,0,21.0,14
2022-03-21,SKU0063,36,0,21.0,14
2022-03-28,SKU0063,33,0,21.0,14
2022-04-04,SKU0063,29,0,21.0,14
2022-04-11,SKU0063,26,0,21.0,14
2022-04-18,SKU0063,24,0,21.0,14
2022-04-25,SKU0063,22,0,21.0,14
2022-05-02,SKU0063,18,0,21.0,14
2022-05-09,SKU0063,16,0,21.0,14
2022-05-16,SKU0063,44,38,21.0,14
2022-05-23,SKU0063,41,0,21.0,14
2022-05-30,SKU0063,38,0,21.0,14
2022-06-06,SKU0063,36,0,21.0,14
2022-06-13,SKU0063,34,0,21.0,14
2022-06-20,SKU0063,31,0,21.0,14
2022-06-27,SKU0063,28,0,21.0,14
2022-07-04,SKU0063,26,0,21.0,14
2022-07-11,SKU0063,24,0,21.0,14
2022-07-18,SKU0063,22,0,21.0,14
2022-07-25,SKU0063,19,0,21.0,14
2022-08-01,SKU0063,16,0,21.0,14
2022-08-08,SKU0063,48,42,21.0,14
2022-08-15,SKU0063,47,0,21.0,14
2022-08-22,SKU0063,44,0,21.0,14
2022-08-29,SKU0063,42,0,21.0,14
2022-09-05,SKU0063,40,0,21.0,14
2022-09-12,SKU0063,36,0,21.0,14
2022-09-19,SKU0063,34,0,21.0,14
2022-09-26,SKU0063,29,0,21.0,14
2022-10-03,SKU0063,24,0,21.0,14
2022-10-10,SKU0063,21,0,21.0,14
2022-10-17,SKU0063,16,0,21.0,14
2022-10-24,SKU0063,32,44,21.0,14
2022-10-31,SKU0063,28,0,21.0,14
2022-11-07,SKU0063,25,0,21.0,14
2022-11-14,SKU0063,22,0,21.0,14
2022-11-21,SKU0063,18,0,21.0,14
2022-11-28,SKU0063,14,37,21.0,14
2022-12-05,SKU0063,35,38,21.0,14
2022-12-12,SKU0063,32,0,21.0,14
2022-12-19,SKU0063,29,0,21.0,14
2022-12-26,SKU0063,23,0,21.0,14
2023-01-02,SKU0063,20,0,,14
2023-01-09,SKU0063,17,0,21.0,14
2023-01-16,SKU0063,14,39,21.0,14
2023-01-23,SKU0063,11,46,21.0,14
2023-01-30,SKU0063,6,48,21.0,14
2023-02-06,SKU0063,20,46,21.0,14
2023-02-13,SKU0063,17,0,21.0,14
2023-02-20,SKU0063,12,37,21.0,14
2023-02-27,SKU0063,8,30,21.0,14
2023-03-06,SKU0063,40,36,21.0,14
2023-03-13,SKU0063,38,0,21.0,14
2023-03-20,SKU0063,35,0,21.0,14
2023-03-27,SKU0063,33,0,21.0,14
2023-04-03,SKU0063,31,0,21.0,14
2023-04-10,SKU0063,28,0,21.0,14
2023-04-17,SKU0063,25,0,21.0,14
2023-04-24,SKU0063,22,0,21.0,14
2023-05-01,SKU0063,18,0,21.0,14
2023-05-08,SKU0063,16,0,21.0,14
2023-05-15,SKU0063,14,32,21.0,14
2023-05-22,SKU0063,45,33,21.0,14
2023-05-29,SKU0063,41,0,21.0,14
2023-06-05,SKU0063,39,0,21.0,14
2023-06-12,SKU0063,36,0,21.0,14
2023-06-19,SKU0063,33,0,21.0,14
2023-06-26,SKU0063,30,0,21.0,14
2023-07-03,SKU0063,27,0,21.0,14
2023-07-10,SKU0063,26,0,21.0,14
2023-07-17,SKU0063,25,0,21.0,14
2023-07-24,SKU0063,22,0,21.0,14
2023-07-31,SKU0063,20,0,21.0,14
2023-08-07,SKU0063,18,0,21.0,14
2023-08-14,SKU0063,16,0,21.0,14
2023-08-21,SKU0063,50,35,21.0,14
2023-08-28,SKU0063,49,0,21.0,14
2023-09-04,SKU0063,45,0,21.0,14
2023-09-11,SKU0063,42,0,21.0,14
2023-09-18,SKU0063,38,0,21.0,14
2023-09-25,SKU0063,33,0,21.0,14
2023-10-02,SKU0063,29,0,21.0,14
2023-10-09,SKU0063,26,0,21.0,14
2023-10-16,SKU0063,23,0,21.0,14
2023-10-23,SKU0063,20,0,21.0,14
2023-10-30,SKU0063,17,0,21.0,14
2023-11-06,SKU0063,14,30,21.0,14
2023-11-13,SKU0063,10,51,21.0,14
2023-11-20,SKU0063,6,32,21.0,14
2023-11-27,SKU0063,3,35,21.0,14
2023-12-04,SKU0063,0,35,21.0,14
2023-12-11,SKU0063,21,29,21.0,14
2023-12-18,SKU0063,15,0,21.0,14
2023-12-25,SKU0063,12,26,21.0,14
2022-01-03,SKU0064,11,0,14.0,8
2022-01-10,SKU0064,7,26,14.0,8
2022-01-17,SKU0064,36,35,14.0,8
2022-01-24,SKU0064,31,0,14.0,8
2022-01-31,SKU0064,28,0,14.0,8
2022-02-07,SKU0064,24,0,14.0,8
2022-02-14,SKU0064,20,0,14.0,8
2022-02-21,SKU0064,17,0,14.0,8
2022-02-28,SKU0064,12,0,14.0,8
2022-03-07,SKU0064,10,0,14.0,8
2022-03-14,SKU0064,9,0,,8
2022-03-21,SKU0064,6,45,14.0,8
2022-03-28,SKU0064,26,44,14.0,8
2022-04-04,SKU0064,24,0,14.0,8
2022-04-11,SKU0064,21,0,14.0,8
2022-04-18,SKU0064,20,0,14.0,8
2022-04-25,SKU0064,17,0,14.0,8
2022-05-02,SKU0064,14,0,14.0,8
2022-05-09,SKU0064,11,0,14.0,8
2022-05-16,SKU0064,8,31,14.0,8
2022-05-23,SKU0064,5,33,14.0,8
2022-05-30,SKU0064,2,45,14.0,8
2022-06-06,SKU0064,0,43,14.0,8
2022-06-13,SKU0064,20,38,14.0,8
2022-06-20,SKU0064,19,0,14.0,8
2022-06-27,SKU0064,17,0,14.0,8
2022-07-04,SKU0064,14,0,14.0,8
2022-07-11,SKU0064,12,0,14.0,8
2022-07-18,SKU0064,10,0,14.0,8
2022-07-25,SKU0064,8,27,14.0,8
2022-08-01,SKU0064,26,27,14.0,8
2022-08-08,SKU0064,23,0,14.0,8
2022-08-15,SKU0064,21,0,14.0,8
2022-08-22,SKU0064,19,0,14.0,8
2022-08-29,SKU0064,17,0,14.0,8
2022-09-05,SKU0064,15,0,14.0,8
2022-09-12,SKU0064,13,0,14.0,8
2022-09-19,SKU0064,9,0,14.0,8
2022-09-26,SKU0064,7,44,14.0,8
2022-10-03,SKU0064,4,43,14.0,8
2022-10-10,SKU0064,25,29,14.0,8
2022-10-17,SKU0064,23,0,14.0,8
2022-10-24,SKU0064,20,0,14.0,8
2022-10-31,SKU0064,18,0,14.0,8
2022-11-07,SKU0064,14,0,14.0,8
2022-11-14,SKU0064,12,0,14.0,8
2022-11-21,SKU0064,29,39,14.0,8
2022-11-28,SKU0064,25,0,14.0,8
2022-12-05,SKU0064,22,0,,8
2022-12-12,SKU0064,18,0,14.0,8
2022-12-19,SKU0064,13,0,14.0,8
2022-12-26,SKU0064,35,30,14.0,8
2023-01-02,SKU0064,31,0,14.0,8
2023-01-09,SKU0064,26,0,14.0,8
2023-01-16,SKU0064,21,0,14.0,8
2023-01-23,SKU0064,19,0,14.0,8
2023-01-30,SKU0064,15,0,14.0,8
2023-02-06,SKU0064,12,0,14.0,8
2023-02-13,SKU0064,29,37,14.0,8
2023-02-20,SKU0064,25,0,14.0,8
2023-02-27,SKU0064,22,0,14.0,8
2023-03-06,SKU0064,19,0,14.0,8
2023-03-13,SKU0064,16,0,14.0,8
2023-03-20,SKU0064,13,0,14.0,8
2023-03-27,SKU0064,10,0,14.0,8
2023-04-03,SKU0064,27,23,14.0,8
2023-04-10,SKU0064,24,0,14.0,8
2023-04-17,SKU0064,21,0,14.0,8
2023-04-24,SKU0064,19,0,14.0,8
2023-05-01,SKU0064,16,0,14.0,8
2023-05-08,SKU0064,14,0,14.0,8
2023-05-15,SKU0064,12,0,14.0,8
2023-05-22,SKU0064,9,0,14.0,8
2023-05-29,SKU0064,39,23,14.0,8
2023-06-05,SKU0064,36,0,14.0,8
2023-06-12,SKU0064,34,0,14.0,8
2023-06-19,SKU0064,32,0,14.0,8
2023-06-26,SKU0064,31,0,14.0,8
2023-07-03,SKU0064,29,0,14.0,8
2023-07-10,SKU0064,27,0,14.0,8
2023-07-17,SKU0064,26,0,14.0,8
2023-07-24,SKU0064,24,0,14.0,8
2023-07-31,SKU0064,22,0,14.0,8
2023-08-07,SKU0064,20,0,14.0,8
2023-08-14,SKU0064,19,0,14.0,8
2023-08-21,SKU0064,18,0,14.0,8
2023-08-28,SKU0064,15,0,14.0,8
2023-09-04,SKU0064,13,0,14.0,8
2023-09-11,SKU0064,9,0,14.0,8
2023-09-18,SKU0064,5,33,14.0,8
2023-09-25,SKU0064,2,42,14.0,8
2023-10-02,SKU0064,0,39,14.0,8
2023-10-09,SKU0064,26,29,14.0,8
2023-10-16,SKU0064,22,0,14.0,8
2023-10-23,SKU0064,19,0,14.0,8
2023-10-30,SKU0064,14,0,14.0,8
2023-11-06,SKU0064,10,0,14.0,8
2023-11-13,SKU0064,34,31,14.0,8
2023-11-20,SKU0064,32,0,14.0,8
2023-11-27,SKU0064,27,0,14.0,8
2023-12-04,SKU0064,24,0,14.0,8
2023-12-11,SKU0064,20,0,14.0,8
2023-12-18,SKU0064,17,0,14.0,8
2023-12-25,SKU0064,12,0,14.0,8
2022-01-03,SKU0065,98,0,10.0,69
2022-01-10,SKU0065,387,316,10.0,69
2022-01-17,SKU0065,347,0,10.0,69
2022-01-24,SKU0065,302,0,10.0,69
2022-01-31,SKU0065,253,0,10.0,69
2022-02-07,SKU0065,211,0,10.0,69
2022-02-14,SKU0065,172,0,10.0,69
2022-02-21,SKU0065,143,0,10.0,69
2022-02-28,SKU0065,81,0,10.0,69
2022-03-07,SKU0065,309,414,10.0,69
2022-03-14,SKU0065,268,0,10.0,69
2022-03-21,SKU0065,226,0,10.0,69
2022-03-28,SKU0065,199,0,10.0,69
2022-04-04,SKU0065,161,0,10.0,69
2022-04-11,SKU0065,122,0,10.0,69
2022-04-18,SKU0065,87,0,10.0,69
2022-04-25,SKU0065,414,274,10.0,69
2022-05-02,SKU0065,376,0,10.0,69
2022-05-09,SKU0065,332,0,10.0,69
2022-05-16,SKU0065,289,0,10.0,69
2022-05-23,SKU0065,261,0,10.0,69
2022-05-30,SKU0065,220,0,10.0,69
2022-06-06,SKU0065,188,0,10.0,69
2022-06-13,SKU0065,168,0,10.0,69
2022-06-20,SKU0065,139,0,10.0,69
2022-06-27,SKU0065,117,0,10.0,69
2022-07-04,SKU0065,83,0,10.0,69
2022-07-11,SKU0065,53,270,10.0,69
2022-07-18,SKU0065,240,319,10.0,69
2022-07-25,SKU0065,214,0,10.0,69
2022-08-01,SKU0065,189,0,10.0,69
2022-08-08,SKU0065,156,0,10.0,69
2022-08-15,SKU0065,136,0,10.0,69
2022-08-22,SKU0065,118,0,10.0,69
2022-08-29,SKU0065,85,0,10.0,69
2022-09-05,SKU0065,236,477,10.0,69
2022-09-12,SKU0065,190,0,10.0,69
2022-09-19,SKU0065,161,0,10.0,69
2022-09-26,SKU0065,119,0,10.0,69
2022-10-03,SKU0065,83,0,10.0,69
2022-10-10,SKU0065,54,316,10.0,69
2022-10-17,SKU0065,326,354,10.0,69
2022-10-24,SKU0065,287,0,10.0,69
2022-10-31,SKU0065,236,0,10.0,69
2022-11-07,SKU0065,192,0,10.0,69
2022-11-14,SKU0065,154,0,10.0,69
2022-11-21,SKU0065,107,0,10.0,69
2022-11-28,SKU0065,62,265,10.0,69
2022-12-05,SKU0065,398,447,10.0,69
2022-12-12,SKU0065,339,0,10.0,69
2022-12-19,SKU0065,300,0,10.0,69
2022-12-26,SKU0065,252,0,10.0,69
2023-01-02,SKU0065,223,0,10.0,69
2023-01-09,SKU0065,185,0,10.0,69
2023-01-16,SKU0065,139,0,10.0,69
2023-01-23,SKU0065,101,0,10.0,69
2023-01-30,SKU0065,278,426,10.0,69
2023-02-06,SKU0065,241,0,10.0,69
2023-02-13,SKU0065,188,0,10.0,69
2023-02-20,SKU0065,148,0,10.0,69
2023-02-27,SKU0065,115,0,10.0,69
2023-03-06,SKU0065,75,0,10.0,69
2023-03-13,SKU0065,262,399,10.0,69
2023-03-20,SKU0065,224,0,10.0,69
2023-03-27,SKU0065,193,0,10.0,69
2023-04-03,SKU0065,168,0,10.0,69
2023-04-10,SKU0065,144,0,10.0,69
2023-04-17,SKU0065,110,0,10.0,69
2023-04-24,SKU0065,81,0,10.0,69
2023-05-01,SKU0065,38,479,10.0,69
2023-05-08,SKU0065,0,482,10.0,69
2023-05-15,SKU0065,217,307,10.0,69
2023-05-22,SKU0065,192,0,10.0,69
2023-05-29,SKU0065,164,0,10.0,69
2023-06-05,SKU0065,143,0,10.0,69
2023-06-12,SKU0065,112,0,10.0,69
2023-06-19,SKU0065,80,0,10.0,69
2023-06-26,SKU0065,59,494,10.0,69
2023-07-03,SKU0065,259,398,10.0,69
2023-07-10,SKU0065,224,0,10.0,69
2023-07-17,SKU0065,201,0,10.0,69
2023-07-24,SKU0065,179,0,10.0,69
2023-07-31,SKU0065,149,0,10.0,69
2023-08-07,SKU0065,133,0,10.0,69
2023-08-14,SKU0065,113,0,10.0,69
2023-08-21,SKU0065,88,0,10.0,69
2023-08-28,SKU0065,65,425,10.0,69
2023-09-04,SKU0065,26,393,10.0,69
2023-09-11,SKU0065,0,293,10.0,69
2023-09-18,SKU0065,0,498,10.0,69
2023-09-25,SKU0065,0,361,10.0,69
2023-10-02,SKU0065,267,401,10.0,69
2023-10-09,SKU0065,220,0,10.0,69
2023-10-16,SKU0065,195,0,10.0,69
2023-10-23,SKU0065,159,0,10.0,69
2023-10-30,SKU0065,122,0,10.0,69
2023-11-06,SKU0065,88,0,10.0,69
2023-11-13,SKU0065,290,381,10.0,69
2023-11-20,SKU0065,244,0,10.0,69
2023-11-27,SKU0065,210,0,10.0,69
2023-12-04,SKU0065,149,0,10.0,69
2023-12-11,SKU0065,108,0,10.0,69
2023-12-18,SKU0065,73,0,10.0,69
2023-12-25,SKU0065,32,436,10.0,69
2022-01-03,SKU0066,318,564,30.0,398
2022-01-10,SKU0066,256,767,30.0,398
2022-01-17,SKU0066,894,503,30.0,398
2022-01-24,SKU0066,809,0,30.0,398
2022-01-31,SKU0066,750,0,30.0,398
2022-02-07,SKU0066,637,0,30.0,398
2022-02-14,SKU0066,541,0,30.0,398
2022-02-21,SKU0066,479,0,30.0,398
2022-02-28,SKU0066,961,742,30.0,398
2022-03-07,SKU0066,905,0,30.0,398
2022-03-14,SKU0066,835,0,30.0,398
2022-03-21,SKU0066,787,0,30.0,398
2022-03-28,SKU0066,716,0,30.0,398
2022-04-04,SKU0066,632,0,30.0,398
2022-04-11,SKU0066,583,0,30.0,398
2022-04-18,SKU0066,544,0,30.0,398
2022-04-25,SKU0066,507,0,30.0,398
2022-05-02,SKU0066,428,0,30.0,398
2022-05-09,SKU0066,372,506,30.0,398
2022-05-16,SKU0066,987,793,30.0,398
2022-05-23,SKU0066,902,0,30.0,398
2022-05-30,SKU0066,837,0,30.0,398
2022-06-06,SKU0066,791,0,30.0,398
2022-06-13,SKU0066,753,0,30.0,398
2022-06-20,SKU0066,688,0,30.0,398
2022-06-27,SKU0066,647,0,30.0,398
2022-07-04,SKU0066,590,0,30.0,398
2022-07-11,SKU0066,531,0,30.0,398
2022-07-18,SKU0066,470,0,30.0,398
2022-07-25,SKU0066,432,0,30.0,398
2022-08-01,SKU0066,366,803,30.0,398
2022-08-08,SKU0066,315,732,30.0,398
2022-08-15,SKU0066,251,806,30.0,398
2022-08-22,SKU0066,196,719,30.0,398
2022-08-29,SKU0066,141,692,,398
2022-09-05,SKU0066,90,744,30.0,398
2022-09-12,SKU0066,605,960,30.0,398
2022-09-19,SKU0066,558,0,30.0,398
2022-09-26,SKU0066,507,0,30.0,398
2022-10-03,SKU0066,440,0,30.0,398
2022-10-10,SKU0066,1029,821,30.0,398
2022-10-17,SKU0066,958,0,30.0,398
2022-10-24,SKU0066,860,0,30.0,398
2022-10-31,SKU0066,762,0,30.0,398
2022-11-07,SKU0066,703,0,30.0,398
2022-11-14,SKU0066,614,0,30.0,398
2022-11-21,SKU0066,553,0,30.0,398
2022-11-28,SKU0066,477,0,30.0,398
2022-12-05,SKU0066,921,746,30.0,398
2022-12-12,SKU0066,830,0,30.0,398
2022-12-19,SKU0066,742,0,30.0,398
2022-12-26,SKU0066,628,0,30.0,398
2023-01-02,SKU0066,540,0,30.0,398
2023-01-09,SKU0066,472,0,30.0,398
2023-01-16,SKU0066,394,723,30.0,398
2023-01-23,SKU0066,286,814,30.0,398
2023-01-30,SKU0066,185,716,30.0,398
2023-02-06,SKU0066,112,764,30.0,398
2023-02-13,SKU0066,39,721,30.0,398
2023-02-20,SKU0066,568,912,30.0,398
2023-02-27,SKU0066,472,0,30.0,398
2023-03-06,SKU0066,390,708,30.0,398
2023-03-13,SKU0066,311,774,30.0,398
2023-03-20,SKU0066,269,675,30.0,398
2023-03-27,SKU0066,201,780,30.0,398
2023-04-03,SKU0066,133,813,30.0,398
2023-04-10,SKU0066,577,962,30.0,398
2023-04-17,SKU0066,522,0,30.0,398
2023-04-24,SKU0066,458,0,30.0,398
2023-05-01,SKU0066,404,0,30.0,398
2023-05-08,SKU0066,856,822,30.0,398
2023-05-15,SKU0066,797,0,30.0,398
2023-05-22,SKU0066,725,0,30.0,398
2023-05-29,SKU0066,674,0,30.0,398
2023-06-05,SKU0066,629,0,30.0,398
2023-06-12,SKU0066,595,0,30.0,398
2023-06-19,SKU0066,560,0,30.0,398
2023-06-26,SKU0066,513,0,30.0,398
2023-07-03,SKU0066,478,0,30.0,398
2023-07-10,SKU0066,422,0,30.0,398
2023-07-17,SKU0066,390,936,30.0,398
2023-07-24,SKU0066,345,902,30.0,398
2023-07-31,SKU0066,691,960,30.0,398
2023-08-07,SKU0066,620,0,30.0,398
2023-08-14,SKU0066,565,0,30.0,398
2023-08-21,SKU0066,527,0,,398
2023-08-28,SKU0066,486,0,30.0,398
2023-09-04,SKU0066,425,0,30.0,398
2023-09-11,SKU0066,1021,951,30.0,398
2023-09-18,SKU0066,957,0,30.0,398
2023-09-25,SKU0066,890,0,30.0,398
2023-10-02,SKU0066,810,0,30.0,398
2023-10-09,SKU0066,723,0,30.0,398
2023-10-16,SKU0066,659,0,30.0,398
2023-10-23,SKU0066,553,0,30.0,398
2023-10-30,SKU0066,456,0,30.0,398
2023-11-06,SKU0066,912,982,30.0,398
2023-11-13,SKU0066,822,0,30.0,398
2023-11-20,SKU0066,731,0,30.0,398
2023-11-27,SKU0066,646,0,30.0,398
2023-12-04,SKU0066,557,0,30.0,398
2023-12-11,SKU0066,481,0,30.0,398
2023-12-18,SKU0066,404,0,30.0,398
2023-12-25,SKU0066,303,753,30.0,398
2022-01-03,SKU0067,95,0,10.0,23
2022-01-10,SKU0067,79,0,10.0,23
2022-01-17,SKU0067,65,0,,23
2022-01-24,SKU0067,54,0,10.0,23
2022-01-31,SKU0067,36,0,10.0,23
2022-02-07,SKU0067,121,125,10.0,23
2022-02-14,SKU0067,105,0,10.0,23
2022-02-21,SKU0067,93,0,10.0,23
2022-02-28,SKU0067,75,0,10.0,23
2022-03-07,SKU0067,65,0,10.0,23
2022-03-14,SKU0067,53,0,10.0,23
2022-03-21,SKU0067,38,0,10.0,23
2022-03-28,SKU0067,26,0,10.0,23
2022-04-04,SKU0067,14,123,10.0,23
2022-04-11,SKU0067,7,143,10.0,23
2022-04-18,SKU0067,0,155,10.0,23
2022-04-25,SKU0067,0,177,10.0,23
2022-05-02,SKU0067,0,100,10.0,23
2022-05-09,SKU0067,0,134,10.0,23
2022-05-16,SKU0067,0,126,,23
2022-05-23,SKU0067,69,170,10.0,23
2022-05-30,SKU0067,56,0,10.0,23
2022-06-06,SKU0067,47,0,10.0,23
2022-06-13,SKU0067,36,0,,23
2022-06-20,SKU0067,23,142,10.0,23
2022-06-27,SKU0067,17,95,10.0,23
2022-07-04,SKU0067,7,129,10.0,23
2022-07-11,SKU0067,99,96,10.0,23
2022-07-18,SKU0067,88,0,10.0,23
2022-07-25,SKU0067,76,0,10.0,23
2022-08-01,SKU0067,70,0,10.0,23
2022-08-08,SKU0067,64,0,10.0,23
2022-08-15,SKU0067,53,0,10.0,23
2022-08-22,SKU0067,47,0,10.0,23
2022-08-29,SKU0067,38,0,10.0,23
2022-09-05,SKU0067,26,0,10.0,23
2022-09-12,SKU0067,11,144,10.0,23
2022-09-19,SKU0067,76,162,10.0,23
2022-09-26,SKU0067,59,0,10.0,23
2022-10-03,SKU0067,43,0,10.0,23
2022-10-10,SKU0067,29,0,10.0,23
2022-10-17,SKU0067,88,94,10.0,23
2022-10-24,SKU0067,70,0,10.0,23
2022-10-31,SKU0067,56,0,10.0,23
2022-11-07,SKU0067,46,0,10.0,23
2022-11-14,SKU0067,30,0,10.0,23
2022-11-21,SKU0067,14,138,10.0,23
2022-11-28,SKU0067,0,140,10.0,23
2022-12-05,SKU0067,0,130,10.0,23
2022-12-12,SKU0067,0,156,10.0,23
2022-12-19,SKU0067,0,118,10.0,23
2022-12-26,SKU0067,0,112,10.0,23
2023-01-02,SKU0067,84,170,10.0,23
2023-01-09,SKU0067,72,0,10.0,23
2023-01-16,SKU0067,56,0,10.0,23
2023-01-23,SKU0067,36,0,10.0,23
2023-01-30,SKU0067,145,134,10.0,23
2023-02-06,SKU0067,136,0,10.0,23
2023-02-13,SKU0067,115,0,10.0,23
2023-02-20,SKU0067,103,0,10.0,23
2023-02-27,SKU0067,85,0,10.0,23
2023-03-06,SKU0067,78,0,10.0,23
2023-03-13,SKU0067,67,0,10.0,23
2023-03-20,SKU0067,56,0,10.0,23
2023-03-27,SKU0067,47,0,10.0,23
2023-04-03,SKU0067,36,0,10.0,23
2023-04-10,SKU0067,23,95,,23
2023-04-17,SKU0067,130,115,10.0,23
2023-04-24,SKU0067,123,0,10.0,23
2023-05-01,SKU0067,113,0,10.0,23
2023-05-08,SKU0067,101,0,10.0,23
2023-05-15,SKU0067,91,0,,23
2023-05-22,SKU0067,78,0,10.0,23
2023-05-29,SKU0067,69,0,10.0,23
2023-06-05,SKU0067,62,0,10.0,23
2023-06-12,SKU0067,50,0,10.0,23
2023-06-19,SKU0067,42,0,10.0,23
2023-06-26,SKU0067,30,0,10.0,23
2023-07-03,SKU0067,125,118,10.0,23
2023-07-10,SKU0067,114,0,10.0,23
2023-07-17,SKU0067,109,0,10.0,23
2023-07-24,SKU0067,101,0,10.0,23
2023-07-31,SKU0067,93,0,10.0,23
2023-08-07,SKU0067,84,0,10.0,23
2023-08-14,SKU0067,75,0,10.0,23
2023-08-21,SKU0067,64,0,10.0,23
2023-08-28,SKU0067,53,0,10.0,23
2023-09-04,SKU0067,44,0,10.0,23
2023-09-11,SKU0067,26,0,10.0,23
2023-09-18,SKU0067,116,131,10.0,23
2023-09-25,SKU0067,104,0,10.0,23
2023-10-02,SKU0067,90,0,10.0,23
2023-10-09,SKU0067,78,0,10.0,23
2023-10-16,SKU0067,68,0,10.0,23
2023-10-23,SKU0067,51,0,10.0,23
2023-10-30,SKU0067,37,0,10.0,23
2023-11-06,SKU0067,100,100,10.0,23
2023-11-13,SKU0067,90,0,10.0,23
2023-11-20,SKU0067,78,0,10.0,23
2023-11-27,SKU0067,66,0,10.0,23
2023-12-04,SKU0067,47,0,10.0,23
2023-12-11,SKU0067,34,0,10.0,23
2023-12-18,SKU0067,21,134,10.0,23
2023-12-25,SKU0067,104,148,10.0,23
2022-01-03,SKU0068,641,376,21.0,182
2022-01-10,SKU0068,580,0,21.0,182
2022-01-17,SKU0068,519,0,21.0,182
2022-01-24,SKU0068,452,0,21.0,182
2022-01-31,SKU0068,392,0,21.0,182
2022-02-07,SKU0068,349,0,21.0,182
2022-02-14,SKU0068,286,0,21.0,182
2022-02-21,SKU0068,221,0,21.0,182
2022-02-28,SKU0068,156,644,21.0,182
2022-03-07,SKU0068,132,628,21.0,182
2022-03-14,SKU0068,519,596,21.0,182
2022-03-21,SKU0068,485,0,21.0,182
2022-03-28,SKU0068,456,0,21.0,182
2022-04-04,SKU0068,402,0,21.0,182
2022-04-11,SKU0068,359,0,21.0,182
2022-04-18,SKU0068,333,0,21.0,182
2022-04-25,SKU0068,303,0,21.0,182
2022-05-02,SKU0068,268,0,21.0,182
2022-05-09,SKU0068,237,0,21.0,182
2022-05-16,SKU0068,203,0,21.0,182
2022-05-23,SKU0068,168,471,21.0,182
2022-05-30,SKU0068,509,364,21.0,182
2022-06-06,SKU0068,465,0,21.0,182
2022-06-13,SKU0068,426,0,21.0,182
2022-06-20,SKU0068,383,0,21.0,182
2022-06-27,SKU0068,356,0,21.0,182
2022-07-04,SKU0068,322,0,21.0,182
2022-07-11,SKU0068,285,0,21.0,182
2022-07-18,SKU0068,247,0,21.0,182
2022-07-25,SKU0068,224,0,21.0,182
2022-08-01,SKU0068,203,0,21.0,182
2022-08-08,SKU0068,180,373,21.0,182
2022-08-15,SKU0068,143,506,21.0,182
2022-08-22,SKU0068,105,440,21.0,182
2022-08-29,SKU0068,388,541,21.0,182
2022-09-05,SKU0068,349,0,21.0,182
2022-09-12,SKU0068,279,0,21.0,182
2022-09-19,SKU0068,240,0,,182
2022-09-26,SKU0068,186,0,21.0,182
2022-10-03,SKU0068,139,589,21.0,182
2022-10-10,SKU0068,101,387,21.0,182
2022-10-17,SKU0068,339,562,21.0,182
2022-10-24,SKU0068,281,0,21.0,182
2022-10-31,SKU0068,239,0,21.0,182
2022-11-07,SKU0068,576,455,21.0,182
2022-11-14,SKU0068,522,0,21.0,182
2022-11-21,SKU0068,453,0,21.0,182
2022-11-28,SKU0068,394,0,21.0,182
2022-12-05,SKU0068,341,0,21.0,182
2022-12-12,SKU0068,264,0,21.0,182
2022-12-19,SKU0068,186,0,21.0,182
2022-12-26,SKU0068,148,473,21.0,182
2023-01-02,SKU0068,561,354,21.0,182
2023-01-09,SKU0068,487,0,21.0,182
2023-01-16,SKU0068,420,0,,182
2023-01-23,SKU0068,374,0,21.0,182
2023-01-30,SKU0068,326,0,21.0,182
2023-02-06,SKU0068,253,0,21.0,182
2023-02-13,SKU0068,204,0,21.0,182
2023-02-20,SKU0068,139,624,21.0,182
2023-02-27,SKU0068,66,602,21.0,182
2023-03-06,SKU0068,38,453,21.0,182
2023-03-13,SKU0068,419,461,21.0,182
2023-03-20,SKU0068,376,0,21.0,182
2023-03-27,SKU0068,332,0,21.0,182
2023-04-03,SKU0068,305,0,21.0,182
2023-04-10,SKU0068,261,0,21.0,182
2023-04-17,SKU0068,218,0,21.0,182
2023-04-24,SKU0068,190,0,21.0,182
2023-05-01,SKU0068,474,630,21.0,182
2023-05-08,SKU0068,441,0,21.0,182
2023-05-15,SKU0068,406,0,21.0,182
2023-05-22,SKU0068,365,0,21.0,182
2023-05-29,SKU0068,328,0,21.0,182
2023-06-05,SKU0068,290,0,21.0,182
2023-06-12,SKU0068,243,0,21.0,182
2023-06-19,SKU0068,211,0,21.0,182
2023-06-26,SKU0068,179,449,21.0,182
2023-07-03,SKU0068,157,577,21.0,182
2023-07-10,SKU0068,132,498,21.0,182
2023-07-17,SKU0068,348,607,21.0,182
2023-07-24,SKU0068,321,0,21.0,182
2023-07-31,SKU0068,295,0,21.0,182
2023-08-07,SKU0068,253,0,21.0,182
2023-08-14,SKU0068,224,0,21.0,182
2023-08-21,SKU0068,194,0,21.0,182
2023-08-28,SKU0068,160,372,21.0,182
2023-09-04,SKU0068,93,376,21.0,182
2023-09-11,SKU0068,520,572,21.0,182
2023-09-18,SKU0068,484,0,21.0,182
2023-09-25,SKU0068,438,0,21.0,182
2023-10-02,SKU0068,406,0,21.0,182
2023-10-09,SKU0068,368,0,21.0,182
2023-10-16,SKU0068,335,0,21.0,182
2023-10-23,SKU0068,302,0,21.0,182
2023-10-30,SKU0068,253,0,21.0,182
2023-11-06,SKU0068,189,0,,182
2023-11-13,SKU0068,378,446,21.0,182
2023-11-20,SKU0068,337,0,21.0,182
2023-11-27,SKU0068,289,0,21.0,182
2023-12-04,SKU0068,234,0,21.0,182
2023-12-11,SKU0068,197,0,21.0,182
2023-12-18,SKU0068,548,555,21.0,182
2023-12-25,SKU0068,490,0,21.0,182
2022-01-03,SKU0069,96,0,7.0,28
2022-01-10,SKU0069,61,0,7.0,28
2022-01-17,SKU0069,43,0,7.0,28
2022-01-24,SKU0069,176,258,7.0,28
2022-01-31,SKU0069,157,0,7.0,28
2022-02-07,SKU0069,130,0,7.0,28
2022-02-14,SKU0069,112,0,7.0,28
2022-02-21,SKU0069,77,0,7.0,28
2022-02-28,SKU0069,59,0,7.0,28
2022-03-07,SKU0069,37,0,7.0,28
2022-03-14,SKU0069,230,226,7.0,28
2022-03-21,SKU0069,209,0,7.0,28
2022-03-28,SKU0069,189,0,7.0,28
2022-04-04,SKU0069,168,0,7.0,28
2022-04-11,SKU0069,156,0,7.0,28
2022-04-18,SKU0069,139,0,7.0,28
2022-04-25,SKU0069,120,0,7.0,28
2022-05-02,SKU0069,97,0,7.0,28
2022-05-09,SKU0069,81,0,7.0,28
2022-05-16,SKU0069,59,0,7.0,28
2022-05-23,SKU0069,44,0,7.0,28
2022-05-30,SKU0069,202,245,7.0,28
2022-06-06,SKU0069,183,0,7.0,28
2022-06-13,SKU0069,167,0,7.0,28
2022-06-20,SKU0069,148,0,7.0,28
2022-06-27,SKU0069,134,0,7.0,28
2022-07-04,SKU0069,121,0,7.0,28
2022-07-11,SKU0069,108,0,7.0,28
2022-07-18,SKU0069,87,0,7.0,28
2022-07-25,SKU0069,77,0,7.0,28
2022-08-01,SKU0069,59,0,7.0,28
2022-08-08,SKU0069,48,0,7.0,28
2022-08-15,SKU0069,28,294,7.0,28
2022-08-22,SKU0069,11,298,7.0,28
2022-08-29,SKU0069,0,278,7.0,28
2022-09-05,SKU0069,0,160,7.0,28
2022-09-12,SKU0069,0,249,7.0,28
2022-09-19,SKU0069,0,171,,28
2022-09-26,SKU0069,0,193,7.0,28
2022-10-03,SKU0069,151,255,7.0,28
2022-10-10,SKU0069,131,0,7.0,28
2022-10-17,SKU0069,116,0,7.0,28
2022-10-24,SKU0069,95,0,7.0,28
2022-10-31,SKU0069,79,0,7.0,28
2022-11-07,SKU0069,63,0,7.0,28
2022-11-14,SKU0069,43,0,7.0,28
2022-11-21,SKU0069,29,0,7.0,28
2022-11-28,SKU0069,176,151,7.0,28
2022-12-05,SKU0069,156,0,7.0,28
2022-12-12,SKU0069,135,0,7.0,28
2022-12-19,SKU0069,101,0,7.0,28
2022-12-26,SKU0069,81,0,7.0,28
2023-01-02,SKU0069,56,0,7.0,28
2023-01-09,SKU0069,21,241,7.0,28
2023-01-16,SKU0069,0,192,7.0,28
2023-01-23,SKU0069,0,269,7.0,28
2023-01-30,SKU0069,0,236,7.0,28
2023-02-06,SKU0069,196,162,7.0,28
2023-02-13,SKU0069,171,0,7.0,28
2023-02-20,SKU0069,147,0,7.0,28
2023-02-27,SKU0069,114,0,7.0,28
2023-03-06,SKU0069,100,0,7.0,28
2023-03-13,SKU0069,88,0,7.0,28
2023-03-20,SKU0069,70,0,7.0,28
2023-03-27,SKU0069,46,0,7.0,28
2023-04-03,SKU0069,22,198,7.0,28
2023-04-10,SKU0069,0,197,7.0,28
2023-04-17,SKU0069,0,177,7.0,28
2023-04-24,SKU0069,181,181,7.0,28
2023-05-01,SKU0069,164,0,7.0,28
2023-05-08,SKU0069,141,0,7.0,28
2023-05-15,SKU0069,124,0,7.0,28
2023-05-22,SKU0069,106,0,7.0,28
2023-05-29,SKU0069,83,0,7.0,28
2023-06-05,SKU0069,63,0,7.0,28
2023-06-12,SKU0069,49,0,7.0,28
2023-06-19,SKU0069,35,0,7.0,28
2023-06-26,SKU0069,147,181,7.0,28
2023-07-03,SKU0069,135,0,7.0,28
2023-07-10,SKU0069,116,0,7.0,28
2023-07-17,SKU0069,106,0,7.0,28
2023-07-24,SKU0069,95,0,7.0,28
2023-07-31,SKU0069,78,0,7.0,28
2023-08-07,SKU0069,68,0,7.0,28
2023-08-14,SKU0069,47,0,7.0,28
2023-08-21,SKU0069,36,0,7.0,28
2023-08-28,SKU0069,18,175,7.0,28
2023-09-04,SKU0069,146,169,7.0,28
2023-09-11,SKU0069,120,0,7.0,28
2023-09-18,SKU0069,103,0,7.0,28
2023-09-25,SKU0069,89,0,7.0,28
2023-10-02,SKU0069,61,0,7.0,28
2023-10-09,SKU0069,32,0,7.0,28
2023-10-16,SKU0069,146,234,7.0,28
2023-10-23,SKU0069,122,0,7.0,28
2023-10-30,SKU0069,93,0,7.0,28
2023-11-06,SKU0069,72,0,7.0,28
2023-11-13,SKU0069,56,0,7.0,28
2023-11-20,SKU0069,37,0,7.0,28
2023-11-27,SKU0069,216,193,7.0,28
2023-12-04,SKU0069,182,0,7.0,28
2023-12-11,SKU0069,149,0,7.0,28
2023-12-18,SKU0069,123,0,7.0,28
2023-12-25,SKU0069,98,0,7.0,28
2022-01-03,SKU0070,49,0,7.0,8
2022-01-10,SKU0070,44,0,7.0,8
2022-01-17,SKU0070,34,0,7.0,8
2022-01-24,SKU0070,24,0,7.0,8
2022-01-31,SKU0070,16,0,7.0,8
2022-02-07,SKU0070,10,0,7.0,8
2022-02-14,SKU0070,2,46,7.0,8
2022-02-21,SKU0070,0,74,7.0,8
2022-02-28,SKU0070,0,87,7.0,8
2022-03-07,SKU0070,48,71,7.0,8
2022-03-14,SKU0070,44,0,7.0,8
2022-03-21,SKU0070,40,0,7.0,8
2022-03-28,SKU0070,35,0,7.0,8
2022-04-04,SKU0070,29,0,7.0,8
2022-04-11,SKU0070,25,0,7.0,8
2022-04-18,SKU0070,21,0,7.0,8
2022-04-25,SKU0070,14,0,7.0,8
2022-05-02,SKU0070,44,62,7.0,8
2022-05-09,SKU0070,37,0,7.0,8
2022-05-16,SKU0070,33,0,7.0,8
2022-05-23,SKU0070,27,0,7.0,8
2022-05-30,SKU0070,24,0,7.0,8
2022-06-06,SKU0070,21,0,7.0,8
2022-06-13,SKU0070,17,0,7.0,8
2022-06-20,SKU0070,14,0,7.0,8
2022-06-27,SKU0070,10,0,7.0,8
2022-07-04,SKU0070,72,60,7.0,8
2022-07-11,SKU0070,69,0,7.0,8
2022-07-18,SKU0070,65,0,,8
2022-07-25,SKU0070,61,0,7.0,8
2022-08-01,SKU0070,57,0,7.0,8
2022-08-08,SKU0070,52,0,7.0,8
2022-08-15,SKU0070,48,0,7.0,8
2022-08-22,SKU0070,44,0,7.0,8
2022-08-29,SKU0070,40,0,7.0,8
2022-09-05,SKU0070,32,0,7.0,8
2022-09-12,SKU0070,23,0,7.0,8
2022-09-19,SKU0070,15,0,7.0,8
2022-09-26,SKU0070,11,0,7.0,8
2022-10-03,SKU0070,6,80,7.0,8
2022-10-10,SKU0070,53,78,7.0,8
2022-10-17,SKU0070,47,0,7.0,8
2022-10-24,SKU0070,41,0,7.0,8
2022-10-31,SKU0070,35,0,7.0,8
2022-11-07,SKU0070,26,0,7.0,8
2022-11-14,SKU0070,22,0,7.0,8
2022-11-21,SKU0070,15,0,7.0,8
2022-11-28,SKU0070,6,59,7.0,8
2022-12-05,SKU0070,0,62,7.0,8
2022-12-12,SKU0070,46,82,7.0,8
2022-12-19,SKU0070,36,0,7.0,8
2022-12-26,SKU0070,29,0,7.0,8
2023-01-02,SKU0070,22,0,7.0,8
2023-01-09,SKU0070,16,0,7.0,8
2023-01-16,SKU0070,11,0,7.0,8
2023-01-23,SKU0070,41,54,7.0,8
2023-01-30,SKU0070,35,0,7.0,8
2023-02-06,SKU0070,25,0,7.0,8
2023-02-13,SKU0070,17,0,7.0,8
2023-02-20,SKU0070,52,56,7.0,8
2023-02-27,SKU0070,43,0,7.0,8
2023-03-06,SKU0070,37,0,7.0,8
2023-03-13,SKU0070,32,0,7.0,8
2023-03-20,SKU0070,26,0,7.0,8
2023-03-27,SKU0070,22,0,7.0,8
2023-04-03,SKU0070,17,0,7.0,8
2023-04-10,SKU0070,11,0,7.0,8
2023-04-17,SKU0070,4,71,7.0,8
2023-04-24,SKU0070,0,86,7.0,8
2023-05-01,SKU0070,51,57,7.0,8
2023-05-08,SKU0070,46,0,7.0,8
2023-05-15,SKU0070,40,0,7.0,8
2023-05-22,SKU0070,35,0,7.0,8
2023-05-29,SKU0070,32,0,7.0,8
2023-06-05,SKU0070,27,0,7.0,8
2023-06-12,SKU0070,21,0,7.0,8
2023-06-19,SKU0070,15,0,7.0,8
2023-06-26,SKU0070,10,0,7.0,8
2023-07-03,SKU0070,61,71,7.0,8
2023-07-10,SKU0070,57,0,7.0,8
2023-07-17,SKU0070,53,0,7.0,8
2023-07-24,SKU0070,48,0,7.0,8
2023-07-31,SKU0070,44,0,7.0,8
2023-08-07,SKU0070,38,0,7.0,8
2023-08-14,SKU0070,35,0,7.0,8
2023-08-21,SKU0070,32,0,7.0,8
2023-08-28,SKU0070,29,0,7.0,8
2023-09-04,SKU0070,24,0,7.0,8
2023-09-11,SKU0070,15,0,7.0,8
2023-09-18,SKU0070,6,54,7.0,8
2023-09-25,SKU0070,45,50,7.0,8
2023-10-02,SKU0070,39,0,7.0,8
2023-10-09,SKU0070,33,0,7.0,8
2023-10-16,SKU0070,29,0,7.0,8
2023-10-23,SKU0070,22,0,7.0,8
2023-10-30,SKU0070,15,0,7.0,8
2023-11-06,SKU0070,9,0,7.0,8
2023-11-13,SKU0070,3,55,7.0,8
2023-11-20,SKU0070,0,59,7.0,8
2023-11-27,SKU0070,66,64,7.0,8
2023-12-04,SKU0070,57,0,7.0,8
2023-12-11,SKU0070,47,0,7.0,8
2023-12-18,SKU0070,40,0,7.0,8
2023-12-25,SKU0070,35,0,7.0,8
2022-01-03,SKU0071,133,0,7.0,28
2022-01-10,SKU0071,110,0,,28
2022-01-17,SKU0071,80,0,7.0,28
2022-01-24,SKU0071,45,0,7.0,28
2022-01-31,SKU0071,29,0,7.0,28
2022-02-07,SKU0071,12,152,7.0,28
2022-02-14,SKU0071,221,268,7.0,28
2022-02-21,SKU0071,187,0,7.0,28
2022-02-28,SKU0071,172,0,7.0,28
2022-03-07,SKU0071,149,0,7.0,28
2022-03-14,SKU0071,132,0,7.0,28
2022-03-21,SKU0071,121,0,7.0,28
2022-03-28,SKU0071,101,0,7.0,28
2022-04-04,SKU0071,88,0,7.0,28
2022-04-11,SKU0071,69,0,7.0,28
2022-04-18,SKU0071,46,0,7.0,28
2022-04-25,SKU0071,31,0,7.0,28
2022-05-02,SKU0071,14,246,7.0,28
2022-05-09,SKU0071,180,277,7.0,28
2022-05-16,SKU0071,167,0,7.0,28
2022-05-23,SKU0071,146,0,7.0,28
2022-05-30,SKU0071,128,0,7.0,28
2022-06-06,SKU0071,110,0,7.0,28
2022-06-13,SKU0071,99,0,7.0,28
2022-06-20,SKU0071,86,0,7.0,28
2022-06-27,SKU0071,69,0,7.0,28
2022-07-04,SKU0071,51,0,7.0,28
2022-07-11,SKU0071,33,0,7.0,28
2022-07-18,SKU0071,217,212,7.0,28
2022-07-25,SKU0071,201,0,7.0,28
2022-08-01,SKU0071,191,0,7.0,28
2022-08-08,SKU0071,175,0,7.0,28
2022-08-15,SKU0071,159,0,7.0,28
2022-08-22,SKU0071,145,0,7.0,28
2022-08-29,SKU0071,130,0,7.0,28
2022-09-05,SKU0071,113,0,7.0,28
2022-09-12,SKU0071,96,0,7.0,28
2022-09-19,SKU0071,70,0,7.0,28
2022-09-26,SKU0071,42,0,7.0,28
2022-10-03,SKU0071,20,273,7.0,28
2022-10-10,SKU0071,3,214,,28
2022-10-17,SKU0071,0,176,7.0,28
2022-10-24,SKU0071,0,223,7.0,28
2022-10-31,SKU0071,162,221,7.0,28
2022-11-07,SKU0071,144,0,7.0,28
2022-11-14,SKU0071,126,0,7.0,28
2022-11-21,SKU0071,109,0,7.0,28
2022-11-28,SKU0071,89,0,7.0,28
2022-12-05,SKU0071,68,0,7.0,28
2022-12-12,SKU0071,39,0,7.0,28
2022-12-19,SKU0071,239,282,7.0,28
2022-12-26,SKU0071,213,0,7.0,28
2023-01-02,SKU0071,191,0,7.0,28
2023-01-09,SKU0071,158,0,7.0,28
2023-01-16,SKU0071,135,0,7.0,28
2023-01-23,SKU0071,110,0,7.0,28
2023-01-30,SKU0071,79,0,,28
2023-02-06,SKU0071,56,0,7.0,28
2023-02-13,SKU0071,30,0,7.0,28
2023-02-20,SKU0071,134,298,7.0,28
2023-02-27,SKU0071,106,0,7.0,28
2023-03-06,SKU0071,93,0,7.0,28
2023-03-13,SKU0071,69,0,7.0,28
2023-03-20,SKU0071,58,0,7.0,28
2023-03-27,SKU0071,45,0,7.0,28
2023-04-03,SKU0071,29,0,7.0,28
2023-04-10,SKU0071,14,236,7.0,28
2023-04-17,SKU0071,0,228,7.0,28
2023-04-24,SKU0071,169,153,7.0,28
2023-05-01,SKU0071,146,0,7.0,28
2023-05-08,SKU0071,127,0,7.0,28
2023-05-15,SKU0071,104,0,7.0,28
2023-05-22,SKU0071,83,0,7.0,28
2023-05-29,SKU0071,58,0,7.0,28
2023-06-05,SKU0071,36,0,7.0,28
2023-06-12,SKU0071,26,246,7.0,28
2023-06-19,SKU0071,5,212,7.0,28
2023-06-26,SKU0071,190,160,7.0,28
2023-07-03,SKU0071,171,0,,28
2023-07-10,SKU0071,157,0,7.0,28
2023-07-17,SKU0071,145,0,7.0,28
2023-07-24,SKU0071,135,0,7.0,28
2023-07-31,SKU0071,117,0,7.0,28
2023-08-07,SKU0071,104,0,7.0,28
2023-08-14,SKU0071,88,0,7.0,28
2023-08-21,SKU0071,66,0,7.0,28
2023-08-28,SKU0071,57,0,7.0,28
2023-09-04,SKU0071,33,0,7.0,28
2023-09-11,SKU0071,123,276,7.0,28
2023-09-18,SKU0071,99,0,7.0,28
2023-09-25,SKU0071,74,0,7.0,28
2023-10-02,SKU0071,56,0,7.0,28
2023-10-09,SKU0071,40,0,7.0,28
2023-10-16,SKU0071,193,197,7.0,28
2023-10-23,SKU0071,176,0,,28
2023-10-30,SKU0071,158,0,7.0,28
2023-11-06,SKU0071,143,0,,28
2023-11-13,SKU0071,127,0,7.0,28
2023-11-20,SKU0071,96,0,7.0,28
2023-11-27,SKU0071,67,0,7.0,28
2023-12-04,SKU0071,48,0,7.0,28
2023-12-11,SKU0071,199,211,7.0,28
2023-12-18,SKU0071,174,0,7.0,28
2023-12-25,SKU0071,157,0,7.0,28
2022-01-03,SKU0072,767,886,14.0,231
2022-01-10,SKU0072,652,0,14.0,231
2022-01-17,SKU0072,535,0,14.0,231
2022-01-24,SKU0072,393,0,14.0,231
2022-01-31,SKU0072,265,0,14.0,231
2022-02-07,SKU0072,175,1163,14.0,231
2022-02-14,SKU0072,816,998,14.0,231
2022-02-21,SKU0072,676,0,14.0,231
2022-02-28,SKU0072,529,0,14.0,231
2022-03-07,SKU0072,441,0,,231
2022-03-14,SKU0072,366,0,14.0,231
2022-03-21,SKU0072,285,0,14.0,231
2022-03-28,SKU0072,188,872,14.0,231
2022-04-04,SKU0072,859,718,,231
2022-04-11,SKU0072,774,0,14.0,231
2022-04-18,SKU0072,719,0,14.0,231
2022-04-25,SKU0072,664,0,14.0,231
2022-05-02,SKU0072,589,0,,231
2022-05-09,SKU0072,507,0,14.0,231
2022-05-16,SKU0072,441,0,14.0,231
2022-05-23,SKU0072,390,0,14.0,231
2022-05-30,SKU0072,334,0,14.0,231
2022-06-06,SKU0072,258,0,14.0,231
2022-06-13,SKU0072,935,660,14.0,231
2022-06-20,SKU0072,855,0,14.0,231
2022-06-27,SKU0072,812,0,14.0,231
2022-07-04,SKU0072,765,0,14.0,231
2022-07-11,SKU0072,709,0,14.0,231
2022-07-18,SKU0072,644,0,14.0,231
2022-07-25,SKU0072,596,0,14.0,231
2022-08-01,SKU0072,520,0,14.0,231
2022-08-08,SKU0072,445,0,14.0,231
2022-08-15,SKU0072,382,0,14.0,231
2022-08-22,SKU0072,298,0,14.0,231
2022-08-29,SKU0072,232,0,14.0,231
2022-09-05,SKU0072,739,1044,14.0,231
2022-09-12,SKU0072,607,0,14.0,231
2022-09-19,SKU0072,508,0,14.0,231
2022-09-26,SKU0072,402,0,,231
2022-10-03,SKU0072,327,0,14.0,231
2022-10-10,SKU0072,990,753,14.0,231
2022-10-17,SKU0072,916,0,14.0,231
2022-10-24,SKU0072,807,0,14.0,231
2022-10-31,SKU0072,724,0,14.0,231
2022-11-07,SKU0072,656,0,14.0,231
2022-11-14,SKU0072,543,0,14.0,231
2022-11-21,SKU0072,458,0,14.0,231
2022-11-28,SKU0072,359,0,14.0,231
2022-12-05,SKU0072,212,1076,14.0,231
2022-12-12,SKU0072,72,928,14.0,231
2022-12-19,SKU0072,0,906,14.0,231
2022-12-26,SKU0072,0,1110,14.0,231
2023-01-02,SKU0072,0,1063,14.0,231
2023-01-09,SKU0072,787,1212,14.0,231
2023-01-16,SKU0072,696,0,14.0,231
2023-01-23,SKU0072,595,0,14.0,231
2023-01-30,SKU0072,498,0,14.0,231
2023-02-06,SKU0072,427,0,14.0,231
2023-02-13,SKU0072,290,0,14.0,231
2023-02-20,SKU0072,223,759,14.0,231
2023-02-27,SKU0072,100,865,14.0,231
2023-03-06,SKU0072,815,1120,14.0,231
2023-03-13,SKU0072,710,0,14.0,231
2023-03-20,SKU0072,650,0,14.0,231
2023-03-27,SKU0072,580,0,14.0,231
2023-04-03,SKU0072,505,0,14.0,231
2023-04-10,SKU0072,441,0,14.0,231
2023-04-17,SKU0072,335,0,14.0,231
2023-04-24,SKU0072,270,0,14.0,231
2023-05-01,SKU0072,224,1062,14.0,231
2023-05-08,SKU0072,1027,704,14.0,231
2023-05-15,SKU0072,958,0,14.0,231
2023-05-22,SKU0072,900,0,14.0,231
2023-05-29,SKU0072,815,0,14.0,231
2023-06-05,SKU0072,755,0,14.0,231
2023-06-12,SKU0072,688,0,14.0,231
2023-06-19,SKU0072,621,0,14.0,231
2023-06-26,SKU0072,563,0,14.0,231
2023-07-03,SKU0072,494,0,14.0,231
2023-07-10,SKU0072,422,0,14.0,231
2023-07-17,SKU0072,360,0,14.0,231
2023-07-24,SKU0072,288,0,14.0,231
2023-07-31,SKU0072,854,754,14.0,231
2023-08-07,SKU0072,806,0,14.0,231
2023-08-14,SKU0072,747,0,14.0,231
2023-08-21,SKU0072,686,0,14.0,231
2023-08-28,SKU0072,619,0,14.0,231
2023-09-04,SKU0072,520,0,14.0,231
2023-09-11,SKU0072,416,0,14.0,231
2023-09-18,SKU0072,313,0,14.0,231
2023-09-25,SKU0072,685,669,14.0,231
2023-10-02,SKU0072,626,0,14.0,231
2023-10-09,SKU0072,515,0,14.0,231
2023-10-16,SKU0072,390,0,14.0,231
2023-10-23,SKU0072,266,0,14.0,231
2023-10-30,SKU0072,163,1109,14.0,231
2023-11-06,SKU0072,44,1129,14.0,231
2023-11-13,SKU0072,830,673,14.0,231
2023-11-20,SKU0072,704,0,14.0,231
2023-11-27,SKU0072,588,0,14.0,231
2023-12-04,SKU0072,522,0,14.0,231
2023-12-11,SKU0072,410,0,14.0,231
2023-12-18,SKU0072,268,0,14.0,231
2023-12-25,SKU0072,689,1088,14.0,231
2022-01-03,SKU0073,147,0,7.0,17
2022-01-10,SKU0073,136,0,7.0,17
2022-01-17,SKU0073,126,0,7.0,17
2022-01-24,SKU0073,110,0,7.0,17
2022-01-31,SKU0073,93,0,7.0,17
2022-02-07,SKU0073,75,0,7.0,17
2022-02-14,SKU0073,66,0,7.0,17
2022-02-21,SKU0073,57,0,7.0,17
2022-02-28,SKU0073,37,0,7.0,17
2022-03-07,SKU0073,29,0,7.0,17
2022-03-14,SKU0073,14,142,7.0,17
2022-03-21,SKU0073,3,115,7.0,17
2022-03-28,SKU0073,112,105,7.0,17
2022-04-04,SKU0073,99,0,7.0,17
2022-04-11,SKU0073,88,0,7.0,17
2022-04-18,SKU0073,73,0,,17
2022-04-25,SKU0073,63,0,7.0,17
2022-05-02,SKU0073,48,0,7.0,17
2022-05-09,SKU0073,36,0,7.0,17
2022-05-16,SKU0073,27,0,7.0,17
2022-05-23,SKU0073,11,158,7.0,17
2022-05-30,SKU0073,4,155,7.0,17
2022-06-06,SKU0073,100,120,7.0,17
2022-06-13,SKU0073,89,0,7.0,17
2022-06-20,SKU0073,77,0,7.0,17
2022-06-27,SKU0073,71,0,7.0,17
2022-07-04,SKU0073,60,0,7.0,17
2022-07-11,SKU0073,51,0,7.0,17
2022-07-18,SKU0073,45,0,7.0,17
2022-07-25,SKU0073,32,0,7.0,17
2022-08-01,SKU0073,25,0,7.0,17
2022-08-08,SKU0073,16,144,7.0,17
2022-08-15,SKU0073,3,131,7.0,17
2022-08-22,SKU0073,118,145,7.0,17
2022-08-29,SKU0073,109,0,7.0,17
2022-09-05,SKU0073,96,0,7.0,17
2022-09-12,SKU0073,76,0,7.0,17
2022-09-19,SKU0073,64,0,7.0,17
2022-09-26,SKU0073,55,0,7.0,17
2022-10-03,SKU0073,45,0,7.0,17
2022-10-10,SKU0073,31,0,7.0,17
2022-10-17,SKU0073,23,0,7.0,17
2022-10-24,SKU0073,12,137,7.0,17
2022-10-31,SKU0073,0,151,7.0,17
2022-11-07,SKU0073,0,136,7.0,17
2022-11-14,SKU0073,0,137,7.0,17
2022-11-21,SKU0073,0,100,7.0,17
2022-11-28,SKU0073,0,128,7.0,17
2022-12-05,SKU0073,114,97,7.0,17
2022-12-12,SKU0073,97,0,7.0,17
2022-12-19,SKU0073,76,0,7.0,17
2022-12-26,SKU0073,62,0,7.0,17
2023-01-02,SKU0073,50,0,7.0,17
2023-01-09,SKU0073,40,0,7.0,17
2023-01-16,SKU0073,29,0,7.0,17
2023-01-23,SKU0073,12,171,7.0,17
2023-01-30,SKU0073,128,173,7.0,17
2023-02-06,SKU0073,108,0,7.0,17
2023-02-13,SKU0073,90,0,7.0,17
2023-02-20,SKU0073,81,0,7.0,17
2023-02-27,SKU0073,60,0,7.0,17
2023-03-06,SKU0073,53,0,7.0,17
2023-03-13,SKU0073,37,0,7.0,17
2023-03-20,SKU0073,26,0,7.0,17
2023-03-27,SKU0073,16,170,7.0,17
2023-04-03,SKU0073,9,130,7.0,17
2023-04-10,SKU0073,0,129,7.0,17
2023-04-17,SKU0073,0,142,7.0,17
2023-04-24,SKU0073,0,131,7.0,17
2023-05-01,SKU0073,131,114,7.0,17
2023-05-08,SKU0073,118,0,7.0,17
2023-05-15,SKU0073,107,0,7.0,17
2023-05-22,SKU0073,92,0,7.0,17
2023-05-29,SKU0073,85,0,7.0,17
2023-06-05,SKU0073,79,0,7.0,17
2023-06-12,SKU0073,66,0,7.0,17
2023-06-19,SKU0073,53,0,7.0,17
2023-06-26,SKU0073,47,0,7.0,17
2023-07-03,SKU0073,41,0,7.0,17
2023-07-10,SKU0073,35,0,7.0,17
2023-07-17,SKU0073,24,0,7.0,17
2023-07-24,SKU0073,15,160,7.0,17
2023-07-31,SKU0073,137,102,7.0,17
2023-08-07,SKU0073,129,0,7.0,17
2023-08-14,SKU0073,119,0,7.0,17
2023-08-21,SKU0073,111,0,7.0,17
2023-08-28,SKU0073,103,0,7.0,17
2023-09-04,SKU0073,85,0,7.0,17
2023-09-11,SKU0073,71,0,7.0,17
2023-09-18,SKU0073,54,0,7.0,17
2023-09-25,SKU0073,38,0,7.0,17
2023-10-02,SKU0073,21,0,7.0,17
2023-10-09,SKU0073,9,151,7.0,17
2023-10-16,SKU0073,99,145,7.0,17
2023-10-23,SKU0073,87,0,7.0,17
2023-10-30,SKU0073,67,0,,17
2023-11-06,SKU0073,58,0,7.0,17
2023-11-13,SKU0073,44,0,7.0,17
2023-11-20,SKU0073,34,0,7.0,17
2023-11-27,SKU0073,18,0,7.0,17
2023-12-04,SKU0073,0,179,7.0,17
2023-12-11,SKU0073,0,113,7.0,17
2023-12-18,SKU0073,82,106,7.0,17
2023-12-25,SKU0073,71,0,7.0,17
2022-01-03,SKU0074,900,0,30.0,512
2022-01-10,SKU0074,789,0,30.0,512
2022-01-17,SKU0074,668,0,30.0,512
2022-01-24,SKU0074,524,0,30.0,512
2022-01-31,SKU0074,1060,1184,30.0,512
2022-02-07,SKU0074,992,0,30.0,512
2022-02-14,SKU0074,867,0,,512
2022-02-21,SKU0074,774,0,30.0,512
2022-02-28,SKU0074,694,0,30.0,512
2022-03-07,SKU0074,627,0,30.0,512
2022-03-14,SKU0074,538,0,30.0,512
2022-03-21,SKU0074,441,1096,30.0,512
2022-03-28,SKU0074,367,850,30.0,512
2022-04-04,SKU0074,897,1271,30.0,512
2022-04-11,SKU0074,805,0,30.0,512
2022-04-18,SKU0074,724,0,30.0,512
2022-04-25,SKU0074,626,0,30.0,512
2022-05-02,SKU0074,570,0,30.0,512
2022-05-09,SKU0074,967,1041,30.0,512
2022-05-16,SKU0074,889,0,30.0,512
2022-05-23,SKU0074,779,0,30.0,512
2022-05-30,SKU0074,695,0,30.0,512
2022-06-06,SKU0074,647,0,30.0,512
2022-06-13,SKU0074,583,0,30.0,512
2022-06-20,SKU0074,523,0,30.0,512
2022-06-27,SKU0074,454,1114,30.0,512
2022-07-04,SKU0074,372,1119,30.0,512
2022-07-11,SKU0074,279,682,30.0,512
2022-07-18,SKU0074,213,960,30.0,512
2022-07-25,SKU0074,139,829,30.0,512
2022-08-01,SKU0074,763,975,30.0,512
2022-08-08,SKU0074,696,0,30.0,512
2022-08-15,SKU0074,644,0,30.0,512
2022-08-22,SKU0074,560,0,30.0,512
2022-08-29,SKU0074,1079,904,30.0,512
2022-09-05,SKU0074,983,0,30.0,512
2022-09-12,SKU0074,908,0,30.0,512
2022-09-19,SKU0074,843,0,30.0,512
2022-09-26,SKU0074,781,0,30.0,512
2022-10-03,SKU0074,714,0,30.0,512
2022-10-10,SKU0074,577,0,30.0,512
2022-10-17,SKU0074,1186,941,30.0,512
2022-10-24,SKU0074,1054,0,30.0,512
2022-10-31,SKU0074,973,0,30.0,512
2022-11-07,SKU0074,858,0,30.0,512
2022-11-14,SKU0074,734,0,30.0,512
2022-11-21,SKU0074,618,0,30.0,512
2022-11-28,SKU0074,527,0,30.0,512
2022-12-05,SKU0074,957,1197,30.0,512
2022-12-12,SKU0074,823,0,30.0,512
2022-12-19,SKU0074,735,0,30.0,512
2022-12-26,SKU0074,658,0,30.0,512
2023-01-02,SKU0074,590,0,30.0,512
2023-01-09,SKU0074,445,765,30.0,512
2023-01-16,SKU0074,341,1218,30.0,512
2023-01-23,SKU0074,1029,993,30.0,512
2023-01-30,SKU0074,892,0,30.0,512
2023-02-06,SKU0074,821,0,30.0,512
2023-02-13,SKU0074,751,0,30.0,512
2023-02-20,SKU0074,616,0,30.0,512
2023-02-27,SKU0074,977,913,30.0,512
2023-03-06,SKU0074,915,0,30.0,512
2023-03-13,SKU0074,828,0,30.0,512
2023-03-20,SKU0074,774,0,30.0,512
2023-03-27,SKU0074,695,0,30.0,512
2023-04-03,SKU0074,589,0,30.0,512
2023-04-10,SKU0074,507,657,,512
2023-04-17,SKU0074,991,1258,30.0,512
2023-04-24,SKU0074,889,0,30.0,512
2023-05-01,SKU0074,830,0,30.0,512
2023-05-08,SKU0074,750,0,30.0,512
2023-05-15,SKU0074,682,0,30.0,512
2023-05-22,SKU0074,619,0,30.0,512
2023-05-29,SKU0074,536,0,30.0,512
2023-06-05,SKU0074,487,789,30.0,512
2023-06-12,SKU0074,431,1142,30.0,512
2023-06-19,SKU0074,1048,907,30.0,512
2023-06-26,SKU0074,976,0,30.0,512
2023-07-03,SKU0074,908,0,30.0,512
2023-07-10,SKU0074,859,0,30.0,512
2023-07-17,SKU0074,793,0,30.0,512
2023-07-24,SKU0074,739,0,30.0,512
2023-07-31,SKU0074,699,0,30.0,512
2023-08-07,SKU0074,648,0,30.0,512
2023-08-14,SKU0074,559,0,30.0,512
2023-08-21,SKU0074,517,0,30.0,512
2023-08-28,SKU0074,474,1147,,512
2023-09-04,SKU0074,348,784,30.0,512
2023-09-11,SKU0074,926,984,30.0,512
2023-09-18,SKU0074,834,0,30.0,512
2023-09-25,SKU0074,749,0,30.0,512
2023-10-02,SKU0074,621,0,30.0,512
2023-10-09,SKU0074,502,810,30.0,512
2023-10-16,SKU0074,1142,966,30.0,512
2023-10-23,SKU0074,1011,0,30.0,512
2023-10-30,SKU0074,876,0,30.0,512
2023-11-06,SKU0074,744,0,30.0,512
2023-11-13,SKU0074,672,0,30.0,512
2023-11-20,SKU0074,609,0,30.0,512
2023-11-27,SKU0074,518,0,,512
2023-12-04,SKU0074,906,841,30.0,512
2023-12-11,SKU0074,773,0,30.0,512
2023-12-18,SKU0074,650,0,30.0,512
2023-12-25,SKU0074,582,0,30.0,512
2022-01-03,SKU0075,6,0,7.0,1
2022-01-10,SKU0075,6,0,7.0,1
2022-01-17,SKU0075,5,0,7.0,1
2022-01-24,SKU0075,5,0,7.0,1
2022-01-31,SKU0075,5,0,7.0,1
2022-02-07,SKU0075,5,0,7.0,1
2022-02-14,SKU0075,5,0,,1
2022-02-21,SKU0075,5,0,7.0,1
2022-02-28,SKU0075,4,0,7.0,1
2022-03-07,SKU0075,4,0,7.0,1
2022-03-14,SKU0075,4,0,7.0,1
2022-03-21,SKU0075,4,0,7.0,1
2022-03-28,SKU0075,4,0,7.0,1
2022-04-04,SKU0075,4,0,7.0,1
2022-04-11,SKU0075,4,0,7.0,1
2022-04-18,SKU0075,4,0,7.0,1
2022-04-25,SKU0075,4,0,7.0,1
2022-05-02,SKU0075,4,0,7.0,1
2022-05-09,SKU0075,4,0,7.0,1
2022-05-16,SKU0075,4,0,7.0,1
2022-05-23,SKU0075,4,0,7.0,1
2022-05-30,SKU0075,4,0,7.0,1
2022-06-06,SKU0075,4,0,7.0,1
2022-06-13,SKU0075,4,0,7.0,1
2022-06-20,SKU0075,4,0,7.0,1
2022-06-27,SKU0075,4,0,7.0,1
2022-07-04,SKU0075,4,0,7.0,1
2022-07-11,SKU0075,4,0,7.0,1
2022-07-18,SKU0075,4,0,7.0,1
2022-07-25,SKU0075,4,0,7.0,1
2022-08-01,SKU0075,4,0,7.0,1
2022-08-08,SKU0075,4,0,7.0,1
2022-08-15,SKU0075,4,0,7.0,1
2022-08-22,SKU0075,4,0,7.0,1
2022-08-29,SKU0075,4,0,7.0,1
2022-09-05,SKU0075,4,0,7.0,1
2022-09-12,SKU0075,4,0,7.0,1
2022-09-19,SKU0075,4,0,7.0,1
2022-09-26,SKU0075,4,0,7.0,1
2022-10-03,SKU0075,4,0,7.0,1
2022-10-10,SKU0075,4,0,7.0,1
2022-10-17,SKU0075,4,0,7.0,1
2022-10-24,SKU0075,4,0,7.0,1
2022-10-31,SKU0075,4,0,7.0,1
2022-11-07,SKU0075,4,0,7.0,1
2022-11-14,SKU0075,4,0,7.0,1
2022-11-21,SKU0075,4,0,7.0,1
2022-11-28,SKU0075,4,0,7.0,1
2022-12-05,SKU0075,4,0,7.0,1
2022-12-12,SKU0075,3,0,7.0,1
2022-12-19,SKU0075,3,0,7.0,1
2022-12-26,SKU0075,3,0,,1
2023-01-02,SKU0075,3,0,7.0,1
2023-01-09,SKU0075,2,0,7.0,1
2023-01-16,SKU0075,2,0,,1
2023-01-23,SKU0075,2,0,7.0,1
2023-01-30,SKU0075,2,0,7.0,1
2023-02-06,SKU0075,2,0,7.0,1
2023-02-13,SKU0075,2,0,7.0,1
2023-02-20,SKU0075,2,0,7.0,1
2023-02-27,SKU0075,2,0,7.0,1
2023-03-06,SKU0075,2,0,7.0,1
2023-03-13,SKU0075,2,0,7.0,1
2023-03-20,SKU0075,2,0,7.0,1
2023-03-27,SKU0075,2,0,7.0,1
2023-04-03,SKU0075,2,0,7.0,1
2023-04-10,SKU0075,2,0,7.0,1
2023-04-17,SKU0075,2,0,7.0,1
2023-04-24,SKU0075,2,0,7.0,1
2023-05-01,SKU0075,2,0,7.0,1
2023-05-08,SKU0075,2,0,7.0,1
2023-05-15,SKU0075,2,0,7.0,1
2023-05-22,SKU0075,2,0,7.0,1
2023-05-29,SKU0075,2,0,7.0,1
2023-06-05,SKU0075,2,0,7.0,1
2023-06-12,SKU0075,2,0,7.0,1
2023-06-19,SKU0075,2,0,7.0,1
2023-06-26,SKU0075,2,0,7.0,1
2023-07-03,SKU0075,2,0,7.0,1
2023-07-10,SKU0075,2,0,7.0,1
2023-07-17,SKU0075,2,0,7.0,1
2023-07-24,SKU0075,2,0,7.0,1
2023-07-31,SKU0075,2,0,7.0,1
2023-08-07,SKU0075,2,0,7.0,1
2023-08-14,SKU0075,2,0,7.0,1
2023-08-21,SKU0075,2,0,7.0,1
2023-08-28,SKU0075,2,0,7.0,1
2023-09-04,SKU0075,2,0,7.0,1
2023-09-11,SKU0075,2,0,7.0,1
2023-09-18,SKU0075,2,0,7.0,1
2023-09-25,SKU0075,2,0,7.0,1
2023-10-02,SKU0075,2,0,7.0,1
2023-10-09,SKU0075,2,0,7.0,1
2023-10-16,SKU0075,2,0,7.0,1
2023-10-23,SKU0075,2,0,7.0,1
2023-10-30,SKU0075,2,0,7.0,1
2023-11-06,SKU0075,2,0,7.0,1
2023-11-13,SKU0075,2,0,7.0,1
2023-11-20,SKU0075,2,0,7.0,1
2023-11-27,SKU0075,2,0,7.0,1
2023-12-04,SKU0075,2,0,7.0,1
2023-12-11,SKU0075,2,0,7.0,1
2023-12-18,SKU0075,2,0,7.0,1
2023-12-25,SKU0075,2,0,,1
2022-01-03,SKU0076,244,0,14.0,97
2022-01-10,SKU0076,194,0,14.0,97
2022-01-17,SKU0076,164,0,14.0,97
2022-01-24,SKU0076,136,0,14.0,97
2022-01-31,SKU0076,102,0,14.0,97
2022-02-07,SKU0076,393,430,14.0,97
2022-02-14,SKU0076,353,0,14.0,97
2022-02-21,SKU0076,295,0,14.0,97
2022-02-28,SKU0076,251,0,14.0,97
2022-03-07,SKU0076,206,0,14.0,97
2022-03-14,SKU0076,163,0,14.0,97
2022-03-21,SKU0076,129,0,14.0,97
2022-03-28,SKU0076,465,478,14.0,97
2022-04-04,SKU0076,425,0,,97
2022-04-11,SKU0076,387,0,14.0,97
2022-04-18,SKU0076,356,0,14.0,97
2022-04-25,SKU0076,330,0,14.0,97
2022-05-02,SKU0076,289,0,14.0,97
2022-05-09,SKU0076,244,0,14.0,97
2022-05-16,SKU0076,201,0,14.0,97
2022-05-23,SKU0076,180,0,14.0,97
2022-05-30,SKU0076,155,0,14.0,97
2022-06-06,SKU0076,119,0,14.0,97
2022-06-13,SKU0076,386,428,14.0,97
2022-06-20,SKU0076,366,0,14.0,97
2022-06-27,SKU0076,328,0,14.0,97
2022-07-04,SKU0076,306,0,14.0,97
2022-07-11,SKU0076,269,0,14.0,97
2022-07-18,SKU0076,250,0,14.0,97
2022-07-25,SKU0076,233,0,14.0,97
2022-08-01,SKU0076,201,0,14.0,97
2022-08-08,SKU0076,167,0,14.0,97
2022-08-15,SKU0076,132,0,14.0,97
2022-08-22,SKU0076,109,0,14.0,97
2022-08-29,SKU0076,84,464,14.0,97
2022-09-05,SKU0076,43,403,14.0,97
2022-09-12,SKU0076,0,477,14.0,97
2022-09-19,SKU0076,0,327,14.0,97
2022-09-26,SKU0076,0,421,14.0,97
2022-10-03,SKU0076,219,414,14.0,97
2022-10-10,SKU0076,182,0,14.0,97
2022-10-17,SKU0076,128,0,14.0,97
2022-10-24,SKU0076,98,0,14.0,97
2022-10-31,SKU0076,309,330,14.0,97
2022-11-07,SKU0076,275,0,14.0,97
2022-11-14,SKU0076,243,0,14.0,97
2022-11-21,SKU0076,189,0,14.0,97
2022-11-28,SKU0076,139,0,14.0,97
2022-12-05,SKU0076,368,392,14.0,97
2022-12-12,SKU0076,309,0,14.0,97
2022-12-19,SKU0076,258,0,14.0,97
2022-12-26,SKU0076,227,0,14.0,97
2023-01-02,SKU0076,195,0,14.0,97
2023-01-09,SKU0076,160,0,14.0,97
2023-01-16,SKU0076,123,0,14.0,97
2023-01-23,SKU0076,76,416,14.0,97
2023-01-30,SKU0076,274,384,14.0,97
2023-02-06,SKU0076,229,0,14.0,97
2023-02-13,SKU0076,168,0,14.0,97
2023-02-20,SKU0076,117,0,14.0,97
2023-02-27,SKU0076,81,470,14.0,97
2023-03-06,SKU0076,291,263,14.0,97
2023-03-13,SKU0076,250,0,14.0,97
2023-03-20,SKU0076,213,0,14.0,97
2023-03-27,SKU0076,185,0,14.0,97
2023-04-03,SKU0076,152,0,14.0,97
2023-04-10,SKU0076,108,0,14.0,97
2023-04-17,SKU0076,75,426,14.0,97
2023-04-24,SKU0076,39,330,14.0,97
2023-05-01,SKU0076,13,398,14.0,97
2023-05-08,SKU0076,380,296,14.0,97
2023-05-15,SKU0076,359,0,14.0,97
2023-05-22,SKU0076,332,0,14.0,97
2023-05-29,SKU0076,309,0,14.0,97
2023-06-05,SKU0076,273,0,14.0,97
2023-06-12,SKU0076,247,0,14.0,97
2023-06-19,SKU0076,213,0,14.0,97
2023-06-26,SKU0076,189,0,14.0,97
2023-07-03,SKU0076,173,0,14.0,97
2023-07-10,SKU0076,144,0,14.0,97
2023-07-17,SKU0076,111,0,14.0,97
2023-07-24,SKU0076,95,412,14.0,97
2023-07-31,SKU0076,73,393,14.0,97
2023-08-07,SKU0076,334,386,14.0,97
2023-08-14,SKU0076,312,0,14.0,97
2023-08-21,SKU0076,289,0,14.0,97
2023-08-28,SKU0076,265,0,14.0,97
2023-09-04,SKU0076,238,0,14.0,97
2023-09-11,SKU0076,185,0,14.0,97
2023-09-18,SKU0076,151,0,14.0,97
2023-09-25,SKU0076,119,0,14.0,97
2023-10-02,SKU0076,84,351,14.0,97
2023-10-09,SKU0076,29,439,14.0,97
2023-10-16,SKU0076,0,416,14.0,97
2023-10-23,SKU0076,0,331,14.0,97
2023-10-30,SKU0076,0,281,14.0,97
2023-11-06,SKU0076,263,349,14.0,97
2023-11-13,SKU0076,222,0,14.0,97
2023-11-20,SKU0076,187,0,14.0,97
2023-11-27,SKU0076,145,0,14.0,97
2023-12-04,SKU0076,95,364,14.0,97
2023-12-11,SKU0076,49,360,14.0,97
2023-12-18,SKU0076,0,313,14.0,97
2023-12-25,SKU0076,323,348,14.0,97
2022-01-03,SKU0077,126,0,21.0,60
2022-01-10,SKU0077,102,0,21.0,60
2022-01-17,SKU0077,84,0,21.0,60
2022-01-24,SKU0077,65,0,21.0,60
2022-01-31,SKU0077,46,171,21.0,60
2022-02-07,SKU0077,22,207,21.0,60
2022-02-14,SKU0077,100,199,21.0,60
2022-02-21,SKU0077,76,0,21.0,60
2022-02-28,SKU0077,59,177,21.0,60
2022-03-07,SKU0077,165,205,21.0,60
2022-03-14,SKU0077,147,0,21.0,60
2022-03-21,SKU0077,136,0,21.0,60
2022-03-28,SKU0077,120,0,21.0,60
2022-04-04,SKU0077,108,0,21.0,60
2022-04-11,SKU0077,96,0,21.0,60
2022-04-18,SKU0077,86,0,21.0,60
2022-04-25,SKU0077,78,0,21.0,60
2022-05-02,SKU0077,62,0,21.0,60
2022-05-09,SKU0077,46,129,21.0,60
2022-05-16,SKU0077,152,115,21.0,60
2022-05-23,SKU0077,137,0,21.0,60
2022-05-30,SKU0077,123,0,21.0,60
2022-06-06,SKU0077,114,0,21.0,60
2022-06-13,SKU0077,107,0,21.0,60
2022-06-20,SKU0077,96,0,21.0,60
2022-06-27,SKU0077,81,0,21.0,60
2022-07-04,SKU0077,67,0,21.0,60
2022-07-11,SKU0077,61,0,21.0,60
2022-07-18,SKU0077,173,157,21.0,60
2022-07-25,SKU0077,158,0,21.0,60
2022-08-01,SKU0077,150,0,21.0,60
2022-08-08,SKU0077,135,0,21.0,60
2022-08-15,SKU0077,120,0,21.0,60
2022-08-22,SKU0077,112,0,21.0,60
2022-08-29,SKU0077,98,0,21.0,60
2022-09-05,SKU0077,81,0,21.0,60
2022-09-12,SKU0077,71,0,21.0,60
2022-09-19,SKU0077,147,110,21.0,60
2022-09-26,SKU0077,134,0,21.0,60
2022-10-03,SKU0077,118,0,21.0,60
2022-10-10,SKU0077,95,0,21.0,60
2022-10-17,SKU0077,75,0,21.0,60
2022-10-24,SKU0077,58,186,21.0,60
2022-10-31,SKU0077,165,145,21.0,60
2022-11-07,SKU0077,154,0,21.0,60
2022-11-14,SKU0077,140,0,21.0,60
2022-11-21,SKU0077,127,0,21.0,60
2022-11-28,SKU0077,108,0,,60
2022-12-05,SKU0077,84,0,21.0,60
2022-12-12,SKU0077,66,0,21.0,60
2022-12-19,SKU0077,42,148,21.0,60
2022-12-26,SKU0077,174,136,21.0,60
2023-01-02,SKU0077,158,0,21.0,60
2023-01-09,SKU0077,138,0,21.0,60
2023-01-16,SKU0077,121,0,21.0,60
2023-01-23,SKU0077,97,0,21.0,60
2023-01-30,SKU0077,84,0,21.0,60
2023-02-06,SKU0077,67,0,21.0,60
2023-02-13,SKU0077,174,156,21.0,60
2023-02-20,SKU0077,150,0,21.0,60
2023-02-27,SKU0077,129,0,,60
2023-03-06,SKU0077,113,0,21.0,60
2023-03-13,SKU0077,102,0,21.0,60
2023-03-20,SKU0077,86,0,21.0,60
2023-03-27,SKU0077,72,0,21.0,60
2023-04-03,SKU0077,186,160,21.0,60
2023-04-10,SKU0077,176,0,21.0,60
2023-04-17,SKU0077,166,0,21.0,60
2023-04-24,SKU0077,154,0,21.0,60
2023-05-01,SKU0077,137,0,21.0,60
2023-05-08,SKU0077,125,0,21.0,60
2023-05-15,SKU0077,112,0,21.0,60
2023-05-22,SKU0077,96,0,21.0,60
2023-05-29,SKU0077,83,0,21.0,60
2023-06-05,SKU0077,68,0,21.0,60
2023-06-12,SKU0077,61,0,21.0,60
2023-06-19,SKU0077,54,130,21.0,60
2023-06-26,SKU0077,44,120,21.0,60
2023-07-03,SKU0077,36,207,21.0,60
2023-07-10,SKU0077,23,187,21.0,60
2023-07-17,SKU0077,9,154,21.0,60
2023-07-24,SKU0077,0,182,21.0,60
2023-07-31,SKU0077,0,127,21.0,60
2023-08-07,SKU0077,140,150,21.0,60
2023-08-14,SKU0077,131,0,21.0,60
2023-08-21,SKU0077,121,0,21.0,60
2023-08-28,SKU0077,111,0,21.0,60
2023-09-04,SKU0077,93,0,21.0,60
2023-09-11,SKU0077,75,0,21.0,60
2023-09-18,SKU0077,158,142,21.0,60
2023-09-25,SKU0077,136,0,21.0,60
2023-10-02,SKU0077,124,0,21.0,60
2023-10-09,SKU0077,110,0,21.0,60
2023-10-16,SKU0077,90,0,21.0,60
2023-10-23,SKU0077,72,0,21.0,60
2023-10-30,SKU0077,62,0,21.0,60
2023-11-06,SKU0077,157,178,21.0,60
2023-11-13,SKU0077,144,0,21.0,60
2023-11-20,SKU0077,125,0,21.0,60
2023-11-27,SKU0077,113,0,21.0,60
2023-12-04,SKU0077,100,0,21.0,60
2023-12-11,SKU0077,87,0,21.0,60
2023-12-18,SKU0077,70,0,21.0,60
2023-12-25,SKU0077,204,209,21.0,60
2022-01-03,SKU0078,72,0,10.0,18
2022-01-10,SKU0078,60,0,10.0,18
2022-01-17,SKU0078,51,0,10.0,18
2022-01-24,SKU0078,42,0,10.0,18
2022-01-31,SKU0078,30,0,10.0,18
2022-02-07,SKU0078,23,0,10.0,18
2022-02-14,SKU0078,70,105,10.0,18
2022-02-21,SKU0078,61,0,10.0,18
2022-02-28,SKU0078,45,0,10.0,18
2022-03-07,SKU0078,39,0,10.0,18
2022-03-14,SKU0078,29,0,10.0,18
2022-03-21,SKU0078,24,0,10.0,18
2022-03-28,SKU0078,117,113,10.0,18
2022-04-04,SKU0078,109,0,10.0,18
2022-04-11,SKU0078,98,0,10.0,18
2022-04-18,SKU0078,89,0,10.0,18
2022-04-25,SKU0078,82,0,10.0,18
2022-05-02,SKU0078,77,0,10.0,18
2022-05-09,SKU0078,71,0,10.0,18
2022-05-16,SKU0078,64,0,10.0,18
2022-05-23,SKU0078,55,0,10.0,18
2022-05-30,SKU0078,50,0,10.0,18
2022-06-06,SKU0078,46,0,10.0,18
2022-06-13,SKU0078,38,0,10.0,18
2022-06-20,SKU0078,30,0,10.0,18
2022-06-27,SKU0078,26,0,10.0,18
2022-07-04,SKU0078,20,0,10.0,18
2022-07-11,SKU0078,11,116,10.0,18
2022-07-18,SKU0078,5,120,10.0,18
2022-07-25,SKU0078,0,82,10.0,18
2022-08-01,SKU0078,0,73,10.0,18
2022-08-08,SKU0078,69,69,10.0,18
2022-08-15,SKU0078,60,0,10.0,18
2022-08-22,SKU0078,50,0,10.0,18
2022-08-29,SKU0078,45,0,10.0,18
2022-09-05,SKU0078,35,0,10.0,18
2022-09-12,SKU0078,27,0,10.0,18
2022-09-19,SKU0078,20,0,10.0,18
2022-09-26,SKU0078,84,96,10.0,18
2022-10-03,SKU0078,73,0,10.0,18
2022-10-10,SKU0078,62,0,10.0,18
2022-10-17,SKU0078,50,0,10.0,18
2022-10-24,SKU0078,41,0,10.0,18
2022-10-31,SKU0078,33,0,10.0,18
2022-11-07,SKU0078,19,0,,18
2022-11-14,SKU0078,10,80,10.0,18
2022-11-21,SKU0078,3,119,10.0,18
2022-11-28,SKU0078,0,108,10.0,18
2022-12-05,SKU0078,0,129,10.0,18
2022-12-12,SKU0078,90,120,10.0,18
2022-12-19,SKU0078,79,0,10.0,18
2022-12-26,SKU0078,70,0,10.0,18
2023-01-02,SKU0078,59,0,10.0,18
2023-01-09,SKU0078,50,0,10.0,18
2023-01-16,SKU0078,37,0,10.0,18
2023-01-23,SKU0078,26,0,10.0,18
2023-01-30,SKU0078,19,0,10.0,18
2023-02-06,SKU0078,12,133,10.0,18
2023-02-13,SKU0078,4,130,10.0,18
2023-02-20,SKU0078,0,81,10.0,18
2023-02-27,SKU0078,0,109,10.0,18
2023-03-06,SKU0078,59,115,10.0,18
2023-03-13,SKU0078,52,0,10.0,18
2023-03-20,SKU0078,43,0,10.0,18
2023-03-27,SKU0078,34,0,10.0,18
2023-04-03,SKU0078,28,0,10.0,18
2023-04-10,SKU0078,21,0,10.0,18
2023-04-17,SKU0078,11,123,10.0,18
2023-04-24,SKU0078,73,80,10.0,18
2023-05-01,SKU0078,63,0,10.0,18
2023-05-08,SKU0078,52,0,10.0,18
2023-05-15,SKU0078,45,0,10.0,18
2023-05-22,SKU0078,38,0,10.0,18
2023-05-29,SKU0078,33,0,10.0,18
2023-06-05,SKU0078,29,0,10.0,18
2023-06-12,SKU0078,20,0,10.0,18
2023-06-19,SKU0078,11,93,10.0,18
2023-06-26,SKU0078,67,99,10.0,18
2023-07-03,SKU0078,62,0,10.0,18
2023-07-10,SKU0078,54,0,10.0,18
2023-07-17,SKU0078,46,0,10.0,18
2023-07-24,SKU0078,42,0,10.0,18
2023-07-31,SKU0078,33,0,10.0,18
2023-08-07,SKU0078,25,0,10.0,18
2023-08-14,SKU0078,19,0,10.0,18
2023-08-21,SKU0078,13,115,10.0,18
2023-08-28,SKU0078,8,111,10.0,18
2023-09-04,SKU0078,0,113,10.0,18
2023-09-11,SKU0078,99,71,,18
2023-09-18,SKU0078,85,0,10.0,18
2023-09-25,SKU0078,77,0,10.0,18
2023-10-02,SKU0078,69,0,10.0,18
2023-10-09,SKU0078,55,0,10.0,18
2023-10-16,SKU0078,44,0,10.0,18
2023-10-23,SKU0078,36,0,10.0,18
2023-10-30,SKU0078,29,0,10.0,18
2023-11-06,SKU0078,15,72,10.0,18
2023-11-13,SKU0078,70,111,10.0,18
2023-11-20,SKU0078,57,0,10.0,18
2023-11-27,SKU0078,45,0,10.0,18
2023-12-04,SKU0078,34,0,10.0,18
2023-12-11,SKU0078,21,0,10.0,18
2023-12-18,SKU0078,13,86,10.0,18
2023-12-25,SKU0078,83,135,10.0,18
2022-01-03,SKU0079,135,0,10.0,29
2022-01-10,SKU0079,117,0,10.0,29
2022-01-17,SKU0079,96,0,10.0,29
2022-01-24,SKU0079,73,0,10.0,29
2022-01-31,SKU0079,60,0,10.0,29
2022-02-07,SKU0079,39,0,10.0,29
2022-02-14,SKU0079,149,200,10.0,29
2022-02-21,SKU0079,132,0,10.0,29
2022-02-28,SKU0079,120,0,10.0,29
2022-03-07,SKU0079,109,0,10.0,29
2022-03-14,SKU0079,92,0,10.0,29
2022-03-21,SKU0079,82,0,10.0,29
2022-03-28,SKU0079,67,0,10.0,29
2022-04-04,SKU0079,50,0,10.0,29
2022-04-11,SKU0079,37,0,10.0,29
2022-04-18,SKU0079,161,135,10.0,29
2022-04-25,SKU0079,145,0,10.0,29
2022-05-02,SKU0079,129,0,10.0,29
2022-05-09,SKU0079,121,0,10.0,29
2022-05-16,SKU0079,112,0,10.0,29
2022-05-23,SKU0079,96,0,10.0,29
2022-05-30,SKU0079,78,0,10.0,29
2022-06-06,SKU0079,68,0,10.0,29
2022-06-13,SKU0079,53,0,10.0,29
2022-06-20,SKU0079,42,0,10.0,29
2022-06-27,SKU0079,29,208,,29
2022-07-04,SKU0079,143,180,10.0,29
2022-07-11,SKU0079,132,0,10.0,29
2022-07-18,SKU0079,117,0,10.0,29
2022-07-25,SKU0079,105,0,10.0,29
2022-08-01,SKU0079,94,0,10.0,29
2022-08-08,SKU0079,80,0,10.0,29
2022-08-15,SKU0079,69,0,10.0,29
2022-08-22,SKU0079,56,0,10.0,29
2022-08-29,SKU0079,41,0,10.0,29
2022-09-05,SKU0079,18,208,10.0,29
2022-09-12,SKU0079,2,128,10.0,29
2022-09-19,SKU0079,99,192,10.0,29
2022-09-26,SKU0079,89,0,10.0,29
2022-10-03,SKU0079,79,0,10.0,29
2022-10-10,SKU0079,57,0,10.0,29
2022-10-17,SKU0079,44,0,10.0,29
2022-10-24,SKU0079,23,190,10.0,29
2022-10-31,SKU0079,103,192,10.0,29
2022-11-07,SKU0079,89,0,,29
2022-11-14,SKU0079,79,0,10.0,29
2022-11-21,SKU0079,69,0,10.0,29
2022-11-28,SKU0079,59,0,10.0,29
2022-12-05,SKU0079,47,0,10.0,29
2022-12-12,SKU0079,30,0,,29
2022-12-19,SKU0079,141,151,10.0,29
2022-12-26,SKU0079,125,0,10.0,29
2023-01-02,SKU0079,113,0,10.0,29
2023-01-09,SKU0079,102,0,10.0,29
2023-01-16,SKU0079,78,0,10.0,29
2023-01-23,SKU0079,63,0,10.0,29
2023-01-30,SKU0079,46,0,10.0,29
2023-02-06,SKU0079,25,153,10.0,29
2023-02-13,SKU0079,10,205,10.0,29
2023-02-20,SKU0079,129,144,10.0,29
2023-02-27,SKU0079,114,0,10.0,29
2023-03-06,SKU0079,101,0,10.0,29
2023-03-13,SKU0079,90,0,,29
2023-03-20,SKU0079,78,0,10.0,29
2023-03-27,SKU0079,66,0,10.0,29
2023-04-03,SKU0079,50,0,10.0,29
2023-04-10,SKU0079,40,0,10.0,29
2023-04-17,SKU0079,149,151,10.0,29
2023-04-24,SKU0079,139,0,10.0,29
2023-05-01,SKU0079,121,0,10.0,29
2023-05-08,SKU0079,108,0,10.0,29
2023-05-15,SKU0079,98,0,10.0,29
2023-05-22,SKU0079,86,0,10.0,29
2023-05-29,SKU0079,73,0,10.0,29
2023-06-05,SKU0079,65,0,10.0,29
2023-06-12,SKU0079,53,0,10.0,29
2023-06-19,SKU0079,46,0,10.0,29
2023-06-26,SKU0079,38,0,10.0,29
2023-07-03,SKU0079,24,190,10.0,29
2023-07-10,SKU0079,13,204,10.0,29
2023-07-17,SKU0079,0,167,10.0,29
2023-07-24,SKU0079,0,202,10.0,29
2023-07-31,SKU0079,155,170,10.0,29
2023-08-07,SKU0079,143,0,10.0,29
2023-08-14,SKU0079,128,0,10.0,29
2023-08-21,SKU0079,119,0,10.0,29
2023-08-28,SKU0079,106,0,10.0,29
2023-09-04,SKU0079,87,0,10.0,29
2023-09-11,SKU0079,67,0,10.0,29
2023-09-18,SKU0079,56,0,10.0,29
2023-09-25,SKU0079,45,0,10.0,29
2023-10-02,SKU0079,32,0,10.0,29
2023-10-09,SKU0079,139,114,10.0,29
2023-10-16,SKU0079,118,0,10.0,29
2023-10-23,SKU0079,103,0,10.0,29
2023-10-30,SKU0079,87,0,10.0,29
2023-11-06,SKU0079,73,0,10.0,29
2023-11-13,SKU0079,54,0,10.0,29
2023-11-20,SKU0079,41,0,10.0,29
2023-11-27,SKU0079,27,198,10.0,29
2023-12-04,SKU0079,1,157,10.0,29
2023-12-11,SKU0079,0,164,10.0,29
2023-12-18,SKU0079,0,152,10.0,29
2023-12-25,SKU0079,85,173,10.0,29
2022-01-03,SKU0080,12,13,14.0,3
2022-01-10,SKU0080,10,0,14.0,3
2022-01-17,SKU0080,8,0,14.0,3
2022-01-24,SKU0080,7,0,14.0,3
2022-01-31,SKU0080,6,0,14.0,3
2022-02-07,SKU0080,5,0,14.0,3
2022-02-14,SKU0080,4,0,14.0,3
2022-02-21,SKU0080,15,13,14.0,3
2022-02-28,SKU0080,15,0,14.0,3
2022-03-07,SKU0080,14,0,14.0,3
2022-03-14,SKU0080,13,0,14.0,3
2022-03-21,SKU0080,12,0,14.0,3
2022-03-28,SKU0080,11,0,14.0,3
2022-04-04,SKU0080,11,0,14.0,3
2022-04-11,SKU0080,11,0,14.0,3
2022-04-18,SKU0080,11,0,14.0,3
2022-04-25,SKU0080,10,0,14.0,3
2022-05-02,SKU0080,10,0,,3
2022-05-09,SKU0080,9,0,14.0,3
2022-05-16,SKU0080,8,0,14.0,3
2022-05-23,SKU0080,7,0,14.0,3
2022-05-30,SKU0080,7,0,14.0,3
2022-06-06,SKU0080,7,0,14.0,3
2022-06-13,SKU0080,7,0,14.0,3
2022-06-20,SKU0080,7,0,14.0,3
2022-06-27,SKU0080,7,0,14.0,3
2022-07-04,SKU0080,7,0,14.0,3
2022-07-11,SKU0080,6,0,14.0,3
2022-07-18,SKU0080,6,0,14.0,3
2022-07-25,SKU0080,6,0,14.0,3
2022-08-01,SKU0080,5,0,14.0,3
2022-08-08,SKU0080,5,0,14.0,3
2022-08-15,SKU0080,4,0,14.0,3
2022-08-22,SKU0080,13,9,14.0,3
2022-08-29,SKU0080,13,0,14.0,3
2022-09-05,SKU0080,12,0,14.0,3
2022-09-12,SKU0080,11,0,14.0,3
2022-09-19,SKU0080,10,0,14.0,3
2022-09-26,SKU0080,10,0,14.0,3
2022-10-03,SKU0080,9,0,14.0,3
2022-10-10,SKU0080,8,0,14.0,3
2022-10-17,SKU0080,7,0,14.0,3
2022-10-24,SKU0080,7,0,14.0,3
2022-10-31,SKU0080,6,0,14.0,3
2022-11-07,SKU0080,5,0,14.0,3
2022-11-14,SKU0080,5,0,14.0,3
2022-11-21,SKU0080,4,0,14.0,3
2022-11-28,SKU0080,3,13,14.0,3
2022-12-05,SKU0080,2,13,14.0,3
2022-12-12,SKU0080,0,15,14.0,3
2022-12-19,SKU0080,0,10,14.0,3
2022-12-26,SKU0080,8,15,14.0,3
2023-01-02,SKU0080,7,0,14.0,3
2023-01-09,SKU0080,5,0,14.0,3
2023-01-16,SKU0080,15,14,14.0,3
2023-01-23,SKU0080,13,0,14.0,3
2023-01-30,SKU0080,11,0,14.0,3
2023-02-06,SKU0080,10,0,14.0,3
2023-02-13,SKU0080,8,0,14.0,3
2023-02-20,SKU0080,7,0,14.0,3
2023-02-27,SKU0080,6,0,14.0,3
2023-03-06,SKU0080,5,0,14.0,3
2023-03-13,SKU0080,5,0,14.0,3
2023-03-20,SKU0080,4,0,14.0,3
2023-03-27,SKU0080,4,0,14.0,3
2023-04-03,SKU0080,4,0,14.0,3
2023-04-10,SKU0080,15,11,14.0,3
2023-04-17,SKU0080,14,0,14.0,3
2023-04-24,SKU0080,13,0,14.0,3
2023-05-01,SKU0080,13,0,14.0,3
2023-05-08,SKU0080,13,0,14.0,3
2023-05-15,SKU0080,12,0,14.0,3
2023-05-22,SKU0080,11,0,14.0,3
2023-05-29,SKU0080,10,0,14.0,3
2023-06-05,SKU0080,9,0,14.0,3
2023-06-12,SKU0080,8,0,14.0,3
2023-06-19,SKU0080,7,0,14.0,3
2023-06-26,SKU0080,7,0,14.0,3
2023-07-03,SKU0080,7,0,14.0,3
2023-07-10,SKU0080,6,0,14.0,3
2023-07-17,SKU0080,6,0,14.0,3
2023-07-24,SKU0080,6,0,14.0,3
2023-07-31,SKU0080,6,0,14.0,3
2023-08-07,SKU0080,6,0,14.0,3
2023-08-14,SKU0080,5,0,14.0,3
2023-08-21,SKU0080,5,0,14.0,3
2023-08-28,SKU0080,5,0,14.0,3
2023-09-04,SKU0080,4,0,14.0,3
2023-09-11,SKU0080,3,9,14.0,3
2023-09-18,SKU0080,10,11,14.0,3
2023-09-25,SKU0080,9,0,14.0,3
2023-10-02,SKU0080,8,0,14.0,3
2023-10-09,SKU0080,8,0,14.0,3
2023-10-16,SKU0080,7,0,14.0,3
2023-10-23,SKU0080,6,0,14.0,3
2023-10-30,SKU0080,5,0,14.0,3
2023-11-06,SKU0080,4,0,14.0,3
2023-11-13,SKU0080,4,0,14.0,3
2023-11-20,SKU0080,3,13,14.0,3
2023-11-27,SKU0080,3,16,14.0,3
2023-12-04,SKU0080,2,15,14.0,3
2023-12-11,SKU0080,1,9,14.0,3
2023-12-18,SKU0080,7,15,14.0,3
2023-12-25,SKU0080,6,0,14.0,3
2022-01-03,SKU0081,117,0,14.0,28
2022-01-10,SKU0081,104,0,14.0,28
2022-01-17,SKU0081,87,0,14.0,28
2022-01-24,SKU0081,72,0,14.0,28
2022-01-31,SKU0081,59,0,14.0,28
2022-02-07,SKU0081,47,0,14.0,28
2022-02-14,SKU0081,38,0,14.0,28
2022-02-21,SKU0081,124,117,14.0,28
2022-02-28,SKU0081,112,0,14.0,28
2022-03-07,SKU0081,102,0,14.0,28
2022-03-14,SKU0081,90,0,14.0,28
2022-03-21,SKU0081,79,0,14.0,28
2022-03-28,SKU0081,70,0,14.0,28
2022-04-04,SKU0081,58,0,14.0,28
2022-04-11,SKU0081,48,0,14.0,28
2022-04-18,SKU0081,41,0,14.0,28
2022-04-25,SKU0081,34,0,14.0,28
2022-05-02,SKU0081,27,101,14.0,28
2022-05-09,SKU0081,20,90,14.0,28
2022-05-16,SKU0081,8,131,14.0,28
2022-05-23,SKU0081,0,132,14.0,28
2022-05-30,SKU0081,102,148,14.0,28
2022-06-06,SKU0081,97,0,14.0,28
2022-06-13,SKU0081,90,0,14.0,28
2022-06-20,SKU0081,84,0,,28
2022-06-27,SKU0081,79,0,14.0,28
2022-07-04,SKU0081,72,0,14.0,28
2022-07-11,SKU0081,65,0,14.0,28
2022-07-18,SKU0081,56,0,14.0,28
2022-07-25,SKU0081,50,0,14.0,28
2022-08-01,SKU0081,45,0,,28
2022-08-08,SKU0081,40,0,14.0,28
2022-08-15,SKU0081,31,0,14.0,28
2022-08-22,SKU0081,22,113,14.0,28
2022-08-29,SKU0081,12,116,14.0,28
2022-09-05,SKU0081,1,127,14.0,28
2022-09-12,SKU0081,109,124,14.0,28
2022-09-19,SKU0081,102,0,14.0,28
2022-09-26,SKU0081,89,0,14.0,28
2022-10-03,SKU0081,76,0,14.0,28
2022-10-10,SKU0081,66,0,14.0,28
2022-10-17,SKU0081,53,0,14.0,28
2022-10-24,SKU0081,39,0,14.0,28
2022-10-31,SKU0081,24,138,14.0,28
2022-11-07,SKU0081,17,108,14.0,28
2022-11-14,SKU0081,9,83,14.0,28
2022-11-21,SKU0081,109,97,14.0,28
2022-11-28,SKU0081,94,0,14.0,28
2022-12-05,SKU0081,84,0,14.0,28
2022-12-12,SKU0081,74,0,14.0,28
2022-12-19,SKU0081,57,0,14.0,28
2022-12-26,SKU0081,40,0,14.0,28
2023-01-02,SKU0081,106,112,14.0,28
2023-01-09,SKU0081,97,0,14.0,28
2023-01-16,SKU0081,88,0,14.0,28
2023-01-23,SKU0081,75,0,14.0,28
2023-01-30,SKU0081,63,0,14.0,28
2023-02-06,SKU0081,51,0,14.0,28
2023-02-13,SKU0081,35,0,14.0,28
2023-02-20,SKU0081,126,84,14.0,28
2023-02-27,SKU0081,116,0,14.0,28
2023-03-06,SKU0081,110,0,,28
2023-03-13,SKU0081,102,0,14.0,28
2023-03-20,SKU0081,90,0,14.0,28
2023-03-27,SKU0081,81,0,14.0,28
2023-04-03,SKU0081,71,0,14.0,28
2023-04-10,SKU0081,63,0,14.0,28
2023-04-17,SKU0081,55,0,14.0,28
2023-04-24,SKU0081,48,0,14.0,28
2023-05-01,SKU0081,35,0,14.0,28
2023-05-08,SKU0081,29,0,14.0,28
2023-05-15,SKU0081,17,139,,28
2023-05-22,SKU0081,9,142,14.0,28
2023-05-29,SKU0081,0,98,14.0,28
2023-06-05,SKU0081,65,125,14.0,28
2023-06-12,SKU0081,59,0,14.0,28
2023-06-19,SKU0081,50,0,14.0,28
2023-06-26,SKU0081,42,0,14.0,28
2023-07-03,SKU0081,32,0,14.0,28
2023-07-10,SKU0081,105,126,14.0,28
2023-07-17,SKU0081,95,0,14.0,28
2023-07-24,SKU0081,88,0,14.0,28
2023-07-31,SKU0081,83,0,14.0,28
2023-08-07,SKU0081,75,0,14.0,28
2023-08-14,SKU0081,67,0,14.0,28
2023-08-21,SKU0081,60,0,14.0,28
2023-08-28,SKU0081,52,0,14.0,28
2023-09-04,SKU0081,41,0,14.0,28
2023-09-11,SKU0081,34,0,14.0,28
2023-09-18,SKU0081,20,87,14.0,28
2023-09-25,SKU0081,13,128,14.0,28
2023-10-02,SKU0081,0,135,14.0,28
2023-10-09,SKU0081,56,106,14.0,28
2023-10-16,SKU0081,49,0,14.0,28
2023-10-23,SKU0081,41,0,14.0,28
2023-10-30,SKU0081,105,78,14.0,28
2023-11-06,SKU0081,91,0,14.0,28
2023-11-13,SKU0081,80,0,14.0,28
2023-11-20,SKU0081,69,0,14.0,28
2023-11-27,SKU0081,61,0,14.0,28
2023-12-04,SKU0081,47,0,14.0,28
2023-12-11,SKU0081,34,0,14.0,28
2023-12-18,SKU0081,87,133,14.0,28
2023-12-25,SKU0081,79,0,14.0,28
2022-01-03,SKU0082,185,0,14.0,56
2022-01-10,SKU0082,157,0,14.0,56
2022-01-17,SKU0082,124,0,14.0,56
2022-01-24,SKU0082,102,0,14.0,56
2022-01-31,SKU0082,67,0,14.0,56
2022-02-07,SKU0082,51,171,14.0,56
2022-02-14,SKU0082,28,228,,56
2022-02-21,SKU0082,166,248,14.0,56
2022-02-28,SKU0082,149,0,14.0,56
2022-03-07,SKU0082,128,0,14.0,56
2022-03-14,SKU0082,115,0,14.0,56
2022-03-21,SKU0082,104,0,14.0,56
2022-03-28,SKU0082,85,0,14.0,56
2022-04-04,SKU0082,62,0,14.0,56
2022-04-11,SKU0082,267,268,14.0,56
2022-04-18,SKU0082,254,0,14.0,56
2022-04-25,SKU0082,236,0,14.0,56
2022-05-02,SKU0082,225,0,14.0,56
2022-05-09,SKU0082,204,0,14.0,56
2022-05-16,SKU0082,189,0,14.0,56
2022-05-23,SKU0082,173,0,14.0,56
2022-05-30,SKU0082,160,0,14.0,56
2022-06-06,SKU0082,148,0,14.0,56
2022-06-13,SKU0082,133,0,14.0,56
2022-06-20,SKU0082,121,0,14.0,56
2022-06-27,SKU0082,105,0,,56
2022-07-04,SKU0082,95,0,14.0,56
2022-07-11,SKU0082,84,0,14.0,56
2022-07-18,SKU0082,68,0,14.0,56
2022-07-25,SKU0082,50,237,14.0,56
2022-08-01,SKU0082,39,238,14.0,56
2022-08-08,SKU0082,180,293,14.0,56
2022-08-15,SKU0082,165,0,14.0,56
2022-08-22,SKU0082,148,0,14.0,56
2022-08-29,SKU0082,128,0,14.0,56
2022-09-05,SKU0082,111,0,14.0,56
2022-09-12,SKU0082,80,0,14.0,56
2022-09-19,SKU0082,66,0,,56
2022-09-26,SKU0082,241,211,14.0,56
2022-10-03,SKU0082,227,0,14.0,56
2022-10-10,SKU0082,195,0,14.0,56
2022-10-17,SKU0082,163,0,14.0,56
2022-10-24,SKU0082,139,0,14.0,56
2022-10-31,SKU0082,120,0,14.0,56
2022-11-07,SKU0082,101,0,14.0,56
2022-11-14,SKU0082,80,0,14.0,56
2022-11-21,SKU0082,66,0,14.0,56
2022-11-28,SKU0082,169,251,14.0,56
2022-12-05,SKU0082,137,0,14.0,56
2022-12-12,SKU0082,122,0,14.0,56
2022-12-19,SKU0082,88,0,14.0,56
2022-12-26,SKU0082,58,0,14.0,56
2023-01-02,SKU0082,31,266,14.0,56
2023-01-09,SKU0082,10,176,14.0,56
2023-01-16,SKU0082,0,284,14.0,56
2023-01-23,SKU0082,0,155,14.0,56
2023-01-30,SKU0082,0,244,14.0,56
2023-02-06,SKU0082,195,185,14.0,56
2023-02-13,SKU0082,170,0,14.0,56
2023-02-20,SKU0082,149,0,14.0,56
2023-02-27,SKU0082,115,0,14.0,56
2023-03-06,SKU0082,101,0,14.0,56
2023-03-13,SKU0082,78,0,14.0,56
2023-03-20,SKU0082,63,0,14.0,56
2023-03-27,SKU0082,256,202,14.0,56
2023-04-03,SKU0082,233,0,14.0,56
2023-04-10,SKU0082,220,0,14.0,56
2023-04-17,SKU0082,197,0,14.0,56
2023-04-24,SKU0082,173,0,14.0,56
2023-05-01,SKU0082,149,0,14.0,56
2023-05-08,SKU0082,124,0,14.0,56
2023-05-15,SKU0082,104,0,14.0,56
2023-05-22,SKU0082,88,0,14.0,56
2023-05-29,SKU0082,73,0,14.0,56
2023-06-05,SKU0082,55,237,14.0,56
2023-06-12,SKU0082,45,246,14.0,56
2023-06-19,SKU0082,24,187,14.0,56
2023-06-26,SKU0082,190,170,14.0,56
2023-07-03,SKU0082,179,0,14.0,56
2023-07-10,SKU0082,163,0,14.0,56
2023-07-17,SKU0082,150,0,14.0,56
2023-07-24,SKU0082,137,0,14.0,56
2023-07-31,SKU0082,115,0,14.0,56
2023-08-07,SKU0082,103,0,14.0,56
2023-08-14,SKU0082,92,0,14.0,56
2023-08-21,SKU0082,76,0,14.0,56
2023-08-28,SKU0082,58,0,14.0,56
2023-09-04,SKU0082,223,276,14.0,56
2023-09-11,SKU0082,208,0,14.0,56
2023-09-18,SKU0082,186,0,14.0,56
2023-09-25,SKU0082,155,0,14.0,56
2023-10-02,SKU0082,123,0,14.0,56
2023-10-09,SKU0082,102,0,14.0,56
2023-10-16,SKU0082,74,0,14.0,56
2023-10-23,SKU0082,192,216,14.0,56
2023-10-30,SKU0082,163,0,14.0,56
2023-11-06,SKU0082,133,0,14.0,56
2023-11-13,SKU0082,102,0,14.0,56
2023-11-20,SKU0082,88,0,14.0,56
2023-11-27,SKU0082,72,0,14.0,56
2023-12-04,SKU0082,52,159,14.0,56
2023-12-11,SKU0082,21,288,14.0,56
2023-12-18,SKU0082,189,223,14.0,56
2023-12-25,SKU0082,173,0,14.0,56
2022-01-03,SKU0083,681,0,14.0,215
2022-01-10,SKU0083,594,0,14.0,215
2022-01-17,SKU0083,512,0,14.0,215
2022-01-24,SKU0083,377,0,14.0,215
2022-01-31,SKU0083,276,0,14.0,215
2022-02-07,SKU0083,788,1117,14.0,215
2022-02-14,SKU0083,679,0,14.0,215
2022-02-21,SKU0083,561,0,14.0,215
2022-02-28,SKU0083,467,0,14.0,215
2022-03-07,SKU0083,373,0,14.0,215
2022-03-14,SKU0083,313,0,14.0,215
2022-03-21,SKU0083,228,0,14.0,215
2022-03-28,SKU0083,719,842,14.0,215
2022-04-04,SKU0083,671,0,14.0,215
2022-04-11,SKU0083,574,0,14.0,215
2022-04-18,SKU0083,530,0,14.0,215
2022-04-25,SKU0083,483,0,,215
2022-05-02,SKU0083,405,0,14.0,215
2022-05-09,SKU0083,359,0,14.0,215
2022-05-16,SKU0083,276,0,,215
2022-05-23,SKU0083,198,580,14.0,215
2022-05-30,SKU0083,782,864,14.0,215
2022-06-06,SKU0083,732,0,14.0,215
2022-06-13,SKU0083,683,0,14.0,215
2022-06-20,SKU0083,602,0,14.0,215
2022-06-27,SKU0083,549,0,,215
2022-07-04,SKU0083,513,0,14.0,215
2022-07-11,SKU0083,445,0,14.0,215
2022-07-18,SKU0083,408,0,14.0,215
2022-07-25,SKU0083,357,0,14.0,215
2022-08-01,SKU0083,316,0,14.0,215
2022-08-08,SKU0083,263,0,14.0,215
2022-08-15,SKU0083,198,822,14.0,215
2022-08-22,SKU0083,702,937,14.0,215
2022-08-29,SKU0083,639,0,14.0,215
2022-09-05,SKU0083,523,0,14.0,215
2022-09-12,SKU0083,399,0,14.0,215
2022-09-19,SKU0083,345,0,,215
2022-09-26,SKU0083,291,0,,215
2022-10-03,SKU0083,1018,730,14.0,215
2022-10-10,SKU0083,934,0,14.0,215
2022-10-17,SKU0083,878,0,14.0,215
2022-10-24,SKU0083,794,0,14.0,215
2022-10-31,SKU0083,718,0,14.0,215
2022-11-07,SKU0083,638,0,14.0,215
2022-11-14,SKU0083,529,0,14.0,215
2022-11-21,SKU0083,454,0,14.0,215
2022-11-28,SKU0083,332,0,14.0,215
2022-12-05,SKU0083,266,0,14.0,215
2022-12-12,SKU0083,814,1023,14.0,215
2022-12-19,SKU0083,703,0,14.0,215
2022-12-26,SKU0083,633,0,14.0,215
2023-01-02,SKU0083,543,0,14.0,215
2023-01-09,SKU0083,459,0,14.0,215
2023-01-16,SKU0083,334,0,14.0,215
2023-01-23,SKU0083,679,960,14.0,215
2023-01-30,SKU0083,570,0,14.0,215
2023-02-06,SKU0083,466,0,14.0,215
2023-02-13,SKU0083,334,0,14.0,215
2023-02-20,SKU0083,243,0,14.0,215
2023-02-27,SKU0083,713,744,14.0,215
2023-03-06,SKU0083,648,0,14.0,215
2023-03-13,SKU0083,584,0,14.0,215
2023-03-20,SKU0083,517,0,14.0,215
2023-03-27,SKU0083,463,0,,215
2023-04-03,SKU0083,384,0,14.0,215
2023-04-10,SKU0083,308,0,14.0,215
2023-04-17,SKU0083,229,0,14.0,215
2023-04-24,SKU0083,178,846,14.0,215
2023-05-01,SKU0083,940,1014,14.0,215
2023-05-08,SKU0083,872,0,14.0,215
2023-05-15,SKU0083,787,0,14.0,215
2023-05-22,SKU0083,730,0,14.0,215
2023-05-29,SKU0083,667,0,14.0,215
2023-06-05,SKU0083,616,0,14.0,215
2023-06-12,SKU0083,573,0,14.0,215
2023-06-19,SKU0083,522,0,14.0,215
2023-06-26,SKU0083,475,0,14.0,215
2023-07-03,SKU0083,426,0,14.0,215
2023-07-10,SKU0083,382,0,14.0,215
2023-07-17,SKU0083,334,0,14.0,215
2023-07-24,SKU0083,250,0,14.0,215
2023-07-31,SKU0083,791,812,14.0,215
2023-08-07,SKU0083,724,0,14.0,215
2023-08-14,SKU0083,645,0,14.0,215
2023-08-21,SKU0083,598,0,14.0,215
2023-08-28,SKU0083,519,0,14.0,215
2023-09-04,SKU0083,423,0,14.0,215
2023-09-11,SKU0083,352,0,14.0,215
2023-09-18,SKU0083,264,0,14.0,215
2023-09-25,SKU0083,195,1056,14.0,215
2023-10-02,SKU0083,551,1085,14.0,215
2023-10-09,SKU0083,432,0,14.0,215
2023-10-16,SKU0083,333,0,14.0,215
2023-10-23,SKU0083,264,0,14.0,215
2023-10-30,SKU0083,809,816,14.0,215
2023-11-06,SKU0083,694,0,14.0,215
2023-11-13,SKU0083,611,0,14.0,215
2023-11-20,SKU0083,509,0,14.0,215
2023-11-27,SKU0083,422,0,14.0,215
2023-12-04,SKU0083,289,0,14.0,215
2023-12-11,SKU0083,715,1143,14.0,215
2023-12-18,SKU0083,617,0,14.0,215
2023-12-25,SKU0083,507,0,14.0,215
2022-01-03,SKU0084,39,0,7.0,9
2022-01-10,SKU0084,33,0,7.0,9
2022-01-17,SKU0084,27,0,7.0,9
2022-01-24,SKU0084,21,0,7.0,9
2022-01-31,SKU0084,14,0,7.0,9
2022-02-07,SKU0084,67,85,7.0,9
2022-02-14,SKU0084,62,0,7.0,9
2022-02-21,SKU0084,57,0,7.0,9
2022-02-28,SKU0084,51,0,7.0,9
2022-03-07,SKU0084,47,0,7.0,9
2022-03-14,SKU0084,40,0,7.0,9
2022-03-21,SKU0084,32,0,7.0,9
2022-03-28,SKU0084,28,0,7.0,9
2022-04-04,SKU0084,24,0,7.0,9
2022-04-11,SKU0084,18,0,7.0,9
2022-04-18,SKU0084,11,0,7.0,9
2022-04-25,SKU0084,4,75,7.0,9
2022-05-02,SKU0084,0,52,7.0,9
2022-05-09,SKU0084,0,52,7.0,9
2022-05-16,SKU0084,68,91,7.0,9
2022-05-23,SKU0084,61,0,7.0,9
2022-05-30,SKU0084,56,0,7.0,9
2022-06-06,SKU0084,49,0,7.0,9
2022-06-13,SKU0084,43,0,7.0,9
2022-06-20,SKU0084,40,0,7.0,9
2022-06-27,SKU0084,37,0,7.0,9
2022-07-04,SKU0084,32,0,7.0,9
2022-07-11,SKU0084,26,0,7.0,9
2022-07-18,SKU0084,20,0,7.0,9
2022-07-25,SKU0084,17,0,7.0,9
2022-08-01,SKU0084,11,0,7.0,9
2022-08-08,SKU0084,65,102,7.0,9
2022-08-15,SKU0084,61,0,7.0,9
2022-08-22,SKU0084,54,0,7.0,9
2022-08-29,SKU0084,49,0,7.0,9
2022-09-05,SKU0084,43,0,7.0,9
2022-09-12,SKU0084,37,0,7.0,9
2022-09-19,SKU0084,30,0,7.0,9
2022-09-26,SKU0084,21,0,7.0,9
2022-10-03,SKU0084,12,0,7.0,9
2022-10-10,SKU0084,43,78,7.0,9
2022-10-17,SKU0084,35,0,7.0,9
2022-10-24,SKU0084,26,0,7.0,9
2022-10-31,SKU0084,17,0,7.0,9
2022-11-07,SKU0084,9,90,7.0,9
2022-11-14,SKU0084,2,60,7.0,9
2022-11-21,SKU0084,0,89,7.0,9
2022-11-28,SKU0084,0,60,7.0,9
2022-12-05,SKU0084,0,58,7.0,9
2022-12-12,SKU0084,0,100,7.0,9
2022-12-19,SKU0084,42,60,7.0,9
2022-12-26,SKU0084,30,0,7.0,9
2023-01-02,SKU0084,20,0,7.0,9
2023-01-09,SKU0084,10,0,7.0,9
2023-01-16,SKU0084,2,54,7.0,9
2023-01-23,SKU0084,0,57,7.0,9
2023-01-30,SKU0084,0,64,7.0,9
2023-02-06,SKU0084,0,84,7.0,9
2023-02-13,SKU0084,0,58,7.0,9
2023-02-20,SKU0084,0,92,7.0,9
2023-02-27,SKU0084,0,55,7.0,9
2023-03-06,SKU0084,0,65,7.0,9
2023-03-13,SKU0084,0,73,7.0,9
2023-03-20,SKU0084,60,85,7.0,9
2023-03-27,SKU0084,54,0,7.0,9
2023-04-03,SKU0084,48,0,7.0,9
2023-04-10,SKU0084,42,0,7.0,9
2023-04-17,SKU0084,35,0,7.0,9
2023-04-24,SKU0084,30,0,7.0,9
2023-05-01,SKU0084,25,0,7.0,9
2023-05-08,SKU0084,17,0,7.0,9
2023-05-15,SKU0084,11,0,7.0,9
2023-05-22,SKU0084,7,66,7.0,9
2023-05-29,SKU0084,48,92,7.0,9
2023-06-05,SKU0084,43,0,7.0,9
2023-06-12,SKU0084,40,0,7.0,9
2023-06-19,SKU0084,35,0,7.0,9
2023-06-26,SKU0084,31,0,7.0,9
2023-07-03,SKU0084,25,0,7.0,9
2023-07-10,SKU0084,19,0,7.0,9
2023-07-17,SKU0084,16,0,7.0,9
2023-07-24,SKU0084,9,99,7.0,9
2023-07-31,SKU0084,60,100,7.0,9
2023-08-07,SKU0084,57,0,7.0,9
2023-08-14,SKU0084,51,0,7.0,9
2023-08-21,SKU0084,44,0,7.0,9
2023-08-28,SKU0084,39,0,7.0,9
2023-09-04,SKU0084,32,0,7.0,9
2023-09-11,SKU0084,23,0,7.0,9
2023-09-18,SKU0084,17,0,7.0,9
2023-09-25,SKU0084,8,59,7.0,9
2023-10-02,SKU0084,56,82,7.0,9
2023-10-09,SKU0084,51,0,7.0,9
2023-10-16,SKU0084,42,0,7.0,9
2023-10-23,SKU0084,33,0,7.0,9
2023-10-30,SKU0084,27,0,7.0,9
2023-11-06,SKU0084,19,0,7.0,9
2023-11-13,SKU0084,10,0,7.0,9
2023-11-20,SKU0084,0,89,7.0,9
2023-11-27,SKU0084,0,63,7.0,9
2023-12-04,SKU0084,0,56,,9
2023-12-11,SKU0084,73,69,7.0,9
2023-12-18,SKU0084,68,0,7.0,9
2023-12-25,SKU0084,61,0,,9
2022-01-03,SKU0085,55,0,10.0,9
2022-01-10,SKU0085,49,0,10.0,9
2022-01-17,SKU0085,41,0,10.0,9
2022-01-24,SKU0085,34,0,10.0,9
2022-01-31,SKU0085,27,0,10.0,9
2022-02-07,SKU0085,21,0,10.0,9
2022-02-14,SKU0085,14,0,10.0,9
2022-02-21,SKU0085,8,69,10.0,9
2022-02-28,SKU0085,4,57,10.0,9
2022-03-07,SKU0085,0,51,10.0,9
2022-03-14,SKU0085,39,71,10.0,9
2022-03-21,SKU0085,34,0,10.0,9
2022-03-28,SKU0085,32,0,10.0,9
2022-04-04,SKU0085,28,0,10.0,9
2022-04-11,SKU0085,24,0,10.0,9
2022-04-18,SKU0085,19,0,10.0,9
2022-04-25,SKU0085,15,0,10.0,9
2022-05-02,SKU0085,37,43,10.0,9
2022-05-09,SKU0085,32,0,10.0,9
2022-05-16,SKU0085,29,0,10.0,9
2022-05-23,SKU0085,25,0,10.0,9
2022-05-30,SKU0085,22,0,10.0,9
2022-06-06,SKU0085,18,0,10.0,9
2022-06-13,SKU0085,14,0,10.0,9
2022-06-20,SKU0085,11,0,10.0,9
2022-06-27,SKU0085,6,44,10.0,9
2022-07-04,SKU0085,2,52,10.0,9
2022-07-11,SKU0085,0,40,10.0,9
2022-07-18,SKU0085,48,37,10.0,9
2022-07-25,SKU0085,44,0,10.0,9
2022-08-01,SKU0085,39,0,10.0,9
2022-08-08,SKU0085,36,0,10.0,9
2022-08-15,SKU0085,32,0,10.0,9
2022-08-22,SKU0085,30,0,10.0,9
2022-08-29,SKU0085,27,0,10.0,9
2022-09-05,SKU0085,20,0,10.0,9
2022-09-12,SKU0085,15,0,10.0,9
2022-09-19,SKU0085,11,0,10.0,9
2022-09-26,SKU0085,8,46,10.0,9
2022-10-03,SKU0085,4,71,10.0,9
2022-10-10,SKU0085,0,40,10.0,9
2022-10-17,SKU0085,38,60,10.0,9
2022-10-24,SKU0085,34,0,10.0,9
2022-10-31,SKU0085,29,0,10.0,9
2022-11-07,SKU0085,25,0,10.0,9
2022-11-14,SKU0085,20,0,10.0,9
2022-11-21,SKU0085,13,0,,9
2022-11-28,SKU0085,37,41,10.0,9
2022-12-05,SKU0085,32,0,10.0,9
2022-12-12,SKU0085,27,0,10.0,9
2022-12-19,SKU0085,24,0,10.0,9
2022-12-26,SKU0085,17,0,10.0,9
2023-01-02,SKU0085,10,0,10.0,9
2023-01-09,SKU0085,53,62,10.0,9
2023-01-16,SKU0085,47,0,10.0,9
2023-01-23,SKU0085,39,0,10.0,9
2023-01-30,SKU0085,35,0,10.0,9
2023-02-06,SKU0085,29,0,10.0,9
2023-02-13,SKU0085,22,0,10.0,9
2023-02-20,SKU0085,17,0,10.0,9
2023-02-27,SKU0085,12,0,10.0,9
2023-03-06,SKU0085,58,64,10.0,9
2023-03-13,SKU0085,55,0,10.0,9
2023-03-20,SKU0085,49,0,10.0,9
2023-03-27,SKU0085,43,0,10.0,9
2023-04-03,SKU0085,40,0,10.0,9
2023-04-10,SKU0085,35,0,10.0,9
2023-04-17,SKU0085,31,0,10.0,9
2023-04-24,SKU0085,27,0,10.0,9
2023-05-01,SKU0085,22,0,10.0,9
2023-05-08,SKU0085,19,0,10.0,9
2023-05-15,SKU0085,16,0,10.0,9
2023-05-22,SKU0085,10,0,10.0,9
2023-05-29,SKU0085,36,38,10.0,9
2023-06-05,SKU0085,33,0,10.0,9
2023-06-12,SKU0085,29,0,10.0,9
2023-06-19,SKU0085,25,0,10.0,9
2023-06-26,SKU0085,20,0,10.0,9
2023-07-03,SKU0085,16,0,10.0,9
2023-07-10,SKU0085,13,0,10.0,9
2023-07-17,SKU0085,10,0,10.0,9
2023-07-24,SKU0085,38,70,10.0,9
2023-07-31,SKU0085,35,0,10.0,9
2023-08-07,SKU0085,32,0,10.0,9
2023-08-14,SKU0085,28,0,10.0,9
2023-08-21,SKU0085,25,0,10.0,9
2023-08-28,SKU0085,22,0,10.0,9
2023-09-04,SKU0085,16,0,10.0,9
2023-09-11,SKU0085,12,0,10.0,9
2023-09-18,SKU0085,49,71,10.0,9
2023-09-25,SKU0085,43,0,10.0,9
2023-10-02,SKU0085,37,0,10.0,9
2023-10-09,SKU0085,32,0,10.0,9
2023-10-16,SKU0085,27,0,10.0,9
2023-10-23,SKU0085,23,0,10.0,9
2023-10-30,SKU0085,17,0,10.0,9
2023-11-06,SKU0085,12,0,10.0,9
2023-11-13,SKU0085,7,57,,9
2023-11-20,SKU0085,3,60,10.0,9
2023-11-27,SKU0085,0,40,10.0,9
2023-12-04,SKU0085,52,48,10.0,9
2023-12-11,SKU0085,44,0,10.0,9
2023-12-18,SKU0085,37,0,10.0,9
2023-12-25,SKU0085,34,0,10.0,9
2022-01-03,SKU0086,43,0,7.0,10
2022-01-10,SKU0086,36,0,7.0,10
2022-01-17,SKU0086,30,0,7.0,10
2022-01-24,SKU0086,18,0,7.0,10
2022-01-31,SKU0086,11,0,7.0,10
2022-02-07,SKU0086,6,72,7.0,10
2022-02-14,SKU0086,1,80,7.0,10
2022-02-21,SKU0086,0,82,7.0,10
2022-02-28,SKU0086,0,87,7.0,10
2022-03-07,SKU0086,0,70,7.0,10
2022-03-14,SKU0086,0,57,7.0,10
2022-03-21,SKU0086,57,89,7.0,10
2022-03-28,SKU0086,50,0,7.0,10
2022-04-04,SKU0086,43,0,7.0,10
2022-04-11,SKU0086,36,0,7.0,10
2022-04-18,SKU0086,31,0,7.0,10
2022-04-25,SKU0086,27,0,7.0,10
2022-05-02,SKU0086,19,0,7.0,10
2022-05-09,SKU0086,12,0,7.0,10
2022-05-16,SKU0086,77,100,7.0,10
2022-05-23,SKU0086,69,0,7.0,10
2022-05-30,SKU0086,64,0,7.0,10
2022-06-06,SKU0086,57,0,7.0,10
2022-06-13,SKU0086,53,0,7.0,10
2022-06-20,SKU0086,48,0,7.0,10
2022-06-27,SKU0086,42,0,7.0,10
2022-07-04,SKU0086,38,0,7.0,10
2022-07-11,SKU0086,32,0,7.0,10
2022-07-18,SKU0086,25,0,7.0,10
2022-07-25,SKU0086,22,0,7.0,10
2022-08-01,SKU0086,15,0,7.0,10
2022-08-08,SKU0086,8,93,7.0,10
2022-08-15,SKU0086,4,68,7.0,10
2022-08-22,SKU0086,0,62,7.0,10
2022-08-29,SKU0086,71,102,7.0,10
2022-09-05,SKU0086,61,0,7.0,10
2022-09-12,SKU0086,55,0,7.0,10
2022-09-19,SKU0086,44,0,7.0,10
2022-09-26,SKU0086,39,0,7.0,10
2022-10-03,SKU0086,34,0,7.0,10
2022-10-10,SKU0086,25,0,7.0,10
2022-10-17,SKU0086,17,0,7.0,10
2022-10-24,SKU0086,70,66,7.0,10
2022-10-31,SKU0086,61,0,7.0,10
2022-11-07,SKU0086,54,0,7.0,10
2022-11-14,SKU0086,48,0,7.0,10
2022-11-21,SKU0086,37,0,7.0,10
2022-11-28,SKU0086,31,0,7.0,10
2022-12-05,SKU0086,19,0,7.0,10
2022-12-12,SKU0086,84,100,7.0,10
2022-12-19,SKU0086,76,0,7.0,10
2022-12-26,SKU0086,68,0,7.0,10
2023-01-02,SKU0086,58,0,7.0,10
2023-01-09,SKU0086,48,0,7.0,10
2023-01-16,SKU0086,41,0,7.0,10
2023-01-23,SKU0086,33,0,7.0,10
2023-01-30,SKU0086,24,0,7.0,10
2023-02-06,SKU0086,15,0,7.0,10
2023-02-13,SKU0086,63,62,7.0,10
2023-02-20,SKU0086,55,0,7.0,10
2023-02-27,SKU0086,48,0,7.0,10
2023-03-06,SKU0086,41,0,7.0,10
2023-03-13,SKU0086,35,0,7.0,10
2023-03-20,SKU0086,29,0,7.0,10
2023-03-27,SKU0086,22,0,7.0,10
2023-04-03,SKU0086,16,0,7.0,10
2023-04-10,SKU0086,11,0,7.0,10
2023-04-17,SKU0086,6,62,7.0,10
2023-04-24,SKU0086,49,83,7.0,10
2023-05-01,SKU0086,45,0,7.0,10
2023-05-08,SKU0086,40,0,7.0,10
2023-05-15,SKU0086,33,0,7.0,10
2023-05-22,SKU0086,28,0,7.0,10
2023-05-29,SKU0086,21,0,7.0,10
2023-06-05,SKU0086,18,0,7.0,10
2023-06-12,SKU0086,13,0,7.0,10
2023-06-19,SKU0086,69,97,7.0,10
2023-06-26,SKU0086,66,0,7.0,10
2023-07-03,SKU0086,59,0,7.0,10
2023-07-10,SKU0086,54,0,7.0,10
2023-07-17,SKU0086,48,0,7.0,10
2023-07-24,SKU0086,42,0,7.0,10
2023-07-31,SKU0086,36,0,7.0,10
2023-08-07,SKU0086,33,0,7.0,10
2023-08-14,SKU0086,26,0,7.0,10
2023-08-21,SKU0086,21,0,7.0,10
2023-08-28,SKU0086,16,0,7.0,10
2023-09-04,SKU0086,6,72,7.0,10
2023-09-11,SKU0086,0,86,7.0,10
2023-09-18,SKU0086,54,89,7.0,10
2023-09-25,SKU0086,45,0,7.0,10
2023-10-02,SKU0086,39,0,7.0,10
2023-10-09,SKU0086,34,0,7.0,10
2023-10-16,SKU0086,27,0,7.0,10
2023-10-23,SKU0086,21,0,7.0,10
2023-10-30,SKU0086,10,100,7.0,10
2023-11-06,SKU0086,54,72,7.0,10
2023-11-13,SKU0086,43,0,7.0,10
2023-11-20,SKU0086,34,0,7.0,10
2023-11-27,SKU0086,24,0,7.0,10
2023-12-04,SKU0086,12,0,7.0,10
2023-12-11,SKU0086,4,90,7.0,10
2023-12-18,SKU0086,41,72,7.0,10
2023-12-25,SKU0086,35,0,7.0,10
2022-01-03,SKU0087,110,0,7.0,54
2022-01-10,SKU0087,44,346,7.0,54
2022-01-17,SKU0087,0,431,7.0,54
2022-01-24,SKU0087,423,554,7.0,54
2022-01-31,SKU0087,373,0,7.0,54
2022-02-07,SKU0087,318,0,7.0,54
2022-02-14,SKU0087,278,0,7.0,54
2022-02-21,SKU0087,213,0,7.0,54
2022-02-28,SKU0087,149,0,7.0,54
2022-03-07,SKU0087,121,0,7.0,54
2022-03-14,SKU0087,82,0,7.0,54
2022-03-21,SKU0087,42,570,7.0,54
2022-03-28,SKU0087,286,381,7.0,54
2022-04-04,SKU0087,237,0,7.0,54
2022-04-11,SKU0087,205,0,7.0,54
2022-04-18,SKU0087,163,0,7.0,54
2022-04-25,SKU0087,122,0,7.0,54
2022-05-02,SKU0087,99,0,7.0,54
2022-05-09,SKU0087,275,509,7.0,54
2022-05-16,SKU0087,240,0,7.0,54
2022-05-23,SKU0087,205,0,7.0,54
2022-05-30,SKU0087,175,0,7.0,54
2022-06-06,SKU0087,154,0,,54
2022-06-13,SKU0087,125,0,7.0,54
2022-06-20,SKU0087,100,0,7.0,54
2022-06-27,SKU0087,65,0,7.0,54
2022-07-04,SKU0087,455,492,7.0,54
2022-07-11,SKU0087,428,0,7.0,54
2022-07-18,SKU0087,390,0,7.0,54
2022-07-25,SKU0087,356,0,7.0,54
2022-08-01,SKU0087,318,0,7.0,54
2022-08-08,SKU0087,284,0,7.0,54
2022-08-15,SKU0087,260,0,7.0,54
2022-08-22,SKU0087,232,0,7.0,54
2022-08-29,SKU0087,209,0,7.0,54
2022-09-05,SKU0087,180,0,7.0,54
2022-09-12,SKU0087,141,0,7.0,54
2022-09-19,SKU0087,87,0,7.0,54
2022-09-26,SKU0087,36,318,7.0,54
2022-10-03,SKU0087,0,379,7.0,54
2022-10-10,SKU0087,0,421,7.0,54
2022-10-17,SKU0087,317,484,7.0,54
2022-10-24,SKU0087,285,0,7.0,54
2022-10-31,SKU0087,236,0,7.0,54
2022-11-07,SKU0087,183,0,7.0,54
2022-11-14,SKU0087,132,0,7.0,54
2022-11-21,SKU0087,89,0,7.0,54
2022-11-28,SKU0087,54,523,7.0,54
2022-12-05,SKU0087,13,548,7.0,54
2022-12-12,SKU0087,406,382,7.0,54
2022-12-19,SKU0087,372,0,7.0,54
2022-12-26,SKU0087,304,0,7.0,54
2023-01-02,SKU0087,274,0,7.0,54
2023-01-09,SKU0087,203,0,7.0,54
2023-01-16,SKU0087,134,0,7.0,54
2023-01-23,SKU0087,64,0,7.0,54
2023-01-30,SKU0087,15,482,7.0,54
2023-02-06,SKU0087,399,330,7.0,54
2023-02-13,SKU0087,352,0,7.0,54
2023-02-20,SKU0087,308,0,7.0,54
2023-02-27,SKU0087,276,0,7.0,54
2023-03-06,SKU0087,238,0,7.0,54
2023-03-13,SKU0087,213,0,7.0,54
2023-03-20,SKU0087,169,0,7.0,54
2023-03-27,SKU0087,136,0,7.0,54
2023-04-03,SKU0087,90,0,7.0,54
2023-04-10,SKU0087,406,537,7.0,54
2023-04-17,SKU0087,383,0,7.0,54
2023-04-24,SKU0087,355,0,7.0,54
2023-05-01,SKU0087,316,0,7.0,54
2023-05-08,SKU0087,290,0,7.0,54
2023-05-15,SKU0087,259,0,7.0,54
2023-05-22,SKU0087,226,0,7.0,54
2023-05-29,SKU0087,200,0,7.0,54
2023-06-05,SKU0087,178,0,7.0,54
2023-06-12,SKU0087,146,0,7.0,54
2023-06-19,SKU0087,126,0,7.0,54
2023-06-26,SKU0087,100,0,7.0,54
2023-07-03,SKU0087,69,0,7.0,54
2023-07-10,SKU0087,35,474,7.0,54
2023-07-17,SKU0087,9,548,7.0,54
2023-07-24,SKU0087,372,382,7.0,54
2023-07-31,SKU0087,333,0,7.0,54
2023-08-07,SKU0087,308,0,7.0,54
2023-08-14,SKU0087,289,0,7.0,54
2023-08-21,SKU0087,254,0,7.0,54
2023-08-28,SKU0087,228,0,7.0,54
2023-09-04,SKU0087,186,0,7.0,54
2023-09-11,SKU0087,142,0,7.0,54
2023-09-18,SKU0087,80,0,7.0,54
2023-09-25,SKU0087,468,449,7.0,54
2023-10-02,SKU0087,416,0,7.0,54
2023-10-09,SKU0087,353,0,7.0,54
2023-10-16,SKU0087,304,0,7.0,54
2023-10-23,SKU0087,264,0,7.0,54
2023-10-30,SKU0087,231,0,7.0,54
2023-11-06,SKU0087,185,0,7.0,54
2023-11-13,SKU0087,145,0,7.0,54
2023-11-20,SKU0087,103,0,7.0,54
2023-11-27,SKU0087,71,0,7.0,54
2023-12-04,SKU0087,20,377,7.0,54
2023-12-11,SKU0087,0,496,7.0,54
2023-12-18,SKU0087,0,410,7.0,54
2023-12-25,SKU0087,0,468,7.0,54
2022-01-03,SKU0088,118,0,7.0,27
2022-01-10,SKU0088,84,0,7.0,27
2022-01-17,SKU0088,50,0,7.0,27
2022-01-24,SKU0088,226,200,7.0,27
2022-01-31,SKU0088,206,0,7.0,27
2022-02-07,SKU0088,180,0,7.0,27
2022-02-14,SKU0088,158,0,7.0,27
2022-02-21,SKU0088,129,0,7.0,27
2022-02-28,SKU0088,97,0,7.0,27
2022-03-07,SKU0088,73,0,7.0,27
2022-03-14,SKU0088,57,0,7.0,27
2022-03-21,SKU0088,36,0,7.0,27
2022-03-28,SKU0088,17,153,7.0,27
2022-04-04,SKU0088,0,236,7.0,27
2022-04-11,SKU0088,0,255,7.0,27
2022-04-18,SKU0088,0,166,7.0,27
2022-04-25,SKU0088,185,202,7.0,27
2022-05-02,SKU0088,171,0,7.0,27
2022-05-09,SKU0088,150,0,7.0,27
2022-05-16,SKU0088,132,0,7.0,27
2022-05-23,SKU0088,119,0,7.0,27
2022-05-30,SKU0088,100,0,7.0,27
2022-06-06,SKU0088,83,0,7.0,27
2022-06-13,SKU0088,68,0,7.0,27
2022-06-20,SKU0088,49,0,7.0,27
2022-06-27,SKU0088,35,0,7.0,27
2022-07-04,SKU0088,26,268,7.0,27
2022-07-11,SKU0088,5,192,7.0,27
2022-07-18,SKU0088,116,184,7.0,27
2022-07-25,SKU0088,99,0,7.0,27
2022-08-01,SKU0088,79,0,7.0,27
2022-08-08,SKU0088,65,0,7.0,27
2022-08-15,SKU0088,48,0,7.0,27
2022-08-22,SKU0088,38,0,7.0,27
2022-08-29,SKU0088,21,190,7.0,27
2022-09-05,SKU0088,138,204,7.0,27
2022-09-12,SKU0088,120,0,7.0,27
2022-09-19,SKU0088,91,0,7.0,27
2022-09-26,SKU0088,60,0,7.0,27
2022-10-03,SKU0088,35,0,7.0,27
2022-10-10,SKU0088,132,220,7.0,27
2022-10-17,SKU0088,112,0,7.0,27
2022-10-24,SKU0088,92,0,7.0,27
2022-10-31,SKU0088,73,0,7.0,27
2022-11-07,SKU0088,49,0,7.0,27
2022-11-14,SKU0088,29,0,7.0,27
2022-11-21,SKU0088,200,279,7.0,27
2022-11-28,SKU0088,170,0,7.0,27
2022-12-05,SKU0088,153,0,7.0,27
2022-12-12,SKU0088,121,0,7.0,27
2022-12-19,SKU0088,105,0,7.0,27
2022-12-26,SKU0088,83,0,7.0,27
2023-01-02,SKU0088,62,0,7.0,27
2023-01-09,SKU0088,28,0,7.0,27
2023-01-16,SKU0088,0,197,7.0,27
2023-01-23,SKU0088,0,171,7.0,27
2023-01-30,SKU0088,108,221,7.0,27
2023-02-06,SKU0088,74,0,7.0,27
2023-02-13,SKU0088,46,0,7.0,27
2023-02-20,SKU0088,24,220,7.0,27
2023-02-27,SKU0088,211,208,7.0,27
2023-03-06,SKU0088,188,0,7.0,27
2023-03-13,SKU0088,175,0,7.0,27
2023-03-20,SKU0088,164,0,7.0,27
2023-03-27,SKU0088,147,0,7.0,27
2023-04-03,SKU0088,135,0,7.0,27
2023-04-10,SKU0088,122,0,7.0,27
2023-04-17,SKU0088,109,0,7.0,27
2023-04-24,SKU0088,88,0,7.0,27
2023-05-01,SKU0088,72,0,7.0,27
2023-05-08,SKU0088,49,0,7.0,27
2023-05-15,SKU0088,35,0,7.0,27
2023-05-22,SKU0088,22,263,7.0,27
2023-05-29,SKU0088,2,184,7.0,27
2023-06-05,SKU0088,0,287,7.0,27
2023-06-12,SKU0088,0,171,7.0,27
2023-06-19,SKU0088,0,144,7.0,27
2023-06-26,SKU0088,208,269,7.0,27
2023-07-03,SKU0088,194,0,7.0,27
2023-07-10,SKU0088,184,0,7.0,27
2023-07-17,SKU0088,167,0,7.0,27
2023-07-24,SKU0088,148,0,7.0,27
2023-07-31,SKU0088,138,0,7.0,27
2023-08-07,SKU0088,128,0,7.0,27
2023-08-14,SKU0088,117,0,7.0,27
2023-08-21,SKU0088,105,0,7.0,27
2023-08-28,SKU0088,92,0,7.0,27
2023-09-04,SKU0088,63,0,7.0,27
2023-09-11,SKU0088,43,0,7.0,27
2023-09-18,SKU0088,25,158,7.0,27
2023-09-25,SKU0088,7,267,7.0,27
2023-10-02,SKU0088,0,219,7.0,27
2023-10-09,SKU0088,0,177,7.0,27
2023-10-16,SKU0088,0,261,7.0,27
2023-10-23,SKU0088,0,152,7.0,27
2023-10-30,SKU0088,0,246,7.0,27
2023-11-06,SKU0088,0,156,7.0,27
2023-11-13,SKU0088,176,269,7.0,27
2023-11-20,SKU0088,162,0,7.0,27
2023-11-27,SKU0088,139,0,7.0,27
2023-12-04,SKU0088,122,0,7.0,27
2023-12-11,SKU0088,89,0,7.0,27
2023-12-18,SKU0088,66,0,7.0,27
2023-12-25,SKU0088,46,0,7.0,27
2022-01-03,SKU0089,30,0,7.0,9
2022-01-10,SKU0089,23,0,7.0,9
2022-01-17,SKU0089,18,0,7.0,9
2022-01-24,SKU0089,8,69,7.0,9
2022-01-31,SKU0089,46,83,7.0,9
2022-02-07,SKU0089,34,0,7.0,9
2022-02-14,SKU0089,23,0,7.0,9
2022-02-21,SKU0089,15,0,7.0,9
2022-02-28,SKU0089,64,92,7.0,9
2022-03-07,SKU0089,60,0,7.0,9
2022-03-14,SKU0089,55,0,7.0,9
2022-03-21,SKU0089,47,0,7.0,9
2022-03-28,SKU0089,43,0,7.0,9
2022-04-04,SKU0089,39,0,7.0,9
2022-04-11,SKU0089,34,0,7.0,9
2022-04-18,SKU0089,28,0,7.0,9
2022-04-25,SKU0089,22,0,7.0,9
2022-05-02,SKU0089,14,0,7.0,9
2022-05-09,SKU0089,7,77,7.0,9
2022-05-16,SKU0089,55,57,7.0,9
2022-05-23,SKU0089,50,0,7.0,9
2022-05-30,SKU0089,46,0,7.0,9
2022-06-06,SKU0089,39,0,7.0,9
2022-06-13,SKU0089,33,0,7.0,9
2022-06-20,SKU0089,28,0,7.0,9
2022-06-27,SKU0089,23,0,7.0,9
2022-07-04,SKU0089,17,0,7.0,9
2022-07-11,SKU0089,12,0,7.0,9
2022-07-18,SKU0089,7,63,7.0,9
2022-07-25,SKU0089,1,56,7.0,9
2022-08-01,SKU0089,0,96,7.0,9
2022-08-08,SKU0089,64,59,7.0,9
2022-08-15,SKU0089,59,0,7.0,9
2022-08-22,SKU0089,53,0,7.0,9
2022-08-29,SKU0089,47,0,7.0,9
2022-09-05,SKU0089,37,0,7.0,9
2022-09-12,SKU0089,27,0,7.0,9
2022-09-19,SKU0089,20,0,7.0,9
2022-09-26,SKU0089,12,0,7.0,9
2022-10-03,SKU0089,8,96,7.0,9
2022-10-10,SKU0089,0,102,7.0,9
2022-10-17,SKU0089,0,94,7.0,9
2022-10-24,SKU0089,0,85,7.0,9
2022-10-31,SKU0089,0,64,7.0,9
2022-11-07,SKU0089,69,95,7.0,9
2022-11-14,SKU0089,60,0,7.0,9
2022-11-21,SKU0089,54,0,7.0,9
2022-11-28,SKU0089,49,0,7.0,9
2022-12-05,SKU0089,42,0,7.0,9
2022-12-12,SKU0089,35,0,7.0,9
2022-12-19,SKU0089,26,0,7.0,9
2022-12-26,SKU0089,16,0,7.0,9
2023-01-02,SKU0089,7,62,7.0,9
2023-01-09,SKU0089,0,81,7.0,9
2023-01-16,SKU0089,61,72,7.0,9
2023-01-23,SKU0089,55,0,7.0,9
2023-01-30,SKU0089,50,0,7.0,9
2023-02-06,SKU0089,41,0,7.0,9
2023-02-13,SKU0089,35,0,7.0,9
2023-02-20,SKU0089,26,0,7.0,9
2023-02-27,SKU0089,20,0,7.0,9
2023-03-06,SKU0089,16,0,7.0,9
2023-03-13,SKU0089,11,0,,9
2023-03-20,SKU0089,43,55,7.0,9
2023-03-27,SKU0089,35,0,7.0,9
2023-04-03,SKU0089,29,0,7.0,9
2023-04-10,SKU0089,25,0,7.0,9
2023-04-17,SKU0089,20,0,7.0,9
2023-04-24,SKU0089,15,0,7.0,9
2023-05-01,SKU0089,9,83,7.0,9
2023-05-08,SKU0089,3,73,7.0,9
2023-05-15,SKU0089,0,99,7.0,9
2023-05-22,SKU0089,49,58,7.0,9
2023-05-29,SKU0089,44,0,7.0,9
2023-06-05,SKU0089,40,0,7.0,9
2023-06-12,SKU0089,35,0,7.0,9
2023-06-19,SKU0089,28,0,7.0,9
2023-06-26,SKU0089,25,0,7.0,9
2023-07-03,SKU0089,21,0,7.0,9
2023-07-10,SKU0089,18,0,7.0,9
2023-07-17,SKU0089,11,0,7.0,9
2023-07-24,SKU0089,6,70,7.0,9
2023-07-31,SKU0089,55,60,7.0,9
2023-08-07,SKU0089,52,0,7.0,9
2023-08-14,SKU0089,48,0,7.0,9
2023-08-21,SKU0089,43,0,7.0,9
2023-08-28,SKU0089,40,0,7.0,9
2023-09-04,SKU0089,34,0,7.0,9
2023-09-11,SKU0089,24,0,7.0,9
2023-09-18,SKU0089,16,0,7.0,9
2023-09-25,SKU0089,60,57,7.0,9
2023-10-02,SKU0089,53,0,7.0,9
2023-10-09,SKU0089,44,0,7.0,9
2023-10-16,SKU0089,37,0,7.0,9
2023-10-23,SKU0089,28,0,7.0,9
2023-10-30,SKU0089,20,0,,9
2023-11-06,SKU0089,12,0,7.0,9
2023-11-13,SKU0089,79,52,7.0,9
2023-11-20,SKU0089,73,0,7.0,9
2023-11-27,SKU0089,65,0,7.0,9
2023-12-04,SKU0089,59,0,7.0,9
2023-12-11,SKU0089,51,0,7.0,9
2023-12-18,SKU0089,45,0,7.0,9
2023-12-25,SKU0089,34,0,7.0,9
2022-01-03,SKU0090,242,0,21.0,101
2022-01-10,SKU0090,199,0,21.0,101
2022-01-17,SKU0090,169,0,21.0,101
2022-01-24,SKU0090,147,0,21.0,101
2022-01-31,SKU0090,107,0,21.0,101
2022-02-07,SKU0090,307,320,21.0,101
2022-02-14,SKU0090,287,0,21.0,101
2022-02-21,SKU0090,267,0,21.0,101
2022-02-28,SKU0090,245,0,21.0,101
2022-03-07,SKU0090,224,0,21.0,101
2022-03-14,SKU0090,194,0,21.0,101
2022-03-21,SKU0090,178,0,21.0,101
2022-03-28,SKU0090,149,0,,101
2022-04-04,SKU0090,132,0,21.0,101
2022-04-11,SKU0090,119,0,21.0,101
2022-04-18,SKU0090,103,0,21.0,101
2022-04-25,SKU0090,88,307,21.0,101
2022-05-02,SKU0090,71,345,21.0,101
2022-05-09,SKU0090,55,270,21.0,101
2022-05-16,SKU0090,264,304,21.0,101
2022-05-23,SKU0090,245,0,21.0,101
2022-05-30,SKU0090,227,0,21.0,101
2022-06-06,SKU0090,208,0,21.0,101
2022-06-13,SKU0090,186,0,21.0,101
2022-06-20,SKU0090,162,0,21.0,101
2022-06-27,SKU0090,138,0,21.0,101
2022-07-04,SKU0090,122,0,21.0,101
2022-07-11,SKU0090,102,0,21.0,101
2022-07-18,SKU0090,341,318,21.0,101
2022-07-25,SKU0090,317,0,21.0,101
2022-08-01,SKU0090,301,0,21.0,101
2022-08-08,SKU0090,283,0,21.0,101
2022-08-15,SKU0090,258,0,21.0,101
2022-08-22,SKU0090,235,0,21.0,101
2022-08-29,SKU0090,222,0,21.0,101
2022-09-05,SKU0090,201,0,21.0,101
2022-09-12,SKU0090,165,0,21.0,101
2022-09-19,SKU0090,147,0,21.0,101
2022-09-26,SKU0090,127,0,21.0,101
2022-10-03,SKU0090,108,0,21.0,101
2022-10-10,SKU0090,86,353,21.0,101
2022-10-17,SKU0090,59,237,21.0,101
2022-10-24,SKU0090,25,315,21.0,101
2022-10-31,SKU0090,0,359,21.0,101
2022-11-07,SKU0090,225,231,21.0,101
2022-11-14,SKU0090,186,0,21.0,101
2022-11-21,SKU0090,168,0,21.0,101
2022-11-28,SKU0090,137,0,21.0,101
2022-12-05,SKU0090,111,0,21.0,101
2022-12-12,SKU0090,75,191,21.0,101
2022-12-19,SKU0090,49,344,21.0,101
2022-12-26,SKU0090,163,291,21.0,101
2023-01-02,SKU0090,139,0,21.0,101
2023-01-09,SKU0090,105,0,21.0,101
2023-01-16,SKU0090,70,316,21.0,101
2023-01-23,SKU0090,304,307,21.0,101
2023-01-30,SKU0090,270,0,21.0,101
2023-02-06,SKU0090,230,0,21.0,101
2023-02-13,SKU0090,203,0,21.0,101
2023-02-20,SKU0090,181,0,21.0,101
2023-02-27,SKU0090,143,0,21.0,101
2023-03-06,SKU0090,119,0,21.0,101
2023-03-13,SKU0090,90,190,21.0,101
2023-03-20,SKU0090,63,303,21.0,101
2023-03-27,SKU0090,44,356,21.0,101
2023-04-03,SKU0090,210,187,21.0,101
2023-04-10,SKU0090,182,0,21.0,101
2023-04-17,SKU0090,157,0,21.0,101
2023-04-24,SKU0090,141,0,21.0,101
2023-05-01,SKU0090,117,0,21.0,101
2023-05-08,SKU0090,338,274,21.0,101
2023-05-15,SKU0090,308,0,21.0,101
2023-05-22,SKU0090,286,0,21.0,101
2023-05-29,SKU0090,272,0,21.0,101
2023-06-05,SKU0090,255,0,21.0,101
2023-06-12,SKU0090,237,0,21.0,101
2023-06-19,SKU0090,211,0,21.0,101
2023-06-26,SKU0090,187,0,21.0,101
2023-07-03,SKU0090,172,0,21.0,101
2023-07-10,SKU0090,147,0,21.0,101
2023-07-17,SKU0090,128,0,21.0,101
2023-07-24,SKU0090,111,0,21.0,101
2023-07-31,SKU0090,277,357,21.0,101
2023-08-07,SKU0090,252,0,21.0,101
2023-08-14,SKU0090,233,0,21.0,101
2023-08-21,SKU0090,208,0,21.0,101
2023-08-28,SKU0090,192,0,21.0,101
2023-09-04,SKU0090,154,0,21.0,101
2023-09-11,SKU0090,125,0,21.0,101
2023-09-18,SKU0090,105,0,21.0,101
2023-09-25,SKU0090,317,294,21.0,101
2023-10-02,SKU0090,297,0,21.0,101
2023-10-09,SKU0090,264,0,21.0,101
2023-10-16,SKU0090,231,0,21.0,101
2023-10-23,SKU0090,199,0,21.0,101
2023-10-30,SKU0090,169,0,21.0,101
2023-11-06,SKU0090,142,0,21.0,101
2023-11-13,SKU0090,112,0,21.0,101
2023-11-20,SKU0090,235,355,21.0,101
2023-11-27,SKU0090,210,0,21.0,101
2023-12-04,SKU0090,179,0,21.0,101
2023-12-11,SKU0090,151,0,21.0,101
2023-12-18,SKU0090,128,0,21.0,101
2023-12-25,SKU0090,95,270,21.0,101
2022-01-03,SKU0091,130,118,10.0,29
2022-01-10,SKU0091,114,0,10.0,29
2022-01-17,SKU0091,101,0,10.0,29
2022-01-24,SKU0091,85,0,10.0,29
2022-01-31,SKU0091,60,0,10.0,29
2022-02-07,SKU0091,46,0,10.0,29
2022-02-14,SKU0091,26,138,10.0,29
2022-02-21,SKU0091,161,214,10.0,29
2022-02-28,SKU0091,150,0,10.0,29
2022-03-07,SKU0091,136,0,10.0,29
2022-03-14,SKU0091,127,0,10.0,29
2022-03-21,SKU0091,113,0,10.0,29
2022-03-28,SKU0091,98,0,10.0,29
2022-04-04,SKU0091,85,0,10.0,29
2022-04-11,SKU0091,73,0,10.0,29
2022-04-18,SKU0091,61,0,10.0,29
2022-04-25,SKU0091,49,0,10.0,29
2022-05-02,SKU0091,39,0,10.0,29
2022-05-09,SKU0091,24,197,10.0,29
2022-05-16,SKU0091,7,148,10.0,29
2022-05-23,SKU0091,140,179,10.0,29
2022-05-30,SKU0091,131,0,10.0,29
2022-06-06,SKU0091,119,0,10.0,29
2022-06-13,SKU0091,109,0,10.0,29
2022-06-20,SKU0091,102,0,10.0,29
2022-06-27,SKU0091,88,0,10.0,29
2022-07-04,SKU0091,75,0,10.0,29
2022-07-11,SKU0091,68,0,10.0,29
2022-07-18,SKU0091,56,0,10.0,29
2022-07-25,SKU0091,48,0,10.0,29
2022-08-01,SKU0091,35,0,10.0,29
2022-08-08,SKU0091,22,147,10.0,29
2022-08-15,SKU0091,9,155,10.0,29
2022-08-22,SKU0091,0,153,10.0,29
2022-08-29,SKU0091,0,179,10.0,29
2022-09-05,SKU0091,0,172,10.0,29
2022-09-12,SKU0091,137,150,10.0,29
2022-09-19,SKU0091,123,0,10.0,29
2022-09-26,SKU0091,107,0,10.0,29
2022-10-03,SKU0091,86,0,10.0,29
2022-10-10,SKU0091,64,0,10.0,29
2022-10-17,SKU0091,50,0,10.0,29
2022-10-24,SKU0091,156,149,10.0,29
2022-10-31,SKU0091,144,0,10.0,29
2022-11-07,SKU0091,128,0,10.0,29
2022-11-14,SKU0091,108,0,10.0,29
2022-11-21,SKU0091,97,0,10.0,29
2022-11-28,SKU0091,85,0,10.0,29
2022-12-05,SKU0091,65,0,10.0,29
2022-12-12,SKU0091,51,0,10.0,29
2022-12-19,SKU0091,39,0,10.0,29
2022-12-26,SKU0091,18,114,10.0,29
2023-01-02,SKU0091,2,114,10.0,29
2023-01-09,SKU0091,119,139,10.0,29
2023-01-16,SKU0091,103,0,10.0,29
2023-01-23,SKU0091,79,0,10.0,29
2023-01-30,SKU0091,64,0,10.0,29
2023-02-06,SKU0091,43,0,10.0,29
2023-02-13,SKU0091,18,187,10.0,29
2023-02-20,SKU0091,154,151,10.0,29
2023-02-27,SKU0091,143,0,10.0,29
2023-03-06,SKU0091,135,0,10.0,29
2023-03-13,SKU0091,119,0,10.0,29
2023-03-20,SKU0091,109,0,10.0,29
2023-03-27,SKU0091,95,0,10.0,29
2023-04-03,SKU0091,78,0,10.0,29
2023-04-10,SKU0091,69,0,10.0,29
2023-04-17,SKU0091,55,0,10.0,29
2023-04-24,SKU0091,37,0,10.0,29
2023-05-01,SKU0091,20,161,10.0,29
2023-05-08,SKU0091,117,216,10.0,29
2023-05-15,SKU0091,105,0,10.0,29
2023-05-22,SKU0091,88,0,10.0,29
2023-05-29,SKU0091,77,0,10.0,29
2023-06-05,SKU0091,61,0,10.0,29
2023-06-12,SKU0091,52,0,10.0,29
2023-06-19,SKU0091,44,0,10.0,29
2023-06-26,SKU0091,32,0,10.0,29
2023-07-03,SKU0091,25,141,10.0,29
2023-07-10,SKU0091,17,156,10.0,29
2023-07-17,SKU0091,8,208,10.0,29
2023-07-24,SKU0091,0,178,10.0,29
2023-07-31,SKU0091,149,164,10.0,29
2023-08-07,SKU0091,136,0,10.0,29
2023-08-14,SKU0091,121,0,10.0,29
2023-08-21,SKU0091,113,0,10.0,29
2023-08-28,SKU0091,99,0,10.0,29
2023-09-04,SKU0091,81,0,10.0,29
2023-09-11,SKU0091,62,0,10.0,29
2023-09-18,SKU0091,42,0,10.0,29
2023-09-25,SKU0091,179,152,10.0,29
2023-10-02,SKU0091,158,0,10.0,29
2023-10-09,SKU0091,147,0,10.0,29
2023-10-16,SKU0091,126,0,10.0,29
2023-10-23,SKU0091,106,0,10.0,29
2023-10-30,SKU0091,92,0,10.0,29
2023-11-06,SKU0091,70,0,10.0,29
2023-11-13,SKU0091,53,0,10.0,29
2023-11-20,SKU0091,37,0,,29
2023-11-27,SKU0091,160,133,,29
2023-12-04,SKU0091,146,0,,29
2023-12-11,SKU0091,125,0,10.0,29
2023-12-18,SKU0091,101,0,10.0,29
2023-12-25,SKU0091,79,0,10.0,29
2022-01-03,SKU0092,301,0,14.0,116
2022-01-10,SKU0092,228,0,14.0,116
2022-01-17,SKU0092,166,0,14.0,116
2022-01-24,SKU0092,117,0,14.0,116
2022-01-31,SKU0092,404,524,14.0,116
2022-02-07,SKU0092,362,0,14.0,116
2022-02-14,SKU0092,305,0,14.0,116
2022-02-21,SKU0092,231,0,14.0,116
2022-02-28,SKU0092,195,0,14.0,116
2022-03-07,SKU0092,144,0,14.0,116
2022-03-14,SKU0092,92,522,14.0,116
2022-03-21,SKU0092,361,598,14.0,116
2022-03-28,SKU0092,309,0,14.0,116
2022-04-04,SKU0092,279,0,14.0,116
2022-04-11,SKU0092,228,0,14.0,116
2022-04-18,SKU0092,197,0,14.0,116
2022-04-25,SKU0092,169,0,14.0,116
2022-05-02,SKU0092,135,0,14.0,116
2022-05-09,SKU0092,110,564,14.0,116
2022-05-16,SKU0092,59,352,14.0,116
2022-05-23,SKU0092,28,482,14.0,116
2022-05-30,SKU0092,0,540,14.0,116
2022-06-06,SKU0092,396,570,14.0,116
2022-06-13,SKU0092,369,0,14.0,116
2022-06-20,SKU0092,328,0,14.0,116
2022-06-27,SKU0092,292,0,14.0,116
2022-07-04,SKU0092,262,0,14.0,116
2022-07-11,SKU0092,235,0,14.0,116
2022-07-18,SKU0092,191,0,14.0,116
2022-07-25,SKU0092,164,0,14.0,116
2022-08-01,SKU0092,143,0,14.0,116
2022-08-08,SKU0092,121,0,14.0,116
2022-08-15,SKU0092,473,508,14.0,116
2022-08-22,SKU0092,429,0,14.0,116
2022-08-29,SKU0092,403,0,14.0,116
2022-09-05,SKU0092,366,0,14.0,116
2022-09-12,SKU0092,330,0,14.0,116
2022-09-19,SKU0092,286,0,14.0,116
2022-09-26,SKU0092,238,0,14.0,116
2022-10-03,SKU0092,184,0,14.0,116
2022-10-10,SKU0092,125,0,14.0,116
2022-10-17,SKU0092,92,490,14.0,116
2022-10-24,SKU0092,60,591,14.0,116
2022-10-31,SKU0092,375,522,14.0,116
2022-11-07,SKU0092,313,0,14.0,116
2022-11-14,SKU0092,259,0,14.0,116
2022-11-21,SKU0092,220,0,14.0,116
2022-11-28,SKU0092,191,0,14.0,116
2022-12-05,SKU0092,125,0,14.0,116
2022-12-12,SKU0092,86,336,14.0,116
2022-12-19,SKU0092,18,516,14.0,116
2022-12-26,SKU0092,0,335,14.0,116
2023-01-02,SKU0092,443,413,14.0,116
2023-01-09,SKU0092,388,0,14.0,116
2023-01-16,SKU0092,323,0,14.0,116
2023-01-23,SKU0092,267,0,14.0,116
2023-01-30,SKU0092,226,0,14.0,116
2023-02-06,SKU0092,183,0,14.0,116
2023-02-13,SKU0092,134,0,14.0,116
2023-02-20,SKU0092,88,501,14.0,116
2023-02-27,SKU0092,28,480,14.0,116
2023-03-06,SKU0092,249,587,14.0,116
2023-03-13,SKU0092,197,0,14.0,116
2023-03-20,SKU0092,151,0,14.0,116
2023-03-27,SKU0092,110,339,14.0,116
2023-04-03,SKU0092,426,515,14.0,116
2023-04-10,SKU0092,382,0,14.0,116
2023-04-17,SKU0092,335,0,14.0,116
2023-04-24,SKU0092,310,0,14.0,116
2023-05-01,SKU0092,265,0,14.0,116
2023-05-08,SKU0092,214,0,14.0,116
2023-05-15,SKU0092,188,0,14.0,116
2023-05-22,SKU0092,156,0,14.0,116
2023-05-29,SKU0092,125,0,14.0,116
2023-06-05,SKU0092,544,614,14.0,116
2023-06-12,SKU0092,523,0,14.0,116
2023-06-19,SKU0092,493,0,14.0,116
2023-06-26,SKU0092,468,0,14.0,116
2023-07-03,SKU0092,438,0,14.0,116
2023-07-10,SKU0092,407,0,14.0,116
2023-07-17,SKU0092,376,0,14.0,116
2023-07-24,SKU0092,353,0,14.0,116
2023-07-31,SKU0092,323,0,14.0,116
2023-08-07,SKU0092,281,0,14.0,116
2023-08-14,SKU0092,257,0,14.0,116
2023-08-21,SKU0092,234,0,14.0,116
2023-08-28,SKU0092,190,0,14.0,116
2023-09-04,SKU0092,153,0,14.0,116
2023-09-11,SKU0092,105,491,14.0,116
2023-09-18,SKU0092,50,320,14.0,116
2023-09-25,SKU0092,424,408,14.0,116
2023-10-02,SKU0092,387,0,14.0,116
2023-10-09,SKU0092,336,0,14.0,116
2023-10-16,SKU0092,294,0,14.0,116
2023-10-23,SKU0092,241,0,14.0,116
2023-10-30,SKU0092,176,0,14.0,116
2023-11-06,SKU0092,127,0,14.0,116
2023-11-13,SKU0092,96,401,14.0,116
2023-11-20,SKU0092,48,574,14.0,116
2023-11-27,SKU0092,18,502,14.0,116
2023-12-04,SKU0092,0,602,14.0,116
2023-12-11,SKU0092,0,576,14.0,116
2023-12-18,SKU0092,0,462,,116
2023-12-25,SKU0092,0,453,14.0,116
2022-01-03,SKU0093,13,44,21.0,23
2022-01-10,SKU0093,6,77,21.0,23
2022-01-17,SKU0093,33,62,21.0,23
2022-01-24,SKU0093,25,0,21.0,23
2022-01-31,SKU0093,65,79,21.0,23
2022-02-07,SKU0093,60,0,21.0,23
2022-02-14,SKU0093,55,0,21.0,23
2022-02-21,SKU0093,50,0,21.0,23
2022-02-28,SKU0093,43,0,21.0,23
2022-03-07,SKU0093,36,0,21.0,23
2022-03-14,SKU0093,30,0,21.0,23
2022-03-21,SKU0093,27,0,21.0,23
2022-03-28,SKU0093,22,77,21.0,23
2022-04-04,SKU0093,68,76,21.0,23
2022-04-11,SKU0093,62,0,21.0,23
2022-04-18,SKU0093,57,0,21.0,23
2022-04-25,SKU0093,54,0,21.0,23
2022-05-02,SKU0093,48,0,21.0,23
2022-05-09,SKU0093,42,0,21.0,23
2022-05-16,SKU0093,36,0,21.0,23
2022-05-23,SKU0093,31,0,21.0,23
2022-05-30,SKU0093,27,0,21.0,23
2022-06-06,SKU0093,24,0,21.0,23
2022-06-13,SKU0093,77,57,21.0,23
2022-06-20,SKU0093,71,0,21.0,23
2022-06-27,SKU0093,67,0,21.0,23
2022-07-04,SKU0093,62,0,21.0,23
2022-07-11,SKU0093,60,0,21.0,23
2022-07-18,SKU0093,55,0,21.0,23
2022-07-25,SKU0093,52,0,21.0,23
2022-08-01,SKU0093,49,0,21.0,23
2022-08-08,SKU0093,44,0,21.0,23
2022-08-15,SKU0093,41,0,21.0,23
2022-08-22,SKU0093,37,0,21.0,23
2022-08-29,SKU0093,32,0,21.0,23
2022-09-05,SKU0093,25,0,21.0,23
2022-09-12,SKU0093,19,60,21.0,23
2022-09-19,SKU0093,15,47,21.0,23
2022-09-26,SKU0093,49,55,21.0,23
2022-10-03,SKU0093,44,0,21.0,23
2022-10-10,SKU0093,41,0,21.0,23
2022-10-17,SKU0093,37,0,21.0,23
2022-10-24,SKU0093,32,0,21.0,23
2022-10-31,SKU0093,25,0,21.0,23
2022-11-07,SKU0093,63,52,21.0,23
2022-11-14,SKU0093,58,0,21.0,23
2022-11-21,SKU0093,53,0,21.0,23
2022-11-28,SKU0093,45,0,21.0,23
2022-12-05,SKU0093,41,0,21.0,23
2022-12-12,SKU0093,32,0,21.0,23
2022-12-19,SKU0093,23,56,21.0,23
2022-12-26,SKU0093,15,81,21.0,23
2023-01-02,SKU0093,59,56,21.0,23
2023-01-09,SKU0093,53,0,21.0,23
2023-01-16,SKU0093,46,0,21.0,23
2023-01-23,SKU0093,42,0,21.0,23
2023-01-30,SKU0093,33,0,21.0,23
2023-02-06,SKU0093,25,0,21.0,23
2023-02-13,SKU0093,19,62,21.0,23
2023-02-20,SKU0093,15,75,21.0,23
2023-02-27,SKU0093,58,49,21.0,23
2023-03-06,SKU0093,55,0,21.0,23
2023-03-13,SKU0093,52,0,21.0,23
2023-03-20,SKU0093,46,0,21.0,23
2023-03-27,SKU0093,42,0,21.0,23
2023-04-03,SKU0093,37,0,21.0,23
2023-04-10,SKU0093,32,0,21.0,23
2023-04-17,SKU0093,27,0,21.0,23
2023-04-24,SKU0093,66,79,21.0,23
2023-05-01,SKU0093,61,0,21.0,23
2023-05-08,SKU0093,55,0,21.0,23
2023-05-15,SKU0093,49,0,21.0,23
2023-05-22,SKU0093,46,0,21.0,23
2023-05-29,SKU0093,40,0,21.0,23
2023-06-05,SKU0093,35,0,21.0,23
2023-06-12,SKU0093,31,0,21.0,23
2023-06-19,SKU0093,27,0,21.0,23
2023-06-26,SKU0093,21,81,21.0,23
2023-07-03,SKU0093,17,52,21.0,23
2023-07-10,SKU0093,53,71,21.0,23
2023-07-17,SKU0093,50,0,21.0,23
2023-07-24,SKU0093,46,0,21.0,23
2023-07-31,SKU0093,43,0,21.0,23
2023-08-07,SKU0093,39,0,21.0,23
2023-08-14,SKU0093,35,0,21.0,23
2023-08-21,SKU0093,30,0,21.0,23
2023-08-28,SKU0093,27,0,21.0,23
2023-09-04,SKU0093,69,56,21.0,23
2023-09-11,SKU0093,64,0,21.0,23
2023-09-18,SKU0093,57,0,21.0,23
2023-09-25,SKU0093,49,0,21.0,23
2023-10-02,SKU0093,41,0,21.0,23
2023-10-09,SKU0093,34,0,21.0,23
2023-10-16,SKU0093,27,0,21.0,23
2023-10-23,SKU0093,20,57,21.0,23
2023-10-30,SKU0093,62,68,21.0,23
2023-11-06,SKU0093,57,0,21.0,23
2023-11-13,SKU0093,50,0,21.0,23
2023-11-20,SKU0093,43,0,21.0,23
2023-11-27,SKU0093,35,0,21.0,23
2023-12-04,SKU0093,31,0,21.0,23
2023-12-11,SKU0093,22,51,21.0,23
2023-12-18,SKU0093,13,83,21.0,23
2023-12-25,SKU0093,8,78,21.0,23
2022-01-03,SKU0094,85,0,10.0,17
2022-01-10,SKU0094,79,0,10.0,17
2022-01-17,SKU0094,70,0,10.0,17
2022-01-24,SKU0094,57,0,10.0,17
2022-01-31,SKU0094,45,0,10.0,17
2022-02-07,SKU0094,33,0,10.0,17
2022-02-14,SKU0094,21,0,10.0,17
2022-02-21,SKU0094,15,80,10.0,17
2022-02-28,SKU0094,5,129,10.0,17
2022-03-07,SKU0094,0,130,10.0,17
2022-03-14,SKU0094,74,103,10.0,17
2022-03-21,SKU0094,64,0,10.0,17
2022-03-28,SKU0094,53,0,10.0,17
2022-04-04,SKU0094,43,0,10.0,17
2022-04-11,SKU0094,34,0,10.0,17
2022-04-18,SKU0094,28,0,10.0,17
2022-04-25,SKU0094,23,0,10.0,17
2022-05-02,SKU0094,18,0,10.0,17
2022-05-09,SKU0094,12,119,10.0,17
2022-05-16,SKU0094,7,128,10.0,17
2022-05-23,SKU0094,68,85,10.0,17
2022-05-30,SKU0094,62,0,10.0,17
2022-06-06,SKU0094,57,0,10.0,17
2022-06-13,SKU0094,53,0,10.0,17
2022-06-20,SKU0094,49,0,10.0,17
2022-06-27,SKU0094,44,0,10.0,17
2022-07-04,SKU0094,38,0,10.0,17
2022-07-11,SKU0094,32,0,10.0,17
2022-07-18,SKU0094,24,0,10.0,17
2022-07-25,SKU0094,20,0,10.0,17
2022-08-01,SKU0094,14,103,10.0,17
2022-08-08,SKU0094,72,102,10.0,17
2022-08-15,SKU0094,66,0,10.0,17
2022-08-22,SKU0094,61,0,10.0,17
2022-08-29,SKU0094,53,0,10.0,17
2022-09-05,SKU0094,41,0,10.0,17
2022-09-12,SKU0094,29,0,10.0,17
2022-09-19,SKU0094,22,0,10.0,17
2022-09-26,SKU0094,11,71,10.0,17
2022-10-03,SKU0094,4,83,10.0,17
2022-10-10,SKU0094,97,94,10.0,17
2022-10-17,SKU0094,91,0,10.0,17
2022-10-24,SKU0094,82,0,10.0,17
2022-10-31,SKU0094,69,0,10.0,17
2022-11-07,SKU0094,62,0,10.0,17
2022-11-14,SKU0094,51,0,10.0,17
2022-11-21,SKU0094,38,0,,17
2022-11-28,SKU0094,27,0,10.0,17
2022-12-05,SKU0094,19,0,10.0,17
2022-12-12,SKU0094,8,127,10.0,17
2022-12-19,SKU0094,0,122,10.0,17
2022-12-26,SKU0094,0,101,10.0,17
2023-01-02,SKU0094,0,103,10.0,17
2023-01-09,SKU0094,0,105,10.0,17
2023-01-16,SKU0094,78,114,10.0,17
2023-01-23,SKU0094,71,0,10.0,17
2023-01-30,SKU0094,57,0,10.0,17
2023-02-06,SKU0094,47,0,10.0,17
2023-02-13,SKU0094,35,0,10.0,17
2023-02-20,SKU0094,19,0,10.0,17
2023-02-27,SKU0094,12,80,10.0,17
2023-03-06,SKU0094,78,72,10.0,17
2023-03-13,SKU0094,70,0,10.0,17
2023-03-20,SKU0094,65,0,10.0,17
2023-03-27,SKU0094,56,0,10.0,17
2023-04-03,SKU0094,49,0,10.0,17
2023-04-10,SKU0094,38,0,10.0,17
2023-04-17,SKU0094,32,0,10.0,17
2023-04-24,SKU0094,27,0,10.0,17
2023-05-01,SKU0094,20,0,10.0,17
2023-05-08,SKU0094,14,80,10.0,17
2023-05-15,SKU0094,107,68,10.0,17
2023-05-22,SKU0094,102,0,10.0,17
2023-05-29,SKU0094,92,0,10.0,17
2023-06-05,SKU0094,88,0,10.0,17
2023-06-12,SKU0094,80,0,10.0,17
2023-06-19,SKU0094,71,0,10.0,17
2023-06-26,SKU0094,63,0,10.0,17
2023-07-03,SKU0094,57,0,10.0,17
2023-07-10,SKU0094,49,0,10.0,17
2023-07-17,SKU0094,42,0,10.0,17
2023-07-24,SKU0094,34,0,10.0,17
2023-07-31,SKU0094,30,0,10.0,17
2023-08-07,SKU0094,26,0,10.0,17
2023-08-14,SKU0094,21,0,10.0,17
2023-08-21,SKU0094,17,114,10.0,17
2023-08-28,SKU0094,94,103,10.0,17
2023-09-04,SKU0094,81,0,10.0,17
2023-09-11,SKU0094,74,0,10.0,17
2023-09-18,SKU0094,63,0,10.0,17
2023-09-25,SKU0094,50,0,10.0,17
2023-10-02,SKU0094,40,0,10.0,17
2023-10-09,SKU0094,31,0,10.0,17
2023-10-16,SKU0094,18,0,10.0,17
2023-10-23,SKU0094,4,126,10.0,17
2023-10-30,SKU0094,52,93,10.0,17
2023-11-06,SKU0094,42,0,10.0,17
2023-11-13,SKU0094,32,0,10.0,17
2023-11-20,SKU0094,23,0,10.0,17
2023-11-27,SKU0094,75,74,10.0,17
2023-12-04,SKU0094,66,0,10.0,17
2023-12-11,SKU0094,55,0,10.0,17
2023-12-18,SKU0094,42,0,10.0,17
2023-12-25,SKU0094,30,0,10.0,17
2022-01-03,SKU0095,87,0,,34
2022-01-10,SKU0095,73,0,21.0,34
2022-01-17,SKU0095,62,0,21.0,34
2022-01-24,SKU0095,54,0,21.0,34
2022-01-31,SKU0095,42,0,21.0,34
2022-02-07,SKU0095,36,0,21.0,34
2022-02-14,SKU0095,27,102,21.0,34
2022-02-21,SKU0095,15,78,21.0,34
2022-02-28,SKU0095,6,90,21.0,34
2022-03-07,SKU0095,0,116,21.0,34
2022-03-14,SKU0095,0,80,21.0,34
2022-03-21,SKU0095,0,113,21.0,34
2022-03-28,SKU0095,0,98,21.0,34
2022-04-04,SKU0095,83,109,21.0,34
2022-04-11,SKU0095,76,0,21.0,34
2022-04-18,SKU0095,71,0,21.0,34
2022-04-25,SKU0095,61,0,21.0,34
2022-05-02,SKU0095,51,0,21.0,34
2022-05-09,SKU0095,44,0,21.0,34
2022-05-16,SKU0095,38,0,21.0,34
2022-05-23,SKU0095,32,100,21.0,34
2022-05-30,SKU0095,22,65,21.0,34
2022-06-06,SKU0095,103,63,21.0,34
2022-06-13,SKU0095,98,0,21.0,34
2022-06-20,SKU0095,93,0,21.0,34
2022-06-27,SKU0095,86,0,21.0,34
2022-07-04,SKU0095,81,0,21.0,34
2022-07-11,SKU0095,74,0,21.0,34
2022-07-18,SKU0095,71,0,21.0,34
2022-07-25,SKU0095,63,0,21.0,34
2022-08-01,SKU0095,57,0,21.0,34
2022-08-08,SKU0095,51,0,21.0,34
2022-08-15,SKU0095,43,0,21.0,34
2022-08-22,SKU0095,39,0,21.0,34
2022-08-29,SKU0095,98,94,21.0,34
2022-09-05,SKU0095,87,0,21.0,34
2022-09-12,SKU0095,78,0,21.0,34
2022-09-19,SKU0095,72,0,21.0,34
2022-09-26,SKU0095,66,0,21.0,34
2022-10-03,SKU0095,54,0,21.0,34
2022-10-10,SKU0095,48,0,21.0,34
2022-10-17,SKU0095,40,0,21.0,34
2022-10-24,SKU0095,32,82,,34
2022-10-31,SKU0095,26,67,21.0,34
2022-11-07,SKU0095,59,121,21.0,34
2022-11-14,SKU0095,51,0,21.0,34
2022-11-21,SKU0095,40,0,21.0,34
2022-11-28,SKU0095,96,64,21.0,34
2022-12-05,SKU0095,82,0,21.0,34
2022-12-12,SKU0095,70,0,21.0,34
2022-12-19,SKU0095,63,0,21.0,34
2022-12-26,SKU0095,53,0,21.0,34
2023-01-02,SKU0095,45,0,21.0,34
2023-01-09,SKU0095,32,86,21.0,34
2023-01-16,SKU0095,26,82,21.0,34
2023-01-23,SKU0095,80,70,21.0,34
2023-01-30,SKU0095,66,0,21.0,34
2023-02-06,SKU0095,58,0,21.0,34
2023-02-13,SKU0095,50,0,21.0,34
2023-02-20,SKU0095,43,0,21.0,34
2023-02-27,SKU0095,31,72,21.0,34
2023-03-06,SKU0095,24,81,21.0,34
2023-03-13,SKU0095,15,79,21.0,34
2023-03-20,SKU0095,10,109,21.0,34
2023-03-27,SKU0095,82,105,21.0,34
2023-04-03,SKU0095,73,0,21.0,34
2023-04-10,SKU0095,65,0,21.0,34
2023-04-17,SKU0095,59,0,21.0,34
2023-04-24,SKU0095,49,0,21.0,34
2023-05-01,SKU0095,44,0,21.0,34
2023-05-08,SKU0095,38,0,21.0,34
2023-05-15,SKU0095,33,118,21.0,34
2023-05-22,SKU0095,24,98,21.0,34
2023-05-29,SKU0095,83,79,21.0,34
2023-06-05,SKU0095,75,0,21.0,34
2023-06-12,SKU0095,71,0,21.0,34
2023-06-19,SKU0095,65,0,21.0,34
2023-06-26,SKU0095,61,0,21.0,34
2023-07-03,SKU0095,54,0,21.0,34
2023-07-10,SKU0095,47,0,21.0,34
2023-07-17,SKU0095,43,0,21.0,34
2023-07-24,SKU0095,35,0,21.0,34
2023-07-31,SKU0095,31,64,21.0,34
2023-08-07,SKU0095,24,82,21.0,34
2023-08-14,SKU0095,18,118,21.0,34
2023-08-21,SKU0095,14,102,,34
2023-08-28,SKU0095,6,83,21.0,34
2023-09-04,SKU0095,45,86,21.0,34
2023-09-11,SKU0095,37,0,21.0,34
2023-09-18,SKU0095,93,118,21.0,34
2023-09-25,SKU0095,82,0,21.0,34
2023-10-02,SKU0095,76,0,21.0,34
2023-10-09,SKU0095,68,0,21.0,34
2023-10-16,SKU0095,59,0,21.0,34
2023-10-23,SKU0095,46,0,21.0,34
2023-10-30,SKU0095,38,0,21.0,34
2023-11-06,SKU0095,88,72,21.0,34
2023-11-13,SKU0095,78,0,21.0,34
2023-11-20,SKU0095,65,0,21.0,34
2023-11-27,SKU0095,59,0,21.0,34
2023-12-04,SKU0095,48,0,21.0,34
2023-12-11,SKU0095,37,0,21.0,34
2023-12-18,SKU0095,28,118,21.0,34
2023-12-25,SKU0095,15,86,21.0,34
2022-01-03,SKU0096,14,0,7.0,3
2022-01-10,SKU0096,10,0,7.0,3
2022-01-17,SKU0096,9,0,7.0,3
2022-01-24,SKU0096,8,0,7.0,3
2022-01-31,SKU0096,5,0,7.0,3
2022-02-07,SKU0096,2,28,7.0,3
2022-02-14,SKU0096,1,26,7.0,3
2022-02-21,SKU0096,0,17,7.0,3
2022-02-28,SKU0096,0,33,7.0,3
2022-03-07,SKU0096,21,29,7.0,3
2022-03-14,SKU0096,20,0,7.0,3
2022-03-21,SKU0096,18,0,7.0,3
2022-03-28,SKU0096,16,0,7.0,3
2022-04-04,SKU0096,14,0,7.0,3
2022-04-11,SKU0096,12,0,7.0,3
2022-04-18,SKU0096,11,0,7.0,3
2022-04-25,SKU0096,10,0,7.0,3
2022-05-02,SKU0096,8,0,7.0,3
2022-05-09,SKU0096,7,0,7.0,3
2022-05-16,SKU0096,6,0,7.0,3
2022-05-23,SKU0096,4,0,7.0,3
2022-05-30,SKU0096,2,21,7.0,3
2022-06-06,SKU0096,1,25,7.0,3
2022-06-13,SKU0096,21,26,7.0,3
2022-06-20,SKU0096,20,0,7.0,3
2022-06-27,SKU0096,19,0,7.0,3
2022-07-04,SKU0096,18,0,7.0,3
2022-07-11,SKU0096,16,0,7.0,3
2022-07-18,SKU0096,15,0,7.0,3
2022-07-25,SKU0096,14,0,7.0,3
2022-08-01,SKU0096,12,0,7.0,3
2022-08-08,SKU0096,10,0,7.0,3
2022-08-15,SKU0096,9,0,7.0,3
2022-08-22,SKU0096,8,0,7.0,3
2022-08-29,SKU0096,7,0,7.0,3
2022-09-05,SKU0096,5,0,7.0,3
2022-09-12,SKU0096,4,0,7.0,3
2022-09-19,SKU0096,1,23,7.0,3
2022-09-26,SKU0096,0,17,7.0,3
2022-10-03,SKU0096,15,27,7.0,3
2022-10-10,SKU0096,12,0,7.0,3
2022-10-17,SKU0096,9,0,7.0,3
2022-10-24,SKU0096,8,0,7.0,3
2022-10-31,SKU0096,6,0,7.0,3
2022-11-07,SKU0096,4,0,7.0,3
2022-11-14,SKU0096,3,27,7.0,3
2022-11-21,SKU0096,1,26,7.0,3
2022-11-28,SKU0096,23,19,7.0,3
2022-12-05,SKU0096,21,0,7.0,3
2022-12-12,SKU0096,19,0,7.0,3
2022-12-19,SKU0096,16,0,7.0,3
2022-12-26,SKU0096,13,0,7.0,3
2023-01-02,SKU0096,11,0,7.0,3
2023-01-09,SKU0096,7,0,7.0,3
2023-01-16,SKU0096,4,0,7.0,3
2023-01-23,SKU0096,1,19,7.0,3
2023-01-30,SKU0096,0,29,7.0,3
2023-02-06,SKU0096,0,30,7.0,3
2023-02-13,SKU0096,18,18,7.0,3
2023-02-20,SKU0096,17,0,7.0,3
2023-02-27,SKU0096,14,0,7.0,3
2023-03-06,SKU0096,13,0,7.0,3
2023-03-13,SKU0096,11,0,7.0,3
2023-03-20,SKU0096,9,0,7.0,3
2023-03-27,SKU0096,7,0,7.0,3
2023-04-03,SKU0096,6,0,7.0,3
2023-04-10,SKU0096,5,0,7.0,3
2023-04-17,SKU0096,3,27,7.0,3
2023-04-24,SKU0096,2,24,7.0,3
2023-05-01,SKU0096,0,22,7.0,3
2023-05-08,SKU0096,0,32,7.0,3
2023-05-15,SKU0096,0,26,7.0,3
2023-05-22,SKU0096,0,18,7.0,3
2023-05-29,SKU0096,0,24,7.0,3
2023-06-05,SKU0096,0,19,7.0,3
2023-06-12,SKU0096,0,19,,3
2023-06-19,SKU0096,0,29,7.0,3
2023-06-26,SKU0096,0,29,7.0,3
2023-07-03,SKU0096,19,19,7.0,3
2023-07-10,SKU0096,17,0,7.0,3
2023-07-17,SKU0096,16,0,7.0,3
2023-07-24,SKU0096,14,0,7.0,3
2023-07-31,SKU0096,13,0,7.0,3
2023-08-07,SKU0096,12,0,7.0,3
2023-08-14,SKU0096,10,0,7.0,3
2023-08-21,SKU0096,8,0,7.0,3
2023-08-28,SKU0096,7,0,7.0,3
2023-09-04,SKU0096,5,0,7.0,3
2023-09-11,SKU0096,26,32,7.0,3
2023-09-18,SKU0096,24,0,7.0,3
2023-09-25,SKU0096,21,0,7.0,3
2023-10-02,SKU0096,19,0,7.0,3
2023-10-09,SKU0096,17,0,7.0,3
2023-10-16,SKU0096,15,0,7.0,3
2023-10-23,SKU0096,12,0,7.0,3
2023-10-30,SKU0096,10,0,7.0,3
2023-11-06,SKU0096,9,0,7.0,3
2023-11-13,SKU0096,6,0,7.0,3
2023-11-20,SKU0096,4,0,7.0,3
2023-11-27,SKU0096,18,33,7.0,3
2023-12-04,SKU0096,16,0,7.0,3
2023-12-11,SKU0096,14,0,7.0,3
2023-12-18,SKU0096,12,0,7.0,3
2023-12-25,SKU0096,11,0,7.0,3
2022-01-03,SKU0097,134,0,14.0,52
2022-01-10,SKU0097,106,0,14.0,52
2022-01-17,SKU0097,82,0,14.0,52
2022-01-24,SKU0097,54,0,14.0,52
2022-01-31,SKU0097,196,152,,52
2022-02-07,SKU0097,174,0,14.0,52
2022-02-14,SKU0097,159,0,14.0,52
2022-02-21,SKU0097,128,0,14.0,52
2022-02-28,SKU0097,95,0,14.0,52
2022-03-07,SKU0097,80,0,14.0,52
2022-03-14,SKU0097,58,0,14.0,52
2022-03-21,SKU0097,155,252,14.0,52
2022-03-28,SKU0097,144,0,14.0,52
2022-04-04,SKU0097,121,0,14.0,52
2022-04-11,SKU0097,106,0,14.0,52
2022-04-18,SKU0097,94,0,14.0,52
2022-04-25,SKU0097,72,0,14.0,52
2022-05-02,SKU0097,249,249,14.0,52
2022-05-09,SKU0097,232,0,14.0,52
2022-05-16,SKU0097,214,0,14.0,52
2022-05-23,SKU0097,203,0,14.0,52
2022-05-30,SKU0097,184,0,14.0,52
2022-06-06,SKU0097,171,0,14.0,52
2022-06-13,SKU0097,152,0,14.0,52
2022-06-20,SKU0097,143,0,14.0,52
2022-06-27,SKU0097,126,0,14.0,52
2022-07-04,SKU0097,118,0,14.0,52
2022-07-11,SKU0097,104,0,14.0,52
2022-07-18,SKU0097,92,0,14.0,52
2022-07-25,SKU0097,74,0,14.0,52
2022-08-01,SKU0097,63,0,14.0,52
2022-08-08,SKU0097,47,218,14.0,52
2022-08-15,SKU0097,179,143,14.0,52
2022-08-22,SKU0097,161,0,14.0,52
2022-08-29,SKU0097,143,0,,52
2022-09-05,SKU0097,124,0,14.0,52
2022-09-12,SKU0097,104,0,14.0,52
2022-09-19,SKU0097,75,0,,52
2022-09-26,SKU0097,229,229,14.0,52
2022-10-03,SKU0097,208,0,14.0,52
2022-10-10,SKU0097,189,0,14.0,52
2022-10-17,SKU0097,159,0,14.0,52
2022-10-24,SKU0097,144,0,14.0,52
2022-10-31,SKU0097,130,0,14.0,52
2022-11-07,SKU0097,105,0,14.0,52
2022-11-14,SKU0097,76,0,14.0,52
2022-11-21,SKU0097,191,217,14.0,52
2022-11-28,SKU0097,166,0,14.0,52
2022-12-05,SKU0097,150,0,14.0,52
2022-12-12,SKU0097,132,0,14.0,52
2022-12-19,SKU0097,100,0,14.0,52
2022-12-26,SKU0097,73,0,14.0,52
2023-01-02,SKU0097,153,141,14.0,52
2023-01-09,SKU0097,136,0,14.0,52
2023-01-16,SKU0097,106,0,14.0,52
2023-01-23,SKU0097,75,0,14.0,52
2023-01-30,SKU0097,61,0,14.0,52
2023-02-06,SKU0097,34,223,14.0,52
2023-02-13,SKU0097,12,165,14.0,52
2023-02-20,SKU0097,0,214,14.0,52
2023-02-27,SKU0097,0,198,14.0,52
2023-03-06,SKU0097,0,142,14.0,52
2023-03-13,SKU0097,119,176,14.0,52
2023-03-20,SKU0097,109,0,14.0,52
2023-03-27,SKU0097,90,0,14.0,52
2023-04-03,SKU0097,75,0,14.0,52
2023-04-10,SKU0097,60,0,14.0,52
2023-04-17,SKU0097,43,238,14.0,52
2023-04-24,SKU0097,231,215,14.0,52
2023-05-01,SKU0097,210,0,14.0,52
2023-05-08,SKU0097,192,0,14.0,52
2023-05-15,SKU0097,168,0,14.0,52
2023-05-22,SKU0097,152,0,14.0,52
2023-05-29,SKU0097,128,0,14.0,52
2023-06-05,SKU0097,109,0,14.0,52
2023-06-12,SKU0097,89,0,14.0,52
2023-06-19,SKU0097,74,0,14.0,52
2023-06-26,SKU0097,66,0,14.0,52
2023-07-03,SKU0097,54,0,14.0,52
2023-07-10,SKU0097,210,216,14.0,52
2023-07-17,SKU0097,196,0,14.0,52
2023-07-24,SKU0097,186,0,14.0,52
2023-07-31,SKU0097,168,0,14.0,52
2023-08-07,SKU0097,155,0,14.0,52
2023-08-14,SKU0097,144,0,14.0,52
2023-08-21,SKU0097,128,0,14.0,52
2023-08-28,SKU0097,115,0,14.0,52
2023-09-04,SKU0097,94,0,14.0,52
2023-09-11,SKU0097,73,0,14.0,52
2023-09-18,SKU0097,51,230,14.0,52
2023-09-25,SKU0097,160,246,14.0,52
2023-10-02,SKU0097,136,0,14.0,52
2023-10-09,SKU0097,114,0,14.0,52
2023-10-16,SKU0097,89,0,14.0,52
2023-10-23,SKU0097,75,0,14.0,52
2023-10-30,SKU0097,59,0,14.0,52
2023-11-06,SKU0097,189,148,14.0,52
2023-11-13,SKU0097,163,0,14.0,52
2023-11-20,SKU0097,134,0,14.0,52
2023-11-27,SKU0097,108,0,14.0,52
2023-12-04,SKU0097,83,0,14.0,52
2023-12-11,SKU0097,69,0,,52
2023-12-18,SKU0097,172,179,14.0,52
2023-12-25,SKU0097,150,0,14.0,52
2022-01-03,SKU0098,50,0,14.0,49
2022-01-10,SKU0098,25,192,14.0,49
2022-01-17,SKU0098,0,260,14.0,49
2022-01-24,SKU0098,0,133,14.0,49
2022-01-31,SKU0098,0,262,14.0,49
2022-02-07,SKU0098,0,149,14.0,49
2022-02-14,SKU0098,0,157,14.0,49
2022-02-21,SKU0098,116,218,14.0,49
2022-02-28,SKU0098,96,0,14.0,49
2022-03-07,SKU0098,75,0,14.0,49
2022-03-14,SKU0098,56,0,14.0,49
2022-03-21,SKU0098,42,147,14.0,49
2022-03-28,SKU0098,26,173,14.0,49
2022-04-04,SKU0098,11,175,14.0,49
2022-04-11,SKU0098,0,183,14.0,49
2022-04-18,SKU0098,0,133,14.0,49
2022-04-25,SKU0098,0,199,14.0,49
2022-05-02,SKU0098,0,137,14.0,49
2022-05-09,SKU0098,184,139,14.0,49
2022-05-16,SKU0098,170,0,14.0,49
2022-05-23,SKU0098,160,0,14.0,49
2022-05-30,SKU0098,141,0,14.0,49
2022-06-06,SKU0098,122,0,14.0,49
2022-06-13,SKU0098,108,0,14.0,49
2022-06-20,SKU0098,97,0,14.0,49
2022-06-27,SKU0098,84,0,14.0,49
2022-07-04,SKU0098,73,0,14.0,49
2022-07-11,SKU0098,57,0,14.0,49
2022-07-18,SKU0098,222,229,14.0,49
2022-07-25,SKU0098,208,0,14.0,49
2022-08-01,SKU0098,194,0,14.0,49
2022-08-08,SKU0098,176,0,14.0,49
2022-08-15,SKU0098,160,0,14.0,49
2022-08-22,SKU0098,142,0,14.0,49
2022-08-29,SKU0098,125,0,14.0,49
2022-09-05,SKU0098,106,0,14.0,49
2022-09-12,SKU0098,87,0,14.0,49
2022-09-19,SKU0098,72,0,14.0,49
2022-09-26,SKU0098,52,0,14.0,49
2022-10-03,SKU0098,178,165,14.0,49
2022-10-10,SKU0098,160,0,14.0,49
2022-10-17,SKU0098,136,0,14.0,49
2022-10-24,SKU0098,109,0,14.0,49
2022-10-31,SKU0098,88,0,14.0,49
2022-11-07,SKU0098,66,0,14.0,49
2022-11-14,SKU0098,47,260,14.0,49
2022-11-21,SKU0098,173,150,14.0,49
2022-11-28,SKU0098,148,0,14.0,49
2022-12-05,SKU0098,128,0,14.0,49
2022-12-12,SKU0098,103,0,14.0,49
2022-12-19,SKU0098,76,0,14.0,49
2022-12-26,SKU0098,51,0,14.0,49
2023-01-02,SKU0098,33,199,14.0,49
2023-01-09,SKU0098,8,197,14.0,49
2023-01-16,SKU0098,0,262,14.0,49
2023-01-23,SKU0098,183,247,14.0,49
2023-01-30,SKU0098,153,0,14.0,49
2023-02-06,SKU0098,121,0,14.0,49
2023-02-13,SKU0098,103,0,14.0,49
2023-02-20,SKU0098,82,0,14.0,49
2023-02-27,SKU0098,50,0,14.0,49
2023-03-06,SKU0098,39,203,14.0,49
2023-03-13,SKU0098,28,243,14.0,49
2023-03-20,SKU0098,18,134,14.0,49
2023-03-27,SKU0098,0,221,14.0,49
2023-04-03,SKU0098,0,177,14.0,49
2023-04-10,SKU0098,0,183,14.0,49
2023-04-17,SKU0098,0,248,14.0,49
2023-04-24,SKU0098,0,136,14.0,49
2023-05-01,SKU0098,0,202,14.0,49
2023-05-08,SKU0098,0,214,14.0,49
2023-05-15,SKU0098,0,205,14.0,49
2023-05-22,SKU0098,123,253,14.0,49
2023-05-29,SKU0098,111,0,14.0,49
2023-06-05,SKU0098,98,0,14.0,49
2023-06-12,SKU0098,81,0,14.0,49
2023-06-19,SKU0098,71,0,14.0,49
2023-06-26,SKU0098,56,0,14.0,49
2023-07-03,SKU0098,44,231,14.0,49
2023-07-10,SKU0098,197,192,14.0,49
2023-07-17,SKU0098,184,0,14.0,49
2023-07-24,SKU0098,175,0,14.0,49
2023-07-31,SKU0098,165,0,14.0,49
2023-08-07,SKU0098,155,0,14.0,49
2023-08-14,SKU0098,143,0,14.0,49
2023-08-21,SKU0098,134,0,14.0,49
2023-08-28,SKU0098,125,0,14.0,49
2023-09-04,SKU0098,109,0,14.0,49
2023-09-11,SKU0098,84,0,14.0,49
2023-09-18,SKU0098,69,0,14.0,49
2023-09-25,SKU0098,54,0,14.0,49
2023-10-02,SKU0098,168,150,14.0,49
2023-10-09,SKU0098,156,0,14.0,49
2023-10-16,SKU0098,140,0,14.0,49
2023-10-23,SKU0098,115,0,14.0,49
2023-10-30,SKU0098,94,0,14.0,49
2023-11-06,SKU0098,69,0,,49
2023-11-13,SKU0098,168,235,14.0,49
2023-11-20,SKU0098,145,0,14.0,49
2023-11-27,SKU0098,125,0,14.0,49
2023-12-04,SKU0098,99,0,14.0,49
2023-12-11,SKU0098,72,0,14.0,49
2023-12-18,SKU0098,56,0,,49
2023-12-25,SKU0098,185,230,14.0,49
2022-01-03,SKU0099,132,0,14.0,36
2022-01-10,SKU0099,111,0,14.0,36
2022-01-17,SKU0099,99,0,14.0,36
2022-01-24,SKU0099,85,0,14.0,36
2022-01-31,SKU0099,63,0,14.0,36
2022-02-07,SKU0099,44,0,14.0,36
2022-02-14,SKU0099,149,108,14.0,36
2022-02-21,SKU0099,133,0,14.0,36
2022-02-28,SKU0099,111,0,14.0,36
2022-03-07,SKU0099,101,0,14.0,36
2022-03-14,SKU0099,89,0,14.0,36
2022-03-21,SKU0099,77,0,14.0,36
2022-03-28,SKU0099,64,0,14.0,36
2022-04-04,SKU0099,54,0,14.0,36
2022-04-11,SKU0099,45,0,14.0,36
2022-04-18,SKU0099,116,147,14.0,36
2022-04-25,SKU0099,104,0,14.0,36
2022-05-02,SKU0099,88,0,14.0,36
2022-05-09,SKU0099,76,0,14.0,36
2022-05-16,SKU0099,61,0,14.0,36
2022-05-23,SKU0099,47,0,14.0,36
2022-05-30,SKU0099,31,173,14.0,36
2022-06-06,SKU0099,21,153,14.0,36
2022-06-13,SKU0099,84,182,14.0,36
2022-06-20,SKU0099,78,0,14.0,36
2022-06-27,SKU0099,69,0,14.0,36
2022-07-04,SKU0099,56,0,14.0,36
2022-07-11,SKU0099,47,0,14.0,36
2022-07-18,SKU0099,34,142,14.0,36
2022-07-25,SKU0099,21,124,14.0,36
2022-08-01,SKU0099,14,129,14.0,36
2022-08-08,SKU0099,126,156,14.0,36
2022-08-15,SKU0099,119,0,14.0,36
2022-08-22,SKU0099,107,0,14.0,36
2022-08-29,SKU0099,100,0,14.0,36
2022-09-05,SKU0099,80,0,14.0,36
2022-09-12,SKU0099,61,0,14.0,36
2022-09-19,SKU0099,51,0,14.0,36
2022-09-26,SKU0099,131,183,14.0,36
2022-10-03,SKU0099,110,0,14.0,36
2022-10-10,SKU0099,99,0,14.0,36
2022-10-17,SKU0099,87,0,14.0,36
2022-10-24,SKU0099,68,0,14.0,36
2022-10-31,SKU0099,53,0,14.0,36
2022-11-07,SKU0099,119,117,14.0,36
2022-11-14,SKU0099,101,0,14.0,36
2022-11-21,SKU0099,92,0,14.0,36
2022-11-28,SKU0099,75,0,14.0,36
2022-12-05,SKU0099,65,0,14.0,36
2022-12-12,SKU0099,43,0,14.0,36
2022-12-19,SKU0099,29,166,14.0,36
2022-12-26,SKU0099,9,178,14.0,36
2023-01-02,SKU0099,0,129,14.0,36
2023-01-09,SKU0099,0,153,14.0,36
2023-01-16,SKU0099,78,101,14.0,36
2023-01-23,SKU0099,66,0,14.0,36
2023-01-30,SKU0099,53,0,14.0,36
2023-02-06,SKU0099,30,185,14.0,36
2023-02-13,SKU0099,7,193,14.0,36
2023-02-20,SKU0099,127,118,14.0,36
2023-02-27,SKU0099,113,0,14.0,36
2023-03-06,SKU0099,103,0,14.0,36
2023-03-13,SKU0099,88,0,14.0,36
2023-03-20,SKU0099,80,0,14.0,36
2023-03-27,SKU0099,64,0,14.0,36
2023-04-03,SKU0099,53,0,14.0,36
2023-04-10,SKU0099,43,0,14.0,36
2023-04-17,SKU0099,132,119,14.0,36
2023-04-24,SKU0099,123,0,14.0,36
2023-05-01,SKU0099,115,0,14.0,36
2023-05-08,SKU0099,103,0,14.0,36
2023-05-15,SKU0099,96,0,14.0,36
2023-05-22,SKU0099,84,0,14.0,36
2023-05-29,SKU0099,69,0,14.0,36
2023-06-05,SKU0099,57,0,14.0,36
2023-06-12,SKU0099,45,0,14.0,36
2023-06-19,SKU0099,37,0,14.0,36
2023-06-26,SKU0099,29,187,14.0,36
2023-07-03,SKU0099,17,178,14.0,36
2023-07-10,SKU0099,114,133,14.0,36
2023-07-17,SKU0099,104,0,14.0,36
2023-07-24,SKU0099,96,0,14.0,36
2023-07-31,SKU0099,87,0,14.0,36
2023-08-07,SKU0099,75,0,14.0,36
2023-08-14,SKU0099,61,0,14.0,36
2023-08-21,SKU0099,49,0,14.0,36
2023-08-28,SKU0099,111,109,,36
2023-09-04,SKU0099,91,0,14.0,36
2023-09-11,SKU0099,77,0,14.0,36
2023-09-18,SKU0099,59,0,14.0,36
2023-09-25,SKU0099,40,0,14.0,36
2023-10-02,SKU0099,116,128,14.0,36
2023-10-09,SKU0099,104,0,14.0,36
2023-10-16,SKU0099,85,0,14.0,36
2023-10-23,SKU0099,69,0,14.0,36
2023-10-30,SKU0099,56,0,14.0,36
2023-11-06,SKU0099,38,0,14.0,36
2023-11-13,SKU0099,22,104,14.0,36
2023-11-20,SKU0099,6,175,14.0,36
2023-11-27,SKU0099,0,156,14.0,36
2023-12-04,SKU0099,0,167,14.0,36
2023-12-11,SKU0099,0,139,14.0,36
2023-12-18,SKU0099,133,119,14.0,36
2023-12-25,SKU0099,110,0,14.0,36
2022-01-03,SKU0100,136,77,30.0,59
2022-01-10,SKU0100,125,0,30.0,59
2022-01-17,SKU0100,109,0,30.0,59
2022-01-24,SKU0100,95,0,30.0,59
2022-01-31,SKU0100,84,0,30.0,59
2022-02-07,SKU0100,76,0,30.0,59
2022-02-14,SKU0100,68,0,30.0,59
2022-02-21,SKU0100,56,146,30.0,59
2022-02-28,SKU0100,47,79,30.0,59
2022-03-07,SKU0100,40,90,30.0,59
2022-03-14,SKU0100,109,123,30.0,59
2022-03-21,SKU0100,103,0,30.0,59
2022-03-28,SKU0100,91,0,30.0,59
2022-04-04,SKU0100,81,0,30.0,59
2022-04-11,SKU0100,76,0,30.0,59
2022-04-18,SKU0100,70,0,30.0,59
2022-04-25,SKU0100,60,0,30.0,59
2022-05-02,SKU0100,55,90,30.0,59
2022-05-09,SKU0100,47,146,30.0,59
2022-05-16,SKU0100,36,111,30.0,59
2022-05-23,SKU0100,25,137,30.0,59
2022-05-30,SKU0100,19,107,30.0,59
2022-06-06,SKU0100,69,119,30.0,59
2022-06-13,SKU0100,60,0,30.0,59
2022-06-20,SKU0100,123,88,30.0,59
2022-06-27,SKU0100,114,0,30.0,59
2022-07-04,SKU0100,106,0,30.0,59
2022-07-11,SKU0100,99,0,,59
2022-07-18,SKU0100,90,0,30.0,59
2022-07-25,SKU0100,85,0,30.0,59
2022-08-01,SKU0100,79,0,30.0,59
2022-08-08,SKU0100,73,0,30.0,59
2022-08-15,SKU0100,65,0,30.0,59
2022-08-22,SKU0100,56,119,30.0,59
2022-08-29,SKU0100,52,90,30.0,59
2022-09-05,SKU0100,149,142,30.0,59
2022-09-12,SKU0100,136,0,30.0,59
2022-09-19,SKU0100,127,0,30.0,59
2022-09-26,SKU0100,113,0,30.0,59
2022-10-03,SKU0100,102,0,30.0,59
2022-10-10,SKU0100,95,0,30.0,59
2022-10-17,SKU0100,85,0,30.0,59
2022-10-24,SKU0100,75,0,30.0,59
2022-10-31,SKU0100,61,0,30.0,59
2022-11-07,SKU0100,55,144,30.0,59
2022-11-14,SKU0100,48,129,30.0,59
2022-11-21,SKU0100,41,84,,59
2022-11-28,SKU0100,131,104,30.0,59
2022-12-05,SKU0100,124,0,30.0,59
2022-12-12,SKU0100,108,0,30.0,59
2022-12-19,SKU0100,101,0,30.0,59
2022-12-26,SKU0100,90,0,30.0,59
2023-01-02,SKU0100,75,0,30.0,59
2023-01-09,SKU0100,58,89,30.0,59
2023-01-16,SKU0100,134,86,30.0,59
2023-01-23,SKU0100,118,0,30.0,59
2023-01-30,SKU0100,105,0,30.0,59
2023-02-06,SKU0100,92,0,30.0,59
2023-02-13,SKU0100,80,0,30.0,59
2023-02-20,SKU0100,64,0,30.0,59
2023-02-27,SKU0100,51,96,30.0,59
2023-03-06,SKU0100,42,86,30.0,59
2023-03-13,SKU0100,37,143,30.0,59
2023-03-20,SKU0100,119,79,30.0,59
2023-03-27,SKU0100,109,0,30.0,59
2023-04-03,SKU0100,99,0,30.0,59
2023-04-10,SKU0100,87,0,30.0,59
2023-04-17,SKU0100,76,0,30.0,59
2023-04-24,SKU0100,70,0,30.0,59
2023-05-01,SKU0100,64,0,30.0,59
2023-05-08,SKU0100,118,80,30.0,59
2023-05-15,SKU0100,112,0,30.0,59
2023-05-22,SKU0100,103,0,30.0,59
2023-05-29,SKU0100,96,0,30.0,59
2023-06-05,SKU0100,87,0,30.0,59
2023-06-12,SKU0100,78,0,30.0,59
2023-06-19,SKU0100,69,0,30.0,59
2023-06-26,SKU0100,62,0,30.0,59
2023-07-03,SKU0100,146,87,30.0,59
2023-07-10,SKU0100,137,0,30.0,59
2023-07-17,SKU0100,130,0,30.0,59
2023-07-24,SKU0100,125,0,30.0,59
2023-07-31,SKU0100,117,0,30.0,59
2023-08-07,SKU0100,109,0,30.0,59
2023-08-14,SKU0100,99,0,30.0,59
2023-08-21,SKU0100,91,0,30.0,59
2023-08-28,SKU0100,81,0,30.0,59
2023-09-04,SKU0100,72,0,30.0,59
2023-09-11,SKU0100,65,0,30.0,59
2023-09-18,SKU0100,120,88,,59
2023-09-25,SKU0100,112,0,30.0,59
2023-10-02,SKU0100,105,0,30.0,59
2023-10-09,SKU0100,98,0,30.0,59
2023-10-16,SKU0100,83,0,30.0,59
2023-10-23,SKU0100,68,0,30.0,59
2023-10-30,SKU0100,122,95,30.0,59
2023-11-06,SKU0100,107,0,30.0,59
2023-11-13,SKU0100,96,0,30.0,59
2023-11-20,SKU0100,89,0,30.0,59
2023-11-27,SKU0100,82,0,30.0,59
2023-12-04,SKU0100,74,0,30.0,59
2023-12-11,SKU0100,64,0,30.0,59
2023-12-18,SKU0100,105,90,30.0,59
2023-12-25,SKU0100,88,0,30.0,59
2022-01-03,SKU0101,27,0,30.0,14
2022-01-10,SKU0101,25,0,30.0,14
2022-01-17,SKU0101,21,0,30.0,14
2022-01-24,SKU0101,18,0,30.0,14
2022-01-31,SKU0101,14,26,30.0,14
2022-02-07,SKU0101,11,18,30.0,14
2022-02-14,SKU0101,28,25,30.0,14
2022-02-21,SKU0101,25,0,30.0,14
2022-02-28,SKU0101,23,0,30.0,14
2022-03-07,SKU0101,20,0,30.0,14
2022-03-14,SKU0101,17,0,30.0,14
2022-03-21,SKU0101,15,0,30.0,14
2022-03-28,SKU0101,13,29,30.0,14
2022-04-04,SKU0101,37,25,30.0,14
2022-04-11,SKU0101,35,0,,14
2022-04-18,SKU0101,33,0,30.0,14
2022-04-25,SKU0101,31,0,30.0,14
2022-05-02,SKU0101,29,0,,14
2022-05-09,SKU0101,28,0,30.0,14
2022-05-16,SKU0101,26,0,30.0,14
2022-05-23,SKU0101,24,0,30.0,14
2022-05-30,SKU0101,23,0,30.0,14
2022-06-06,SKU0101,22,0,30.0,14
2022-06-13,SKU0101,20,0,30.0,14
2022-06-20,SKU0101,18,0,30.0,14
2022-06-27,SKU0101,16,0,30.0,14
2022-07-04,SKU0101,14,21,30.0,14
2022-07-11,SKU0101,29,27,30.0,14
2022-07-18,SKU0101,28,0,30.0,14
2022-07-25,SKU0101,26,0,30.0,14
2022-08-01,SKU0101,25,0,30.0,14
2022-08-08,SKU0101,24,0,30.0,14
2022-08-15,SKU0101,22,0,30.0,14
2022-08-22,SKU0101,21,0,30.0,14
2022-08-29,SKU0101,20,0,30.0,14
2022-09-05,SKU0101,18,0,30.0,14
2022-09-12,SKU0101,16,0,30.0,14
2022-09-19,SKU0101,36,33,30.0,14
2022-09-26,SKU0101,35,0,30.0,14
2022-10-03,SKU0101,32,0,30.0,14
2022-10-10,SKU0101,29,0,30.0,14
2022-10-17,SKU0101,27,0,30.0,14
2022-10-24,SKU0101,25,0,30.0,14
2022-10-31,SKU0101,23,0,30.0,14
2022-11-07,SKU0101,21,0,30.0,14
2022-11-14,SKU0101,19,0,30.0,14
2022-11-21,SKU0101,16,0,30.0,14
2022-11-28,SKU0101,34,19,30.0,14
2022-12-05,SKU0101,31,0,30.0,14
2022-12-12,SKU0101,29,0,30.0,14
2022-12-19,SKU0101,27,0,30.0,14
2022-12-26,SKU0101,26,0,30.0,14
2023-01-02,SKU0101,22,0,30.0,14
2023-01-09,SKU0101,19,0,30.0,14
2023-01-16,SKU0101,16,0,30.0,14
2023-01-23,SKU0101,13,33,30.0,14
2023-01-30,SKU0101,10,19,30.0,14
2023-02-06,SKU0101,21,32,30.0,14
2023-02-13,SKU0101,18,0,30.0,14
2023-02-20,SKU0101,15,0,30.0,14
2023-02-27,SKU0101,37,25,30.0,14
2023-03-06,SKU0101,36,0,30.0,14
2023-03-13,SKU0101,34,0,30.0,14
2023-03-20,SKU0101,32,0,30.0,14
2023-03-27,SKU0101,31,0,30.0,14
2023-04-03,SKU0101,29,0,30.0,14
2023-04-10,SKU0101,28,0,30.0,14
2023-04-17,SKU0101,27,0,30.0,14
2023-04-24,SKU0101,26,0,30.0,14
2023-05-01,SKU0101,24,0,30.0,14
2023-05-08,SKU0101,23,0,30.0,14
2023-05-15,SKU0101,20,0,30.0,14
2023-05-22,SKU0101,18,0,30.0,14
2023-05-29,SKU0101,16,0,30.0,14
2023-06-05,SKU0101,15,0,30.0,14
2023-06-12,SKU0101,13,20,30.0,14
2023-06-19,SKU0101,12,22,30.0,14
2023-06-26,SKU0101,25,18,30.0,14
2023-07-03,SKU0101,24,0,30.0,14
2023-07-10,SKU0101,23,0,30.0,14
2023-07-17,SKU0101,22,0,30.0,14
2023-07-24,SKU0101,21,0,30.0,14
2023-07-31,SKU0101,19,0,30.0,14
2023-08-07,SKU0101,17,0,30.0,14
2023-08-14,SKU0101,15,0,30.0,14
2023-08-21,SKU0101,29,28,30.0,14
2023-08-28,SKU0101,27,0,30.0,14
2023-09-04,SKU0101,25,0,30.0,14
2023-09-11,SKU0101,23,0,30.0,14
2023-09-18,SKU0101,21,0,30.0,14
2023-09-25,SKU0101,19,0,30.0,14
2023-10-02,SKU0101,17,0,30.0,14
2023-10-09,SKU0101,15,0,30.0,14
2023-10-16,SKU0101,33,29,30.0,14
2023-10-23,SKU0101,30,0,30.0,14
2023-10-30,SKU0101,27,0,30.0,14
2023-11-06,SKU0101,24,0,30.0,14
2023-11-13,SKU0101,21,0,30.0,14
2023-11-20,SKU0101,19,0,30.0,14
2023-11-27,SKU0101,17,0,30.0,14
2023-12-04,SKU0101,35,32,30.0,14
2023-12-11,SKU0101,34,0,30.0,14
2023-12-18,SKU0101,31,0,30.0,14
2023-12-25,SKU0101,30,0,30.0,14
2022-01-03,SKU0102,50,0,7.0,11
2022-01-10,SKU0102,37,0,7.0,11
2022-01-17,SKU0102,31,0,7.0,11
2022-01-24,SKU0102,24,0,7.0,11
2022-01-31,SKU0102,12,0,7.0,11
2022-02-07,SKU0102,4,104,7.0,11
2022-02-14,SKU0102,69,99,7.0,11
2022-02-21,SKU0102,61,0,7.0,11
2022-02-28,SKU0102,53,0,7.0,11
2022-03-07,SKU0102,45,0,7.0,11
2022-03-14,SKU0102,40,0,7.0,11
2022-03-21,SKU0102,34,0,7.0,11
2022-03-28,SKU0102,28,0,7.0,11
2022-04-04,SKU0102,20,0,7.0,11
2022-04-11,SKU0102,11,113,7.0,11
2022-04-18,SKU0102,2,76,7.0,11
2022-04-25,SKU0102,0,102,7.0,11
2022-05-02,SKU0102,71,85,7.0,11
2022-05-09,SKU0102,66,0,7.0,11
2022-05-16,SKU0102,58,0,7.0,11
2022-05-23,SKU0102,51,0,7.0,11
2022-05-30,SKU0102,43,0,7.0,11
2022-06-06,SKU0102,39,0,7.0,11
2022-06-13,SKU0102,32,0,7.0,11
2022-06-20,SKU0102,26,0,7.0,11
2022-06-27,SKU0102,18,0,7.0,11
2022-07-04,SKU0102,10,107,7.0,11
2022-07-11,SKU0102,4,77,7.0,11
2022-07-18,SKU0102,0,97,7.0,11
2022-07-25,SKU0102,72,111,7.0,11
2022-08-01,SKU0102,68,0,7.0,11
2022-08-08,SKU0102,60,0,,11
2022-08-15,SKU0102,52,0,7.0,11
2022-08-22,SKU0102,46,0,7.0,11
2022-08-29,SKU0102,39,0,7.0,11
2022-09-05,SKU0102,31,0,7.0,11
2022-09-12,SKU0102,19,0,7.0,11
2022-09-19,SKU0102,87,67,7.0,11
2022-09-26,SKU0102,82,0,7.0,11
2022-10-03,SKU0102,74,0,7.0,11
2022-10-10,SKU0102,62,0,7.0,11
2022-10-17,SKU0102,50,0,7.0,11
2022-10-24,SKU0102,38,0,7.0,11
2022-10-31,SKU0102,26,0,7.0,11
2022-11-07,SKU0102,16,0,7.0,11
2022-11-14,SKU0102,57,85,7.0,11
2022-11-21,SKU0102,48,0,7.0,11
2022-11-28,SKU0102,39,0,7.0,11
2022-12-05,SKU0102,32,0,7.0,11
2022-12-12,SKU0102,20,0,7.0,11
2022-12-19,SKU0102,7,71,7.0,11
2022-12-26,SKU0102,0,110,7.0,11
2023-01-02,SKU0102,80,87,7.0,11
2023-01-09,SKU0102,72,0,,11
2023-01-16,SKU0102,59,0,7.0,11
2023-01-23,SKU0102,47,0,7.0,11
2023-01-30,SKU0102,33,0,7.0,11
2023-02-06,SKU0102,21,0,7.0,11
2023-02-13,SKU0102,12,0,7.0,11
2023-02-20,SKU0102,71,67,7.0,11
2023-02-27,SKU0102,59,0,7.0,11
2023-03-06,SKU0102,49,0,7.0,11
2023-03-13,SKU0102,43,0,7.0,11
2023-03-20,SKU0102,36,0,7.0,11
2023-03-27,SKU0102,27,0,7.0,11
2023-04-03,SKU0102,22,0,7.0,11
2023-04-10,SKU0102,15,0,7.0,11
2023-04-17,SKU0102,7,115,7.0,11
2023-04-24,SKU0102,60,86,7.0,11
2023-05-01,SKU0102,55,0,7.0,11
2023-05-08,SKU0102,46,0,7.0,11
2023-05-15,SKU0102,40,0,7.0,11
2023-05-22,SKU0102,36,0,7.0,11
2023-05-29,SKU0102,28,0,7.0,11
2023-06-05,SKU0102,24,0,7.0,11
2023-06-12,SKU0102,20,0,7.0,11
2023-06-19,SKU0102,16,0,7.0,11
2023-06-26,SKU0102,13,0,7.0,11
2023-07-03,SKU0102,8,69,7.0,11
2023-07-10,SKU0102,4,64,7.0,11
2023-07-17,SKU0102,67,59,7.0,11
2023-07-24,SKU0102,64,0,7.0,11
2023-07-31,SKU0102,58,0,7.0,11
2023-08-07,SKU0102,54,0,7.0,11
2023-08-14,SKU0102,47,0,7.0,11
2023-08-21,SKU0102,40,0,7.0,11
2023-08-28,SKU0102,32,0,7.0,11
2023-09-04,SKU0102,20,0,7.0,11
2023-09-11,SKU0102,9,86,7.0,11
2023-09-18,SKU0102,66,65,7.0,11
2023-09-25,SKU0102,55,0,7.0,11
2023-10-02,SKU0102,48,0,7.0,11
2023-10-09,SKU0102,42,0,7.0,11
2023-10-16,SKU0102,31,0,7.0,11
2023-10-23,SKU0102,23,0,7.0,11
2023-10-30,SKU0102,12,0,7.0,11
2023-11-06,SKU0102,0,102,7.0,11
2023-11-13,SKU0102,0,76,7.0,11
2023-11-20,SKU0102,76,69,7.0,11
2023-11-27,SKU0102,67,0,7.0,11
2023-12-04,SKU0102,53,0,7.0,11
2023-12-11,SKU0102,43,0,7.0,11
2023-12-18,SKU0102,36,0,7.0,11
2023-12-25,SKU0102,26,0,7.0,11
2022-01-03,SKU0103,79,0,7.0,12
2022-01-10,SKU0103,72,0,7.0,12
2022-01-17,SKU0103,60,0,7.0,12
2022-01-24,SKU0103,50,0,7.0,12
2022-01-31,SKU0103,39,0,7.0,12
2022-02-07,SKU0103,24,0,7.0,12
2022-02-14,SKU0103,13,0,7.0,12
2022-02-21,SKU0103,4,88,7.0,12
2022-02-28,SKU0103,68,95,7.0,12
2022-03-07,SKU0103,62,0,7.0,12
2022-03-14,SKU0103,52,0,7.0,12
2022-03-21,SKU0103,44,0,7.0,12
2022-03-28,SKU0103,33,0,7.0,12
2022-04-04,SKU0103,27,0,7.0,12
2022-04-11,SKU0103,21,0,7.0,12
2022-04-18,SKU0103,11,84,7.0,12
2022-04-25,SKU0103,55,100,7.0,12
2022-05-02,SKU0103,47,0,7.0,12
2022-05-09,SKU0103,38,0,7.0,12
2022-05-16,SKU0103,32,0,7.0,12
2022-05-23,SKU0103,22,0,7.0,12
2022-05-30,SKU0103,17,0,7.0,12
2022-06-06,SKU0103,9,93,7.0,12
2022-06-13,SKU0103,1,111,7.0,12
2022-06-20,SKU0103,71,100,7.0,12
2022-06-27,SKU0103,64,0,7.0,12
2022-07-04,SKU0103,56,0,7.0,12
2022-07-11,SKU0103,51,0,7.0,12
2022-07-18,SKU0103,44,0,7.0,12
2022-07-25,SKU0103,36,0,7.0,12
2022-08-01,SKU0103,28,0,7.0,12
2022-08-08,SKU0103,22,0,7.0,12
2022-08-15,SKU0103,18,0,7.0,12
2022-08-22,SKU0103,13,0,7.0,12
2022-08-29,SKU0103,9,115,7.0,12
2022-09-05,SKU0103,0,92,7.0,12
2022-09-12,SKU0103,0,81,7.0,12
2022-09-19,SKU0103,0,100,7.0,12
2022-09-26,SKU0103,71,89,7.0,12
2022-10-03,SKU0103,58,0,7.0,12
2022-10-10,SKU0103,47,0,7.0,12
2022-10-17,SKU0103,36,0,7.0,12
2022-10-24,SKU0103,29,0,7.0,12
2022-10-31,SKU0103,17,0,7.0,12
2022-11-07,SKU0103,59,78,7.0,12
2022-11-14,SKU0103,51,0,7.0,12
2022-11-21,SKU0103,39,0,7.0,12
2022-11-28,SKU0103,32,0,7.0,12
2022-12-05,SKU0103,22,0,7.0,12
2022-12-12,SKU0103,14,0,7.0,12
2022-12-19,SKU0103,50,83,7.0,12
2022-12-26,SKU0103,43,0,7.0,12
2023-01-02,SKU0103,34,0,7.0,12
2023-01-09,SKU0103,28,0,7.0,12
2023-01-16,SKU0103,16,0,7.0,12
2023-01-23,SKU0103,9,76,7.0,12
2023-01-30,SKU0103,0,72,7.0,12
2023-02-06,SKU0103,54,88,7.0,12
2023-02-13,SKU0103,46,0,7.0,12
2023-02-20,SKU0103,34,0,7.0,12
2023-02-27,SKU0103,20,0,7.0,12
2023-03-06,SKU0103,14,0,7.0,12
2023-03-13,SKU0103,5,94,7.0,12
2023-03-20,SKU0103,94,94,7.0,12
2023-03-27,SKU0103,87,0,7.0,12
2023-04-03,SKU0103,77,0,7.0,12
2023-04-10,SKU0103,70,0,7.0,12
2023-04-17,SKU0103,62,0,7.0,12
2023-04-24,SKU0103,53,0,7.0,12
2023-05-01,SKU0103,44,0,7.0,12
2023-05-08,SKU0103,34,0,7.0,12
2023-05-15,SKU0103,29,0,7.0,12
2023-05-22,SKU0103,24,0,7.0,12
2023-05-29,SKU0103,14,0,,12
2023-06-05,SKU0103,8,99,7.0,12
2023-06-12,SKU0103,85,114,7.0,12
2023-06-19,SKU0103,77,0,7.0,12
2023-06-26,SKU0103,68,0,7.0,12
2023-07-03,SKU0103,62,0,7.0,12
2023-07-10,SKU0103,56,0,7.0,12
2023-07-17,SKU0103,48,0,7.0,12
2023-07-24,SKU0103,39,0,7.0,12
2023-07-31,SKU0103,33,0,7.0,12
2023-08-07,SKU0103,24,0,7.0,12
2023-08-14,SKU0103,18,0,7.0,12
2023-08-21,SKU0103,13,0,7.0,12
2023-08-28,SKU0103,6,75,7.0,12
2023-09-04,SKU0103,0,85,7.0,12
2023-09-11,SKU0103,0,118,7.0,12
2023-09-18,SKU0103,0,86,7.0,12
2023-09-25,SKU0103,69,80,7.0,12
2023-10-02,SKU0103,60,0,7.0,12
2023-10-09,SKU0103,46,0,7.0,12
2023-10-16,SKU0103,37,0,7.0,12
2023-10-23,SKU0103,28,0,7.0,12
2023-10-30,SKU0103,21,0,7.0,12
2023-11-06,SKU0103,99,65,,12
2023-11-13,SKU0103,88,0,7.0,12
2023-11-20,SKU0103,79,0,7.0,12
2023-11-27,SKU0103,70,0,7.0,12
2023-12-04,SKU0103,60,0,7.0,12
2023-12-11,SKU0103,49,0,7.0,12
2023-12-18,SKU0103,34,0,7.0,12
2023-12-25,SKU0103,23,0,7.0,12
2022-01-03,SKU0104,26,0,14.0,13
2022-01-10,SKU0104,22,0,14.0,13
2022-01-17,SKU0104,17,0,14.0,13
2022-01-24,SKU0104,53,53,14.0,13
2022-01-31,SKU0104,48,0,14.0,13
2022-02-07,SKU0104,41,0,14.0,13
2022-02-14,SKU0104,35,0,14.0,13
2022-02-21,SKU0104,27,0,14.0,13
2022-02-28,SKU0104,19,0,14.0,13
2022-03-07,SKU0104,14,0,14.0,13
2022-03-14,SKU0104,10,39,14.0,13
2022-03-21,SKU0104,7,52,14.0,13
2022-03-28,SKU0104,4,74,14.0,13
2022-04-04,SKU0104,0,67,14.0,13
2022-04-11,SKU0104,28,59,14.0,13
2022-04-18,SKU0104,25,0,14.0,13
2022-04-25,SKU0104,19,0,14.0,13
2022-05-02,SKU0104,16,0,14.0,13
2022-05-09,SKU0104,12,69,14.0,13
2022-05-16,SKU0104,45,61,14.0,13
2022-05-23,SKU0104,41,0,14.0,13
2022-05-30,SKU0104,35,0,14.0,13
2022-06-06,SKU0104,31,0,14.0,13
2022-06-13,SKU0104,26,0,14.0,13
2022-06-20,SKU0104,24,0,14.0,13
2022-06-27,SKU0104,20,0,14.0,13
2022-07-04,SKU0104,16,0,14.0,13
2022-07-11,SKU0104,64,67,14.0,13
2022-07-18,SKU0104,61,0,14.0,13
2022-07-25,SKU0104,56,0,,13
2022-08-01,SKU0104,53,0,14.0,13
2022-08-08,SKU0104,49,0,14.0,13
2022-08-15,SKU0104,45,0,14.0,13
2022-08-22,SKU0104,43,0,14.0,13
2022-08-29,SKU0104,39,0,14.0,13
2022-09-05,SKU0104,35,0,14.0,13
2022-09-12,SKU0104,29,0,14.0,13
2022-09-19,SKU0104,26,0,14.0,13
2022-09-26,SKU0104,22,0,14.0,13
2022-10-03,SKU0104,18,0,14.0,13
2022-10-10,SKU0104,14,0,14.0,13
2022-10-17,SKU0104,50,70,14.0,13
2022-10-24,SKU0104,43,0,14.0,13
2022-10-31,SKU0104,37,0,14.0,13
2022-11-07,SKU0104,33,0,14.0,13
2022-11-14,SKU0104,26,0,14.0,13
2022-11-21,SKU0104,22,0,14.0,13
2022-11-28,SKU0104,18,0,14.0,13
2022-12-05,SKU0104,9,40,14.0,13
2022-12-12,SKU0104,5,73,,13
2022-12-19,SKU0104,0,71,14.0,13
2022-12-26,SKU0104,0,61,14.0,13
2023-01-02,SKU0104,46,55,14.0,13
2023-01-09,SKU0104,41,0,14.0,13
2023-01-16,SKU0104,35,0,14.0,13
2023-01-23,SKU0104,26,0,14.0,13
2023-01-30,SKU0104,22,0,14.0,13
2023-02-06,SKU0104,15,0,14.0,13
2023-02-13,SKU0104,47,40,14.0,13
2023-02-20,SKU0104,40,0,14.0,13
2023-02-27,SKU0104,33,0,14.0,13
2023-03-06,SKU0104,31,0,14.0,13
2023-03-13,SKU0104,25,0,14.0,13
2023-03-20,SKU0104,22,0,14.0,13
2023-03-27,SKU0104,18,0,14.0,13
2023-04-03,SKU0104,12,58,14.0,13
2023-04-10,SKU0104,8,40,14.0,13
2023-04-17,SKU0104,31,64,14.0,13
2023-04-24,SKU0104,26,0,14.0,13
2023-05-01,SKU0104,22,0,14.0,13
2023-05-08,SKU0104,18,0,14.0,13
2023-05-15,SKU0104,14,0,14.0,13
2023-05-22,SKU0104,10,60,14.0,13
2023-05-29,SKU0104,5,44,14.0,13
2023-06-05,SKU0104,32,51,14.0,13
2023-06-12,SKU0104,30,0,14.0,13
2023-06-19,SKU0104,26,0,14.0,13
2023-06-26,SKU0104,21,0,14.0,13
2023-07-03,SKU0104,18,0,14.0,13
2023-07-10,SKU0104,15,0,14.0,13
2023-07-17,SKU0104,13,47,14.0,13
2023-07-24,SKU0104,53,50,14.0,13
2023-07-31,SKU0104,49,0,14.0,13
2023-08-07,SKU0104,45,0,14.0,13
2023-08-14,SKU0104,41,0,14.0,13
2023-08-21,SKU0104,38,0,14.0,13
2023-08-28,SKU0104,35,0,14.0,13
2023-09-04,SKU0104,31,0,14.0,13
2023-09-11,SKU0104,27,0,14.0,13
2023-09-18,SKU0104,19,0,14.0,13
2023-09-25,SKU0104,16,0,14.0,13
2023-10-02,SKU0104,63,55,,13
2023-10-09,SKU0104,57,0,14.0,13
2023-10-16,SKU0104,53,0,14.0,13
2023-10-23,SKU0104,50,0,14.0,13
2023-10-30,SKU0104,46,0,14.0,13
2023-11-06,SKU0104,39,0,14.0,13
2023-11-13,SKU0104,33,0,14.0,13
2023-11-20,SKU0104,28,0,14.0,13
2023-11-27,SKU0104,25,0,14.0,13
2023-12-04,SKU0104,21,0,14.0,13
2023-12-11,SKU0104,17,0,14.0,13
2023-12-18,SKU0104,54,59,14.0,13
2023-12-25,SKU0104,48,0,14.0,13
2022-01-03,SKU0105,81,0,21.0,45
2022-01-10,SKU0105,70,0,21.0,45
2022-01-17,SKU0105,54,0,,45
2022-01-24,SKU0105,46,0,21.0,45
2022-01-31,SKU0105,141,109,21.0,45
2022-02-07,SKU0105,130,0,21.0,45
2022-02-14,SKU0105,120,0,21.0,45
2022-02-21,SKU0105,104,0,21.0,45
2022-02-28,SKU0105,90,0,21.0,45
2022-03-07,SKU0105,83,0,21.0,45
2022-03-14,SKU0105,76,0,21.0,45
2022-03-21,SKU0105,70,0,21.0,45
2022-03-28,SKU0105,60,0,21.0,45
2022-04-04,SKU0105,48,0,,45
2022-04-11,SKU0105,119,135,21.0,45
2022-04-18,SKU0105,110,0,21.0,45
2022-04-25,SKU0105,99,0,21.0,45
2022-05-02,SKU0105,92,0,21.0,45
2022-05-09,SKU0105,79,0,21.0,45
2022-05-16,SKU0105,72,0,21.0,45
2022-05-23,SKU0105,62,0,21.0,45
2022-05-30,SKU0105,53,0,21.0,45
2022-06-06,SKU0105,42,89,21.0,45
2022-06-13,SKU0105,149,107,21.0,45
2022-06-20,SKU0105,143,0,21.0,45
2022-06-27,SKU0105,135,0,21.0,45
2022-07-04,SKU0105,125,0,21.0,45
2022-07-11,SKU0105,117,0,21.0,45
2022-07-18,SKU0105,107,0,21.0,45
2022-07-25,SKU0105,96,0,21.0,45
2022-08-01,SKU0105,90,0,21.0,45
2022-08-08,SKU0105,81,0,21.0,45
2022-08-15,SKU0105,73,0,21.0,45
2022-08-22,SKU0105,67,0,21.0,45
2022-08-29,SKU0105,60,0,21.0,45
2022-09-05,SKU0105,49,0,21.0,45
2022-09-12,SKU0105,38,148,21.0,45
2022-09-19,SKU0105,30,138,21.0,45
2022-09-26,SKU0105,22,140,21.0,45
2022-10-03,SKU0105,10,90,21.0,45
2022-10-10,SKU0105,92,132,21.0,45
2022-10-17,SKU0105,79,0,21.0,45
2022-10-24,SKU0105,64,0,21.0,45
2022-10-31,SKU0105,55,0,21.0,45
2022-11-07,SKU0105,125,88,21.0,45
2022-11-14,SKU0105,109,0,21.0,45
2022-11-21,SKU0105,93,0,21.0,45
2022-11-28,SKU0105,83,0,21.0,45
2022-12-05,SKU0105,65,0,21.0,45
2022-12-12,SKU0105,55,0,21.0,45
2022-12-19,SKU0105,44,107,21.0,45
2022-12-26,SKU0105,130,157,21.0,45
2023-01-02,SKU0105,118,0,21.0,45
2023-01-09,SKU0105,100,0,21.0,45
2023-01-16,SKU0105,86,0,21.0,45
2023-01-23,SKU0105,70,0,21.0,45
2023-01-30,SKU0105,51,0,21.0,45
2023-02-06,SKU0105,33,95,21.0,45
2023-02-13,SKU0105,20,94,21.0,45
2023-02-20,SKU0105,1,156,21.0,45
2023-02-27,SKU0105,0,101,21.0,45
2023-03-06,SKU0105,0,95,21.0,45
2023-03-13,SKU0105,0,97,21.0,45
2023-03-20,SKU0105,109,101,21.0,45
2023-03-27,SKU0105,98,0,21.0,45
2023-04-03,SKU0105,90,0,21.0,45
2023-04-10,SKU0105,77,0,21.0,45
2023-04-17,SKU0105,68,0,21.0,45
2023-04-24,SKU0105,57,0,21.0,45
2023-05-01,SKU0105,51,0,21.0,45
2023-05-08,SKU0105,99,88,21.0,45
2023-05-15,SKU0105,86,0,21.0,45
2023-05-22,SKU0105,77,0,21.0,45
2023-05-29,SKU0105,66,0,21.0,45
2023-06-05,SKU0105,60,0,21.0,45
2023-06-12,SKU0105,53,0,21.0,45
2023-06-19,SKU0105,46,0,21.0,45
2023-06-26,SKU0105,35,96,21.0,45
2023-07-03,SKU0105,134,156,21.0,45
2023-07-10,SKU0105,123,0,21.0,45
2023-07-17,SKU0105,113,0,21.0,45
2023-07-24,SKU0105,103,0,21.0,45
2023-07-31,SKU0105,92,0,21.0,45
2023-08-07,SKU0105,83,0,21.0,45
2023-08-14,SKU0105,76,0,21.0,45
2023-08-21,SKU0105,69,0,21.0,45
2023-08-28,SKU0105,58,0,21.0,45
2023-09-04,SKU0105,47,0,21.0,45
2023-09-11,SKU0105,134,148,,45
2023-09-18,SKU0105,124,0,21.0,45
2023-09-25,SKU0105,108,0,21.0,45
2023-10-02,SKU0105,97,0,21.0,45
2023-10-09,SKU0105,87,0,21.0,45
2023-10-16,SKU0105,72,0,21.0,45
2023-10-23,SKU0105,58,0,21.0,45
2023-10-30,SKU0105,42,87,21.0,45
2023-11-06,SKU0105,26,151,21.0,45
2023-11-13,SKU0105,18,112,21.0,45
2023-11-20,SKU0105,7,145,21.0,45
2023-11-27,SKU0105,110,130,21.0,45
2023-12-04,SKU0105,91,0,21.0,45
2023-12-11,SKU0105,76,0,21.0,45
2023-12-18,SKU0105,58,0,21.0,45
2023-12-25,SKU0105,157,116,21.0,45
2022-01-03,SKU0106,50,0,7.0,29
2022-01-10,SKU0106,17,159,7.0,29
2022-01-17,SKU0106,0,265,7.0,29
2022-01-24,SKU0106,0,315,7.0,29
2022-01-31,SKU0106,0,306,7.0,29
2022-02-07,SKU0106,202,194,7.0,29
2022-02-14,SKU0106,176,0,7.0,29
2022-02-21,SKU0106,149,0,7.0,29
2022-02-28,SKU0106,118,0,7.0,29
2022-03-07,SKU0106,100,0,7.0,29
2022-03-14,SKU0106,88,0,7.0,29
2022-03-21,SKU0106,68,0,7.0,29
2022-03-28,SKU0106,53,0,7.0,29
2022-04-04,SKU0106,31,0,7.0,29
2022-04-11,SKU0106,170,283,7.0,29
2022-04-18,SKU0106,149,0,7.0,29
2022-04-25,SKU0106,135,0,7.0,29
2022-05-02,SKU0106,112,0,7.0,29
2022-05-09,SKU0106,91,0,7.0,29
2022-05-16,SKU0106,76,0,7.0,29
2022-05-23,SKU0106,50,0,7.0,29
2022-05-30,SKU0106,32,0,7.0,29
2022-06-06,SKU0106,18,272,7.0,29
2022-06-13,SKU0106,0,163,7.0,29
2022-06-20,SKU0106,0,245,7.0,29
2022-06-27,SKU0106,0,250,7.0,29
2022-07-04,SKU0106,207,163,7.0,29
2022-07-11,SKU0106,185,0,7.0,29
2022-07-18,SKU0106,167,0,7.0,29
2022-07-25,SKU0106,153,0,7.0,29
2022-08-01,SKU0106,141,0,7.0,29
2022-08-08,SKU0106,120,0,7.0,29
2022-08-15,SKU0106,109,0,7.0,29
2022-08-22,SKU0106,91,0,7.0,29
2022-08-29,SKU0106,76,0,7.0,29
2022-09-05,SKU0106,44,0,7.0,29
2022-09-12,SKU0106,17,181,7.0,29
2022-09-19,SKU0106,203,241,7.0,29
2022-09-26,SKU0106,173,0,7.0,29
2022-10-03,SKU0106,146,0,7.0,29
2022-10-10,SKU0106,131,0,7.0,29
2022-10-17,SKU0106,110,0,7.0,29
2022-10-24,SKU0106,93,0,7.0,29
2022-10-31,SKU0106,77,0,7.0,29
2022-11-07,SKU0106,59,0,7.0,29
2022-11-14,SKU0106,45,0,7.0,29
2022-11-21,SKU0106,30,0,7.0,29
2022-11-28,SKU0106,4,219,7.0,29
2022-12-05,SKU0106,0,292,7.0,29
2022-12-12,SKU0106,162,227,7.0,29
2022-12-19,SKU0106,131,0,7.0,29
2022-12-26,SKU0106,102,0,7.0,29
2023-01-02,SKU0106,69,0,7.0,29
2023-01-09,SKU0106,36,0,7.0,29
2023-01-16,SKU0106,11,180,7.0,29
2023-01-23,SKU0106,0,189,7.0,29
2023-01-30,SKU0106,206,206,7.0,29
2023-02-06,SKU0106,188,0,7.0,29
2023-02-13,SKU0106,169,0,7.0,29
2023-02-20,SKU0106,140,0,7.0,29
2023-02-27,SKU0106,112,0,7.0,29
2023-03-06,SKU0106,94,0,7.0,29
2023-03-13,SKU0106,80,0,7.0,29
2023-03-20,SKU0106,66,0,7.0,29
2023-03-27,SKU0106,39,0,7.0,29
2023-04-03,SKU0106,228,251,7.0,29
2023-04-10,SKU0106,210,0,7.0,29
2023-04-17,SKU0106,189,0,7.0,29
2023-04-24,SKU0106,170,0,7.0,29
2023-05-01,SKU0106,144,0,7.0,29
2023-05-08,SKU0106,130,0,7.0,29
2023-05-15,SKU0106,109,0,7.0,29
2023-05-22,SKU0106,88,0,7.0,29
2023-05-29,SKU0106,68,0,7.0,29
2023-06-05,SKU0106,57,0,7.0,29
2023-06-12,SKU0106,41,0,7.0,29
2023-06-19,SKU0106,23,228,7.0,29
2023-06-26,SKU0106,1,221,7.0,29
2023-07-03,SKU0106,0,235,7.0,29
2023-07-10,SKU0106,219,238,7.0,29
2023-07-17,SKU0106,202,0,7.0,29
2023-07-24,SKU0106,189,0,7.0,29
2023-07-31,SKU0106,179,0,7.0,29
2023-08-07,SKU0106,159,0,7.0,29
2023-08-14,SKU0106,137,0,7.0,29
2023-08-21,SKU0106,114,0,7.0,29
2023-08-28,SKU0106,99,0,7.0,29
2023-09-04,SKU0106,66,0,7.0,29
2023-09-11,SKU0106,38,0,7.0,29
2023-09-18,SKU0106,237,166,,29
2023-09-25,SKU0106,211,0,7.0,29
2023-10-02,SKU0106,178,0,7.0,29
2023-10-09,SKU0106,155,0,7.0,29
2023-10-16,SKU0106,139,0,7.0,29
2023-10-23,SKU0106,124,0,7.0,29
2023-10-30,SKU0106,106,0,7.0,29
2023-11-06,SKU0106,79,0,7.0,29
2023-11-13,SKU0106,56,0,7.0,29
2023-11-20,SKU0106,41,0,7.0,29
2023-11-27,SKU0106,22,192,7.0,29
2023-12-04,SKU0106,0,272,7.0,29
2023-12-11,SKU0106,0,260,7.0,29
2023-12-18,SKU0106,0,287,7.0,29
2023-12-25,SKU0106,0,243,7.0,29
2022-01-03,SKU0107,1251,0,14.0,351
2022-01-10,SKU0107,1064,0,14.0,351
2022-01-17,SKU0107,919,0,14.0,351
2022-01-24,SKU0107,708,0,14.0,351
2022-01-31,SKU0107,517,0,,351
2022-02-07,SKU0107,357,0,14.0,351
2022-02-14,SKU0107,164,1295,14.0,351
2022-02-21,SKU0107,54,1049,14.0,351
2022-02-28,SKU0107,1335,1533,14.0,351
2022-03-07,SKU0107,1260,0,14.0,351
2022-03-14,SKU0107,1160,0,14.0,351
2022-03-21,SKU0107,1036,0,14.0,351
2022-03-28,SKU0107,900,0,14.0,351
2022-04-04,SKU0107,754,0,14.0,351
2022-04-11,SKU0107,609,0,14.0,351
2022-04-18,SKU0107,463,0,14.0,351
2022-04-25,SKU0107,380,0,14.0,351
2022-05-02,SKU0107,1487,1844,14.0,351
2022-05-09,SKU0107,1365,0,14.0,351
2022-05-16,SKU0107,1272,0,14.0,351
2022-05-23,SKU0107,1198,0,14.0,351
2022-05-30,SKU0107,1044,0,14.0,351
2022-06-06,SKU0107,938,0,14.0,351
2022-06-13,SKU0107,829,0,14.0,351
2022-06-20,SKU0107,719,0,14.0,351
2022-06-27,SKU0107,654,0,14.0,351
2022-07-04,SKU0107,591,0,14.0,351
2022-07-11,SKU0107,456,0,14.0,351
2022-07-18,SKU0107,319,1620,14.0,351
2022-07-25,SKU0107,211,1249,14.0,351
2022-08-01,SKU0107,1504,1128,14.0,351
2022-08-08,SKU0107,1434,0,14.0,351
2022-08-15,SKU0107,1364,0,14.0,351
2022-08-22,SKU0107,1254,0,14.0,351
2022-08-29,SKU0107,1173,0,14.0,351
2022-09-05,SKU0107,1056,0,14.0,351
2022-09-12,SKU0107,898,0,14.0,351
2022-09-19,SKU0107,764,0,14.0,351
2022-09-26,SKU0107,570,0,14.0,351
2022-10-03,SKU0107,401,0,14.0,351
2022-10-10,SKU0107,306,1270,14.0,351
2022-10-17,SKU0107,1035,1824,14.0,351
2022-10-24,SKU0107,861,0,14.0,351
2022-10-31,SKU0107,682,0,,351
2022-11-07,SKU0107,504,0,14.0,351
2022-11-14,SKU0107,401,0,14.0,351
2022-11-21,SKU0107,288,1438,14.0,351
2022-11-28,SKU0107,200,1539,14.0,351
2022-12-05,SKU0107,1390,1380,14.0,351
2022-12-12,SKU0107,1212,0,14.0,351
2022-12-19,SKU0107,1043,0,14.0,351
2022-12-26,SKU0107,929,0,14.0,351
2023-01-02,SKU0107,761,0,14.0,351
2023-01-09,SKU0107,651,0,14.0,351
2023-01-16,SKU0107,526,0,14.0,351
2023-01-23,SKU0107,339,1628,14.0,351
2023-01-30,SKU0107,1004,1265,14.0,351
2023-02-06,SKU0107,854,0,14.0,351
2023-02-13,SKU0107,737,0,14.0,351
2023-02-20,SKU0107,568,0,14.0,351
2023-02-27,SKU0107,447,0,14.0,351
2023-03-06,SKU0107,373,0,14.0,351
2023-03-13,SKU0107,1200,1054,14.0,351
2023-03-20,SKU0107,1073,0,14.0,351
2023-03-27,SKU0107,931,0,14.0,351
2023-04-03,SKU0107,848,0,14.0,351
2023-04-10,SKU0107,756,0,14.0,351
2023-04-17,SKU0107,620,0,14.0,351
2023-04-24,SKU0107,507,0,14.0,351
2023-05-01,SKU0107,419,0,14.0,351
2023-05-08,SKU0107,312,1478,14.0,351
2023-05-15,SKU0107,230,1612,14.0,351
2023-05-22,SKU0107,114,1543,14.0,351
2023-05-29,SKU0107,0,1803,14.0,351
2023-06-05,SKU0107,0,1267,14.0,351
2023-06-12,SKU0107,0,1482,14.0,351
2023-06-19,SKU0107,0,1872,14.0,351
2023-06-26,SKU0107,946,1387,14.0,351
2023-07-03,SKU0107,873,0,14.0,351
2023-07-10,SKU0107,765,0,14.0,351
2023-07-17,SKU0107,692,0,14.0,351
2023-07-24,SKU0107,611,0,14.0,351
2023-07-31,SKU0107,513,0,14.0,351
2023-08-07,SKU0107,375,0,14.0,351
2023-08-14,SKU0107,285,1003,14.0,351
2023-08-21,SKU0107,1106,1440,14.0,351
2023-08-28,SKU0107,1044,0,14.0,351
2023-09-04,SKU0107,950,0,14.0,351
2023-09-11,SKU0107,775,0,14.0,351
2023-09-18,SKU0107,618,0,14.0,351
2023-09-25,SKU0107,438,0,14.0,351
2023-10-02,SKU0107,319,1090,14.0,351
2023-10-09,SKU0107,198,1823,14.0,351
2023-10-16,SKU0107,26,1730,14.0,351
2023-10-23,SKU0107,0,1585,14.0,351
2023-10-30,SKU0107,736,1758,14.0,351
2023-11-06,SKU0107,607,0,14.0,351
2023-11-13,SKU0107,486,0,14.0,351
2023-11-20,SKU0107,336,1210,14.0,351
2023-11-27,SKU0107,1122,1289,14.0,351
2023-12-04,SKU0107,967,0,14.0,351
2023-12-11,SKU0107,814,0,14.0,351
2023-12-18,SKU0107,602,0,14.0,351
2023-12-25,SKU0107,499,0,14.0,351
2022-01-03,SKU0108,126,0,10.0,32
2022-01-10,SKU0108,97,0,10.0,32
2022-01-17,SKU0108,69,0,10.0,32
2022-01-24,SKU0108,53,0,,32
2022-01-31,SKU0108,36,0,10.0,32
2022-02-07,SKU0108,20,211,10.0,32
2022-02-14,SKU0108,0,237,10.0,32
2022-02-21,SKU0108,117,192,10.0,32
2022-02-28,SKU0108,98,0,10.0,32
2022-03-07,SKU0108,86,0,10.0,32
2022-03-14,SKU0108,71,0,10.0,32
2022-03-21,SKU0108,57,0,10.0,32
2022-03-28,SKU0108,39,0,10.0,32
2022-04-04,SKU0108,28,188,10.0,32
2022-04-11,SKU0108,143,223,10.0,32
2022-04-18,SKU0108,126,0,10.0,32
2022-04-25,SKU0108,111,0,10.0,32
2022-05-02,SKU0108,91,0,10.0,32
2022-05-09,SKU0108,77,0,10.0,32
2022-05-16,SKU0108,63,0,10.0,32
2022-05-23,SKU0108,43,0,10.0,32
2022-05-30,SKU0108,29,202,10.0,32
2022-06-06,SKU0108,17,228,10.0,32
2022-06-13,SKU0108,127,226,10.0,32
2022-06-20,SKU0108,111,0,10.0,32
2022-06-27,SKU0108,102,0,10.0,32
2022-07-04,SKU0108,87,0,10.0,32
2022-07-11,SKU0108,77,0,10.0,32
2022-07-18,SKU0108,69,0,10.0,32
2022-07-25,SKU0108,59,0,10.0,32
2022-08-01,SKU0108,48,0,10.0,32
2022-08-08,SKU0108,35,0,10.0,32
2022-08-15,SKU0108,19,240,10.0,32
2022-08-22,SKU0108,163,228,10.0,32
2022-08-29,SKU0108,156,0,10.0,32
2022-09-05,SKU0108,136,0,10.0,32
2022-09-12,SKU0108,118,0,10.0,32
2022-09-19,SKU0108,98,0,10.0,32
2022-09-26,SKU0108,83,0,10.0,32
2022-10-03,SKU0108,69,0,10.0,32
2022-10-10,SKU0108,53,0,10.0,32
2022-10-17,SKU0108,38,0,10.0,32
2022-10-24,SKU0108,153,155,10.0,32
2022-10-31,SKU0108,139,0,10.0,32
2022-11-07,SKU0108,114,0,10.0,32
2022-11-14,SKU0108,93,0,10.0,32
2022-11-21,SKU0108,72,0,10.0,32
2022-11-28,SKU0108,60,0,10.0,32
2022-12-05,SKU0108,38,0,10.0,32
2022-12-12,SKU0108,21,239,10.0,32
2022-12-19,SKU0108,0,189,10.0,32
2022-12-26,SKU0108,153,165,10.0,32
2023-01-02,SKU0108,141,0,10.0,32
2023-01-09,SKU0108,115,0,10.0,32
2023-01-16,SKU0108,89,0,10.0,32
2023-01-23,SKU0108,70,0,10.0,32
2023-01-30,SKU0108,53,0,10.0,32
2023-02-06,SKU0108,40,0,10.0,32
2023-02-13,SKU0108,24,159,10.0,32
2023-02-20,SKU0108,10,126,10.0,32
2023-02-27,SKU0108,106,226,10.0,32
2023-03-06,SKU0108,89,0,10.0,32
2023-03-13,SKU0108,68,0,10.0,32
2023-03-20,SKU0108,58,0,10.0,32
2023-03-27,SKU0108,39,0,10.0,32
2023-04-03,SKU0108,161,191,10.0,32
2023-04-10,SKU0108,149,0,10.0,32
2023-04-17,SKU0108,137,0,10.0,32
2023-04-24,SKU0108,117,0,10.0,32
2023-05-01,SKU0108,99,0,10.0,32
2023-05-08,SKU0108,89,0,10.0,32
2023-05-15,SKU0108,76,0,10.0,32
2023-05-22,SKU0108,56,0,,32
2023-05-29,SKU0108,37,0,10.0,32
2023-06-05,SKU0108,121,147,10.0,32
2023-06-12,SKU0108,107,0,10.0,32
2023-06-19,SKU0108,92,0,10.0,32
2023-06-26,SKU0108,84,0,10.0,32
2023-07-03,SKU0108,70,0,10.0,32
2023-07-10,SKU0108,56,0,10.0,32
2023-07-17,SKU0108,40,0,10.0,32
2023-07-24,SKU0108,26,124,10.0,32
2023-07-31,SKU0108,160,177,10.0,32
2023-08-07,SKU0108,145,0,10.0,32
2023-08-14,SKU0108,132,0,10.0,32
2023-08-21,SKU0108,123,0,10.0,32
2023-08-28,SKU0108,114,0,10.0,32
2023-09-04,SKU0108,92,0,10.0,32
2023-09-11,SKU0108,76,0,10.0,32
2023-09-18,SKU0108,65,0,,32
2023-09-25,SKU0108,39,0,10.0,32
2023-10-02,SKU0108,28,162,10.0,32
2023-10-09,SKU0108,11,170,10.0,32
2023-10-16,SKU0108,0,151,10.0,32
2023-10-23,SKU0108,173,194,10.0,32
2023-10-30,SKU0108,152,0,10.0,32
2023-11-06,SKU0108,132,0,10.0,32
2023-11-13,SKU0108,108,0,10.0,32
2023-11-20,SKU0108,85,0,10.0,32
2023-11-27,SKU0108,71,0,10.0,32
2023-12-04,SKU0108,43,0,10.0,32
2023-12-11,SKU0108,15,209,10.0,32
2023-12-18,SKU0108,0,173,10.0,32
2023-12-25,SKU0108,0,218,10.0,32
2022-01-03,SKU0109,101,0,14.0,49
2022-01-10,SKU0109,76,0,14.0,49
2022-01-17,SKU0109,60,0,14.0,49
2022-01-24,SKU0109,44,182,14.0,49
2022-01-31,SKU0109,157,187,14.0,49
2022-02-07,SKU0109,131,0,14.0,49
2022-02-14,SKU0109,116,0,14.0,49
2022-02-21,SKU0109,100,0,14.0,49
2022-02-28,SKU0109,70,0,14.0,49
2022-03-07,SKU0109,51,0,14.0,49
2022-03-14,SKU0109,34,225,14.0,49
2022-03-21,SKU0109,122,173,14.0,49
2022-03-28,SKU0109,103,0,14.0,49
2022-04-04,SKU0109,89,0,14.0,49
2022-04-11,SKU0109,78,0,14.0,49
2022-04-18,SKU0109,59,0,14.0,49
2022-04-25,SKU0109,231,201,14.0,49
2022-05-02,SKU0109,217,0,14.0,49
2022-05-09,SKU0109,207,0,14.0,49
2022-05-16,SKU0109,184,0,14.0,49
2022-05-23,SKU0109,163,0,14.0,49
2022-05-30,SKU0109,142,0,14.0,49
2022-06-06,SKU0109,124,0,14.0,49
2022-06-13,SKU0109,111,0,14.0,49
2022-06-20,SKU0109,92,0,,49
2022-06-27,SKU0109,78,0,14.0,49
2022-07-04,SKU0109,67,0,14.0,49
2022-07-11,SKU0109,221,142,14.0,49
2022-07-18,SKU0109,211,0,14.0,49
2022-07-25,SKU0109,198,0,14.0,49
2022-08-01,SKU0109,184,0,14.0,49
2022-08-08,SKU0109,170,0,14.0,49
2022-08-15,SKU0109,158,0,14.0,49
2022-08-22,SKU0109,143,0,14.0,49
2022-08-29,SKU0109,129,0,14.0,49
2022-09-05,SKU0109,104,0,14.0,49
2022-09-12,SKU0109,83,0,14.0,49
2022-09-19,SKU0109,71,0,14.0,49
2022-09-26,SKU0109,50,0,14.0,49
2022-10-03,SKU0109,222,211,14.0,49
2022-10-10,SKU0109,197,0,14.0,49
2022-10-17,SKU0109,170,0,14.0,49
2022-10-24,SKU0109,147,0,14.0,49
2022-10-31,SKU0109,127,0,14.0,49
2022-11-07,SKU0109,104,0,14.0,49
2022-11-14,SKU0109,79,0,14.0,49
2022-11-21,SKU0109,65,0,14.0,49
2022-11-28,SKU0109,182,162,14.0,49
2022-12-05,SKU0109,153,0,14.0,49
2022-12-12,SKU0109,132,0,14.0,49
2022-12-19,SKU0109,114,0,14.0,49
2022-12-26,SKU0109,86,0,14.0,49
2023-01-02,SKU0109,65,0,14.0,49
2023-01-09,SKU0109,180,162,14.0,49
2023-01-16,SKU0109,152,0,14.0,49
2023-01-23,SKU0109,131,0,14.0,49
2023-01-30,SKU0109,102,0,14.0,49
2023-02-06,SKU0109,86,0,14.0,49
2023-02-13,SKU0109,65,0,14.0,49
2023-02-20,SKU0109,42,251,14.0,49
2023-02-27,SKU0109,123,219,14.0,49
2023-03-06,SKU0109,103,0,14.0,49
2023-03-13,SKU0109,89,0,14.0,49
2023-03-20,SKU0109,69,0,14.0,49
2023-03-27,SKU0109,50,0,14.0,49
2023-04-03,SKU0109,35,224,14.0,49
2023-04-10,SKU0109,22,200,14.0,49
2023-04-17,SKU0109,159,237,14.0,49
2023-04-24,SKU0109,137,0,14.0,49
2023-05-01,SKU0109,117,0,14.0,49
2023-05-08,SKU0109,95,0,14.0,49
2023-05-15,SKU0109,80,0,,49
2023-05-22,SKU0109,62,0,14.0,49
2023-05-29,SKU0109,221,233,14.0,49
2023-06-05,SKU0109,211,0,14.0,49
2023-06-12,SKU0109,201,0,14.0,49
2023-06-19,SKU0109,183,0,14.0,49
2023-06-26,SKU0109,165,0,14.0,49
2023-07-03,SKU0109,152,0,14.0,49
2023-07-10,SKU0109,144,0,14.0,49
2023-07-17,SKU0109,129,0,14.0,49
2023-07-24,SKU0109,120,0,14.0,49
2023-07-31,SKU0109,105,0,14.0,49
2023-08-07,SKU0109,87,0,14.0,49
2023-08-14,SKU0109,79,0,14.0,49
2023-08-21,SKU0109,64,0,14.0,49
2023-08-28,SKU0109,52,0,14.0,49
2023-09-04,SKU0109,200,192,14.0,49
2023-09-11,SKU0109,185,0,14.0,49
2023-09-18,SKU0109,166,0,14.0,49
2023-09-25,SKU0109,145,0,14.0,49
2023-10-02,SKU0109,121,0,14.0,49
2023-10-09,SKU0109,93,0,14.0,49
2023-10-16,SKU0109,66,0,14.0,49
2023-10-23,SKU0109,209,189,14.0,49
2023-10-30,SKU0109,186,0,14.0,49
2023-11-06,SKU0109,165,0,14.0,49
2023-11-13,SKU0109,149,0,14.0,49
2023-11-20,SKU0109,125,0,14.0,49
2023-11-27,SKU0109,103,0,14.0,49
2023-12-04,SKU0109,87,0,14.0,49
2023-12-11,SKU0109,61,0,14.0,49
2023-12-18,SKU0109,37,180,14.0,49
2023-12-25,SKU0109,10,180,14.0,49
2022-01-03,SKU0110,67,0,14.0,33
2022-01-10,SKU0110,50,0,14.0,33
2022-01-17,SKU0110,35,0,14.0,33
2022-01-24,SKU0110,15,106,14.0,33
2022-01-31,SKU0110,0,119,14.0,33
2022-02-07,SKU0110,0,171,14.0,33
2022-02-14,SKU0110,101,99,14.0,33
2022-02-21,SKU0110,89,0,14.0,33
2022-02-28,SKU0110,69,0,14.0,33
2022-03-07,SKU0110,56,0,14.0,33
2022-03-14,SKU0110,46,0,14.0,33
2022-03-21,SKU0110,32,129,14.0,33
2022-03-28,SKU0110,18,164,14.0,33
2022-04-04,SKU0110,3,154,14.0,33
2022-04-11,SKU0110,0,168,14.0,33
2022-04-18,SKU0110,121,172,14.0,33
2022-04-25,SKU0110,114,0,14.0,33
2022-05-02,SKU0110,106,0,14.0,33
2022-05-09,SKU0110,95,0,14.0,33
2022-05-16,SKU0110,85,0,14.0,33
2022-05-23,SKU0110,72,0,14.0,33
2022-05-30,SKU0110,58,0,14.0,33
2022-06-06,SKU0110,46,0,14.0,33
2022-06-13,SKU0110,40,0,14.0,33
2022-06-20,SKU0110,145,138,14.0,33
2022-06-27,SKU0110,139,0,14.0,33
2022-07-04,SKU0110,127,0,14.0,33
2022-07-11,SKU0110,115,0,14.0,33
2022-07-18,SKU0110,104,0,14.0,33
2022-07-25,SKU0110,98,0,14.0,33
2022-08-01,SKU0110,89,0,,33
2022-08-08,SKU0110,78,0,14.0,33
2022-08-15,SKU0110,67,0,14.0,33
2022-08-22,SKU0110,60,0,14.0,33
2022-08-29,SKU0110,49,0,14.0,33
2022-09-05,SKU0110,37,0,14.0,33
2022-09-12,SKU0110,100,94,14.0,33
2022-09-19,SKU0110,82,0,14.0,33
2022-09-26,SKU0110,72,0,14.0,33
2022-10-03,SKU0110,62,0,14.0,33
2022-10-10,SKU0110,53,0,14.0,33
2022-10-17,SKU0110,34,0,14.0,33
2022-10-24,SKU0110,15,166,14.0,33
2022-10-31,SKU0110,4,94,14.0,33
2022-11-07,SKU0110,95,166,14.0,33
2022-11-14,SKU0110,86,0,14.0,33
2022-11-21,SKU0110,70,0,14.0,33
2022-11-28,SKU0110,59,0,14.0,33
2022-12-05,SKU0110,41,0,14.0,33
2022-12-12,SKU0110,21,171,14.0,33
2022-12-19,SKU0110,12,153,14.0,33
2022-12-26,SKU0110,0,156,14.0,33
2023-01-02,SKU0110,0,168,14.0,33
2023-01-09,SKU0110,0,135,14.0,33
2023-01-16,SKU0110,0,154,14.0,33
2023-01-23,SKU0110,92,175,14.0,33
2023-01-30,SKU0110,74,0,14.0,33
2023-02-06,SKU0110,64,0,14.0,33
2023-02-13,SKU0110,53,0,14.0,33
2023-02-20,SKU0110,41,0,14.0,33
2023-02-27,SKU0110,21,89,14.0,33
2023-03-06,SKU0110,78,113,14.0,33
2023-03-13,SKU0110,68,0,14.0,33
2023-03-20,SKU0110,54,0,14.0,33
2023-03-27,SKU0110,43,0,14.0,33
2023-04-03,SKU0110,29,110,14.0,33
2023-04-10,SKU0110,18,166,14.0,33
2023-04-17,SKU0110,76,128,14.0,33
2023-04-24,SKU0110,62,0,14.0,33
2023-05-01,SKU0110,49,0,14.0,33
2023-05-08,SKU0110,40,0,14.0,33
2023-05-15,SKU0110,28,142,14.0,33
2023-05-22,SKU0110,14,171,14.0,33
2023-05-29,SKU0110,0,153,14.0,33
2023-06-05,SKU0110,104,111,14.0,33
2023-06-12,SKU0110,92,0,14.0,33
2023-06-19,SKU0110,86,0,14.0,33
2023-06-26,SKU0110,74,0,14.0,33
2023-07-03,SKU0110,65,0,,33
2023-07-10,SKU0110,52,0,14.0,33
2023-07-17,SKU0110,44,0,14.0,33
2023-07-24,SKU0110,33,123,14.0,33
2023-07-31,SKU0110,27,111,14.0,33
2023-08-07,SKU0110,22,141,14.0,33
2023-08-14,SKU0110,9,169,14.0,33
2023-08-21,SKU0110,0,140,14.0,33
2023-08-28,SKU0110,0,133,14.0,33
2023-09-04,SKU0110,0,159,14.0,33
2023-09-11,SKU0110,0,92,14.0,33
2023-09-18,SKU0110,0,159,14.0,33
2023-09-25,SKU0110,0,173,14.0,33
2023-10-02,SKU0110,0,135,14.0,33
2023-10-09,SKU0110,0,92,14.0,33
2023-10-16,SKU0110,122,138,14.0,33
2023-10-23,SKU0110,106,0,14.0,33
2023-10-30,SKU0110,94,0,14.0,33
2023-11-06,SKU0110,77,0,14.0,33
2023-11-13,SKU0110,61,0,14.0,33
2023-11-20,SKU0110,42,0,14.0,33
2023-11-27,SKU0110,28,125,14.0,33
2023-12-04,SKU0110,114,119,14.0,33
2023-12-11,SKU0110,100,0,14.0,33
2023-12-18,SKU0110,84,0,14.0,33
2023-12-25,SKU0110,70,0,14.0,33
2022-01-03,SKU0111,6,0,14.0,3
2022-01-10,SKU0111,5,0,14.0,3
2022-01-17,SKU0111,4,0,14.0,3
2022-01-24,SKU0111,11,18,14.0,3
2022-01-31,SKU0111,10,0,14.0,3
2022-02-07,SKU0111,9,0,14.0,3
2022-02-14,SKU0111,8,0,14.0,3
2022-02-21,SKU0111,7,0,14.0,3
2022-02-28,SKU0111,6,0,14.0,3
2022-03-07,SKU0111,5,0,14.0,3
2022-03-14,SKU0111,5,0,14.0,3
2022-03-21,SKU0111,5,0,14.0,3
2022-03-28,SKU0111,4,0,14.0,3
2022-04-04,SKU0111,4,0,14.0,3
2022-04-11,SKU0111,3,12,14.0,3
2022-04-18,SKU0111,9,16,14.0,3
2022-04-25,SKU0111,8,0,14.0,3
2022-05-02,SKU0111,7,0,14.0,3
2022-05-09,SKU0111,6,0,14.0,3
2022-05-16,SKU0111,6,0,14.0,3
2022-05-23,SKU0111,5,0,14.0,3
2022-05-30,SKU0111,5,0,14.0,3
2022-06-06,SKU0111,5,0,14.0,3
2022-06-13,SKU0111,4,0,14.0,3
2022-06-20,SKU0111,3,13,14.0,3
2022-06-27,SKU0111,10,14,14.0,3
2022-07-04,SKU0111,9,0,14.0,3
2022-07-11,SKU0111,9,0,14.0,3
2022-07-18,SKU0111,8,0,14.0,3
2022-07-25,SKU0111,8,0,14.0,3
2022-08-01,SKU0111,7,0,14.0,3
2022-08-08,SKU0111,7,0,14.0,3
2022-08-15,SKU0111,6,0,14.0,3
2022-08-22,SKU0111,6,0,14.0,3
2022-08-29,SKU0111,6,0,14.0,3
2022-09-05,SKU0111,5,0,14.0,3
2022-09-12,SKU0111,4,0,14.0,3
2022-09-19,SKU0111,3,14,14.0,3
2022-09-26,SKU0111,12,12,14.0,3
2022-10-03,SKU0111,11,0,14.0,3
2022-10-10,SKU0111,10,0,14.0,3
2022-10-17,SKU0111,9,0,14.0,3
2022-10-24,SKU0111,8,0,14.0,3
2022-10-31,SKU0111,7,0,14.0,3
2022-11-07,SKU0111,7,0,14.0,3
2022-11-14,SKU0111,6,0,14.0,3
2022-11-21,SKU0111,5,0,14.0,3
2022-11-28,SKU0111,4,0,14.0,3
2022-12-05,SKU0111,14,18,14.0,3
2022-12-12,SKU0111,13,0,14.0,3
2022-12-19,SKU0111,12,0,14.0,3
2022-12-26,SKU0111,11,0,14.0,3
2023-01-02,SKU0111,10,0,14.0,3
2023-01-09,SKU0111,9,0,14.0,3
2023-01-16,SKU0111,8,0,14.0,3
2023-01-23,SKU0111,7,0,14.0,3
2023-01-30,SKU0111,5,0,14.0,3
2023-02-06,SKU0111,4,0,,3
2023-02-13,SKU0111,12,10,14.0,3
2023-02-20,SKU0111,11,0,14.0,3
2023-02-27,SKU0111,10,0,14.0,3
2023-03-06,SKU0111,9,0,14.0,3
2023-03-13,SKU0111,8,0,14.0,3
2023-03-20,SKU0111,7,0,14.0,3
2023-03-27,SKU0111,6,0,14.0,3
2023-04-03,SKU0111,5,0,14.0,3
2023-04-10,SKU0111,4,0,14.0,3
2023-04-17,SKU0111,3,12,14.0,3
2023-04-24,SKU0111,12,19,14.0,3
2023-05-01,SKU0111,11,0,14.0,3
2023-05-08,SKU0111,10,0,14.0,3
2023-05-15,SKU0111,10,0,14.0,3
2023-05-22,SKU0111,10,0,14.0,3
2023-05-29,SKU0111,10,0,14.0,3
2023-06-05,SKU0111,10,0,14.0,3
2023-06-12,SKU0111,9,0,14.0,3
2023-06-19,SKU0111,9,0,14.0,3
2023-06-26,SKU0111,8,0,14.0,3
2023-07-03,SKU0111,7,0,14.0,3
2023-07-10,SKU0111,6,0,14.0,3
2023-07-17,SKU0111,6,0,14.0,3
2023-07-24,SKU0111,5,0,14.0,3
2023-07-31,SKU0111,4,0,14.0,3
2023-08-07,SKU0111,3,16,14.0,3
2023-08-14,SKU0111,3,13,14.0,3
2023-08-21,SKU0111,3,16,14.0,3
2023-08-28,SKU0111,14,16,14.0,3
2023-09-04,SKU0111,13,0,14.0,3
2023-09-11,SKU0111,12,0,14.0,3
2023-09-18,SKU0111,11,0,14.0,3
2023-09-25,SKU0111,10,0,14.0,3
2023-10-02,SKU0111,9,0,14.0,3
2023-10-09,SKU0111,9,0,14.0,3
2023-10-16,SKU0111,7,0,14.0,3
2023-10-23,SKU0111,7,0,14.0,3
2023-10-30,SKU0111,6,0,14.0,3
2023-11-06,SKU0111,5,0,14.0,3
2023-11-13,SKU0111,4,0,14.0,3
2023-11-20,SKU0111,14,9,14.0,3
2023-11-27,SKU0111,12,0,14.0,3
2023-12-04,SKU0111,11,0,14.0,3
2023-12-11,SKU0111,9,0,14.0,3
2023-12-18,SKU0111,7,0,14.0,3
2023-12-25,SKU0111,6,0,14.0,3
2022-01-03,SKU0112,88,0,14.0,35
2022-01-10,SKU0112,66,0,14.0,35
2022-01-17,SKU0112,55,0,14.0,35
2022-01-24,SKU0112,45,0,14.0,35
2022-01-31,SKU0112,122,107,14.0,35
2022-02-07,SKU0112,104,0,14.0,35
2022-02-14,SKU0112,85,0,14.0,35
2022-02-21,SKU0112,73,0,14.0,35
2022-02-28,SKU0112,57,0,14.0,35
2022-03-07,SKU0112,50,0,14.0,35
2022-03-14,SKU0112,39,0,14.0,35
2022-03-21,SKU0112,25,118,14.0,35
2022-03-28,SKU0112,148,172,14.0,35
2022-04-04,SKU0112,138,0,14.0,35
2022-04-11,SKU0112,129,0,14.0,35
2022-04-18,SKU0112,118,0,14.0,35
2022-04-25,SKU0112,106,0,14.0,35
2022-05-02,SKU0112,94,0,14.0,35
2022-05-09,SKU0112,87,0,14.0,35
2022-05-16,SKU0112,76,0,14.0,35
2022-05-23,SKU0112,67,0,14.0,35
2022-05-30,SKU0112,56,0,14.0,35
2022-06-06,SKU0112,50,0,14.0,35
2022-06-13,SKU0112,39,0,14.0,35
2022-06-20,SKU0112,152,163,14.0,35
2022-06-27,SKU0112,141,0,14.0,35
2022-07-04,SKU0112,128,0,14.0,35
2022-07-11,SKU0112,118,0,14.0,35
2022-07-18,SKU0112,107,0,14.0,35
2022-07-25,SKU0112,99,0,14.0,35
2022-08-01,SKU0112,93,0,14.0,35
2022-08-08,SKU0112,86,0,14.0,35
2022-08-15,SKU0112,80,0,14.0,35
2022-08-22,SKU0112,74,0,14.0,35
2022-08-29,SKU0112,64,0,14.0,35
2022-09-05,SKU0112,51,0,14.0,35
2022-09-12,SKU0112,36,0,14.0,35
2022-09-19,SKU0112,25,110,14.0,35
2022-09-26,SKU0112,148,176,14.0,35
2022-10-03,SKU0112,136,0,14.0,35
2022-10-10,SKU0112,116,0,14.0,35
2022-10-17,SKU0112,107,0,14.0,35
2022-10-24,SKU0112,97,0,14.0,35
2022-10-31,SKU0112,81,0,14.0,35
2022-11-07,SKU0112,62,0,14.0,35
2022-11-14,SKU0112,52,0,14.0,35
2022-11-21,SKU0112,38,0,14.0,35
2022-11-28,SKU0112,140,105,14.0,35
2022-12-05,SKU0112,120,0,14.0,35
2022-12-12,SKU0112,108,0,14.0,35
2022-12-19,SKU0112,88,0,14.0,35
2022-12-26,SKU0112,71,0,14.0,35
2023-01-02,SKU0112,58,0,14.0,35
2023-01-09,SKU0112,43,0,14.0,35
2023-01-16,SKU0112,158,101,14.0,35
2023-01-23,SKU0112,139,0,14.0,35
2023-01-30,SKU0112,129,0,14.0,35
2023-02-06,SKU0112,115,0,14.0,35
2023-02-13,SKU0112,94,0,14.0,35
2023-02-20,SKU0112,76,0,14.0,35
2023-02-27,SKU0112,55,0,14.0,35
2023-03-06,SKU0112,45,0,14.0,35
2023-03-13,SKU0112,165,99,14.0,35
2023-03-20,SKU0112,151,0,14.0,35
2023-03-27,SKU0112,138,0,14.0,35
2023-04-03,SKU0112,123,0,14.0,35
2023-04-10,SKU0112,108,0,14.0,35
2023-04-17,SKU0112,95,0,14.0,35
2023-04-24,SKU0112,83,0,14.0,35
2023-05-01,SKU0112,70,0,14.0,35
2023-05-08,SKU0112,60,0,14.0,35
2023-05-15,SKU0112,48,0,14.0,35
2023-05-22,SKU0112,40,0,,35
2023-05-29,SKU0112,28,153,14.0,35
2023-06-05,SKU0112,17,176,14.0,35
2023-06-12,SKU0112,4,185,14.0,35
2023-06-19,SKU0112,76,171,14.0,35
2023-06-26,SKU0112,63,0,14.0,35
2023-07-03,SKU0112,52,0,,35
2023-07-10,SKU0112,43,0,14.0,35
2023-07-17,SKU0112,124,188,14.0,35
2023-07-24,SKU0112,113,0,14.0,35
2023-07-31,SKU0112,101,0,14.0,35
2023-08-07,SKU0112,94,0,14.0,35
2023-08-14,SKU0112,81,0,14.0,35
2023-08-21,SKU0112,70,0,14.0,35
2023-08-28,SKU0112,62,0,14.0,35
2023-09-04,SKU0112,43,0,14.0,35
2023-09-11,SKU0112,28,100,14.0,35
2023-09-18,SKU0112,15,150,14.0,35
2023-09-25,SKU0112,0,106,14.0,35
2023-10-02,SKU0112,0,115,14.0,35
2023-10-09,SKU0112,0,175,14.0,35
2023-10-16,SKU0112,0,135,14.0,35
2023-10-23,SKU0112,0,164,14.0,35
2023-10-30,SKU0112,0,95,14.0,35
2023-11-06,SKU0112,0,101,14.0,35
2023-11-13,SKU0112,85,129,14.0,35
2023-11-20,SKU0112,68,0,14.0,35
2023-11-27,SKU0112,52,0,14.0,35
2023-12-04,SKU0112,128,176,,35
2023-12-11,SKU0112,111,0,14.0,35
2023-12-18,SKU0112,101,0,14.0,35
2023-12-25,SKU0112,80,0,14.0,35
2022-01-03,SKU0113,149,0,10.0,28
2022-01-10,SKU0113,125,0,10.0,28
2022-01-17,SKU0113,105,0,10.0,28
2022-01-24,SKU0113,91,0,10.0,28
2022-01-31,SKU0113,69,0,10.0,28
2022-02-07,SKU0113,51,0,10.0,28
2022-02-14,SKU0113,30,0,10.0,28
2022-02-21,SKU0113,12,174,10.0,28
2022-02-28,SKU0113,0,173,10.0,28
2022-03-07,SKU0113,0,188,10.0,28
2022-03-14,SKU0113,0,176,10.0,28
2022-03-21,SKU0113,0,116,10.0,28
2022-03-28,SKU0113,0,177,10.0,28
2022-04-04,SKU0113,0,120,10.0,28
2022-04-11,SKU0113,0,144,10.0,28
2022-04-18,SKU0113,0,116,10.0,28
2022-04-25,SKU0113,0,206,10.0,28
2022-05-02,SKU0113,0,160,,28
2022-05-09,SKU0113,120,182,10.0,28
2022-05-16,SKU0113,109,0,10.0,28
2022-05-23,SKU0113,93,0,10.0,28
2022-05-30,SKU0113,81,0,10.0,28
2022-06-06,SKU0113,72,0,10.0,28
2022-06-13,SKU0113,64,0,10.0,28
2022-06-20,SKU0113,55,0,10.0,28
2022-06-27,SKU0113,47,0,10.0,28
2022-07-04,SKU0113,41,0,10.0,28
2022-07-11,SKU0113,30,0,10.0,28
2022-07-18,SKU0113,21,180,10.0,28
2022-07-25,SKU0113,113,179,10.0,28
2022-08-01,SKU0113,102,0,10.0,28
2022-08-08,SKU0113,94,0,10.0,28
2022-08-15,SKU0113,85,0,10.0,28
2022-08-22,SKU0113,74,0,10.0,28
2022-08-29,SKU0113,65,0,10.0,28
2022-09-05,SKU0113,44,0,10.0,28
2022-09-12,SKU0113,24,208,10.0,28
2022-09-19,SKU0113,10,200,10.0,28
2022-09-26,SKU0113,94,193,10.0,28
2022-10-03,SKU0113,80,0,10.0,28
2022-10-10,SKU0113,62,0,10.0,28
2022-10-17,SKU0113,40,0,10.0,28
2022-10-24,SKU0113,30,0,10.0,28
2022-10-31,SKU0113,14,177,10.0,28
2022-11-07,SKU0113,92,138,10.0,28
2022-11-14,SKU0113,79,0,10.0,28
2022-11-21,SKU0113,62,0,10.0,28
2022-11-28,SKU0113,47,0,10.0,28
2022-12-05,SKU0113,29,0,10.0,28
2022-12-12,SKU0113,96,182,10.0,28
2022-12-19,SKU0113,83,0,10.0,28
2022-12-26,SKU0113,63,0,10.0,28
2023-01-02,SKU0113,47,0,10.0,28
2023-01-09,SKU0113,36,0,10.0,28
2023-01-16,SKU0113,18,183,10.0,28
2023-01-23,SKU0113,4,166,10.0,28
2023-01-30,SKU0113,110,192,10.0,28
2023-02-06,SKU0113,95,0,10.0,28
2023-02-13,SKU0113,79,0,10.0,28
2023-02-20,SKU0113,66,0,10.0,28
2023-02-27,SKU0113,52,0,10.0,28
2023-03-06,SKU0113,42,0,10.0,28
2023-03-13,SKU0113,30,0,,28
2023-03-20,SKU0113,22,177,10.0,28
2023-03-27,SKU0113,131,137,10.0,28
2023-04-03,SKU0113,120,0,10.0,28
2023-04-10,SKU0113,110,0,10.0,28
2023-04-17,SKU0113,101,0,10.0,28
2023-04-24,SKU0113,88,0,10.0,28
2023-05-01,SKU0113,77,0,10.0,28
2023-05-08,SKU0113,69,0,10.0,28
2023-05-15,SKU0113,52,0,10.0,28
2023-05-22,SKU0113,40,0,10.0,28
2023-05-29,SKU0113,26,114,10.0,28
2023-06-05,SKU0113,18,163,10.0,28
2023-06-12,SKU0113,164,141,10.0,28
2023-06-19,SKU0113,156,0,10.0,28
2023-06-26,SKU0113,149,0,10.0,28
2023-07-03,SKU0113,138,0,10.0,28
2023-07-10,SKU0113,127,0,10.0,28
2023-07-17,SKU0113,119,0,10.0,28
2023-07-24,SKU0113,106,0,10.0,28
2023-07-31,SKU0113,98,0,10.0,28
2023-08-07,SKU0113,86,0,10.0,28
2023-08-14,SKU0113,72,0,10.0,28
2023-08-21,SKU0113,64,0,10.0,28
2023-08-28,SKU0113,54,0,10.0,28
2023-09-04,SKU0113,34,0,10.0,28
2023-09-11,SKU0113,165,188,10.0,28
2023-09-18,SKU0113,146,0,10.0,28
2023-09-25,SKU0113,130,0,10.0,28
2023-10-02,SKU0113,113,0,10.0,28
2023-10-09,SKU0113,97,0,10.0,28
2023-10-16,SKU0113,76,0,10.0,28
2023-10-23,SKU0113,64,0,10.0,28
2023-10-30,SKU0113,53,0,10.0,28
2023-11-06,SKU0113,39,0,10.0,28
2023-11-13,SKU0113,21,136,10.0,28
2023-11-20,SKU0113,3,139,10.0,28
2023-11-27,SKU0113,0,130,10.0,28
2023-12-04,SKU0113,0,132,10.0,28
2023-12-11,SKU0113,0,131,10.0,28
2023-12-18,SKU0113,0,133,10.0,28
2023-12-25,SKU0113,0,107,10.0,28
2022-01-03,SKU0114,584,0,10.0,501
2022-01-10,SKU0114,233,3299,10.0,501
2022-01-17,SKU0114,37,1963,10.0,501
2022-01-24,SKU0114,0,3490,10.0,501
2022-01-31,SKU0114,0,2862,10.0,501
2022-02-07,SKU0114,2360,2842,10.0,501
2022-02-14,SKU0114,2128,0,10.0,501
2022-02-21,SKU0114,1844,0,10.0,501
2022-02-28,SKU0114,1510,0,10.0,501
2022-03-07,SKU0114,1349,0,10.0,501
2022-03-14,SKU0114,1185,0,10.0,501
2022-03-21,SKU0114,930,0,10.0,501
2022-03-28,SKU0114,734,0,10.0,501
2022-04-04,SKU0114,3297,3257,10.0,501
2022-04-11,SKU0114,3068,0,10.0,501
2022-04-18,SKU0114,2903,0,10.0,501
2022-04-25,SKU0114,2758,0,10.0,501
2022-05-02,SKU0114,2475,0,10.0,501
2022-05-09,SKU0114,2157,0,10.0,501
2022-05-16,SKU0114,1832,0,10.0,501
2022-05-23,SKU0114,1647,0,10.0,501
2022-05-30,SKU0114,1421,0,10.0,501
2022-06-06,SKU0114,1153,0,10.0,501
2022-06-13,SKU0114,1022,0,10.0,501
2022-06-20,SKU0114,787,0,10.0,501
2022-06-27,SKU0114,579,0,10.0,501
2022-07-04,SKU0114,2672,2597,10.0,501
2022-07-11,SKU0114,2480,0,10.0,501
2022-07-18,SKU0114,2265,0,10.0,501
2022-07-25,SKU0114,2050,0,10.0,501
2022-08-01,SKU0114,1780,0,10.0,501
2022-08-08,SKU0114,1600,0,10.0,501
2022-08-15,SKU0114,1399,0,10.0,501
2022-08-22,SKU0114,1148,0,10.0,501
2022-08-29,SKU0114,920,0,10.0,501
2022-09-05,SKU0114,618,0,10.0,501
2022-09-12,SKU0114,402,2585,10.0,501
2022-09-19,SKU0114,2436,3265,10.0,501
2022-09-26,SKU0114,2157,0,10.0,501
2022-10-03,SKU0114,1900,0,10.0,501
2022-10-10,SKU0114,1667,0,10.0,501
2022-10-17,SKU0114,1273,0,10.0,501
2022-10-24,SKU0114,910,0,10.0,501
2022-10-31,SKU0114,580,0,10.0,501
2022-11-07,SKU0114,362,3535,10.0,501
2022-11-14,SKU0114,109,3095,10.0,501
2022-11-21,SKU0114,0,2837,10.0,501
2022-11-28,SKU0114,2274,2261,10.0,501
2022-12-05,SKU0114,2036,0,10.0,501
2022-12-12,SKU0114,1813,0,10.0,501
2022-12-19,SKU0114,1530,0,10.0,501
2022-12-26,SKU0114,1308,0,10.0,501
2023-01-02,SKU0114,1078,0,,501
2023-01-09,SKU0114,762,0,10.0,501
2023-01-16,SKU0114,2445,2388,10.0,501
2023-01-23,SKU0114,2169,0,10.0,501
2023-01-30,SKU0114,1721,0,10.0,501
2023-02-06,SKU0114,1291,0,10.0,501
2023-02-13,SKU0114,938,0,10.0,501
2023-02-20,SKU0114,695,0,10.0,501
2023-02-27,SKU0114,2361,3160,10.0,501
2023-03-06,SKU0114,2085,0,10.0,501
2023-03-13,SKU0114,1937,0,10.0,501
2023-03-20,SKU0114,1713,0,10.0,501
2023-03-27,SKU0114,1549,0,10.0,501
2023-04-03,SKU0114,1268,0,10.0,501
2023-04-10,SKU0114,988,0,10.0,501
2023-04-17,SKU0114,672,0,10.0,501
2023-04-24,SKU0114,510,0,10.0,501
2023-05-01,SKU0114,216,2514,10.0,501
2023-05-08,SKU0114,0,2638,10.0,501
2023-05-15,SKU0114,1690,3282,10.0,501
2023-05-22,SKU0114,1465,0,10.0,501
2023-05-29,SKU0114,1196,0,10.0,501
2023-06-05,SKU0114,1003,0,10.0,501
2023-06-12,SKU0114,858,0,10.0,501
2023-06-19,SKU0114,723,0,10.0,501
2023-06-26,SKU0114,555,0,10.0,501
2023-07-03,SKU0114,2268,2777,10.0,501
2023-07-10,SKU0114,2049,0,10.0,501
2023-07-17,SKU0114,1884,0,,501
2023-07-24,SKU0114,1731,0,10.0,501
2023-07-31,SKU0114,1573,0,10.0,501
2023-08-07,SKU0114,1368,0,10.0,501
2023-08-14,SKU0114,1101,0,10.0,501
2023-08-21,SKU0114,859,0,10.0,501
2023-08-28,SKU0114,617,0,10.0,501
2023-09-04,SKU0114,432,2342,10.0,501
2023-09-11,SKU0114,2395,2833,10.0,501
2023-09-18,SKU0114,1994,0,10.0,501
2023-09-25,SKU0114,1720,0,10.0,501
2023-10-02,SKU0114,1360,0,10.0,501
2023-10-09,SKU0114,988,0,10.0,501
2023-10-16,SKU0114,723,0,10.0,501
2023-10-23,SKU0114,2252,2258,10.0,501
2023-10-30,SKU0114,1908,0,10.0,501
2023-11-06,SKU0114,1694,0,10.0,501
2023-11-13,SKU0114,1504,0,10.0,501
2023-11-20,SKU0114,1293,0,10.0,501
2023-11-27,SKU0114,942,0,10.0,501
2023-12-04,SKU0114,575,0,10.0,501
2023-12-11,SKU0114,317,2692,10.0,501
2023-12-18,SKU0114,2376,2531,10.0,501
2023-12-25,SKU0114,1951,0,10.0,501
2022-01-03,SKU0115,114,0,21.0,43
2022-01-10,SKU0115,96,0,21.0,43
2022-01-17,SKU0115,86,0,21.0,43
2022-01-24,SKU0115,73,0,21.0,43
2022-01-31,SKU0115,58,0,21.0,43
2022-02-07,SKU0115,45,0,21.0,43
2022-02-14,SKU0115,101,79,,43
2022-02-21,SKU0115,88,0,21.0,43
2022-02-28,SKU0115,70,0,21.0,43
2022-03-07,SKU0115,62,0,21.0,43
2022-03-14,SKU0115,53,0,21.0,43
2022-03-21,SKU0115,43,132,21.0,43
2022-03-28,SKU0115,36,99,21.0,43
2022-04-04,SKU0115,126,94,21.0,43
2022-04-11,SKU0115,118,0,21.0,43
2022-04-18,SKU0115,105,0,21.0,43
2022-04-25,SKU0115,96,0,21.0,43
2022-05-02,SKU0115,90,0,21.0,43
2022-05-09,SKU0115,77,0,21.0,43
2022-05-16,SKU0115,69,0,21.0,43
2022-05-23,SKU0115,61,0,21.0,43
2022-05-30,SKU0115,53,0,21.0,43
2022-06-06,SKU0115,46,0,21.0,43
2022-06-13,SKU0115,153,110,21.0,43
2022-06-20,SKU0115,143,0,21.0,43
2022-06-27,SKU0115,136,0,21.0,43
2022-07-04,SKU0115,129,0,21.0,43
2022-07-11,SKU0115,122,0,21.0,43
2022-07-18,SKU0115,111,0,21.0,43
2022-07-25,SKU0115,102,0,21.0,43
2022-08-01,SKU0115,95,0,21.0,43
2022-08-08,SKU0115,89,0,21.0,43
2022-08-15,SKU0115,81,0,21.0,43
2022-08-22,SKU0115,73,0,21.0,43
2022-08-29,SKU0115,63,0,21.0,43
2022-09-05,SKU0115,55,0,21.0,43
2022-09-12,SKU0115,42,144,21.0,43
2022-09-19,SKU0115,101,135,21.0,43
2022-09-26,SKU0115,88,0,21.0,43
2022-10-03,SKU0115,74,0,21.0,43
2022-10-10,SKU0115,58,0,21.0,43
2022-10-17,SKU0115,49,0,21.0,43
2022-10-24,SKU0115,37,122,21.0,43
2022-10-31,SKU0115,25,135,21.0,43
2022-11-07,SKU0115,17,150,21.0,43
2022-11-14,SKU0115,87,145,21.0,43
2022-11-21,SKU0115,75,0,21.0,43
2022-11-28,SKU0115,63,0,21.0,43
2022-12-05,SKU0115,45,0,21.0,43
2022-12-12,SKU0115,35,110,21.0,43
2022-12-19,SKU0115,27,153,21.0,43
2022-12-26,SKU0115,19,102,21.0,43
2023-01-02,SKU0115,102,138,21.0,43
2023-01-09,SKU0115,92,0,21.0,43
2023-01-16,SKU0115,81,0,21.0,43
2023-01-23,SKU0115,70,0,21.0,43
2023-01-30,SKU0115,53,0,21.0,43
2023-02-06,SKU0115,146,134,21.0,43
2023-02-13,SKU0115,137,0,21.0,43
2023-02-20,SKU0115,126,0,21.0,43
2023-02-27,SKU0115,115,0,21.0,43
2023-03-06,SKU0115,103,0,21.0,43
2023-03-13,SKU0115,95,0,21.0,43
2023-03-20,SKU0115,83,0,21.0,43
2023-03-27,SKU0115,71,0,21.0,43
2023-04-03,SKU0115,64,0,21.0,43
2023-04-10,SKU0115,51,0,21.0,43
2023-04-17,SKU0115,155,77,21.0,43
2023-04-24,SKU0115,148,0,21.0,43
2023-05-01,SKU0115,136,0,21.0,43
2023-05-08,SKU0115,127,0,21.0,43
2023-05-15,SKU0115,117,0,21.0,43
2023-05-22,SKU0115,106,0,21.0,43
2023-05-29,SKU0115,97,0,21.0,43
2023-06-05,SKU0115,87,0,21.0,43
2023-06-12,SKU0115,77,0,21.0,43
2023-06-19,SKU0115,72,0,21.0,43
2023-06-26,SKU0115,65,0,21.0,43
2023-07-03,SKU0115,57,0,21.0,43
2023-07-10,SKU0115,51,0,21.0,43
2023-07-17,SKU0115,42,100,21.0,43
2023-07-24,SKU0115,32,124,21.0,43
2023-07-31,SKU0115,25,110,21.0,43
2023-08-07,SKU0115,20,91,21.0,43
2023-08-14,SKU0115,109,140,21.0,43
2023-08-21,SKU0115,102,0,21.0,43
2023-08-28,SKU0115,97,0,21.0,43
2023-09-04,SKU0115,86,0,21.0,43
2023-09-11,SKU0115,74,0,21.0,43
2023-09-18,SKU0115,66,0,21.0,43
2023-09-25,SKU0115,53,0,21.0,43
2023-10-02,SKU0115,40,147,21.0,43
2023-10-09,SKU0115,26,150,21.0,43
2023-10-16,SKU0115,11,138,21.0,43
2023-10-23,SKU0115,98,90,21.0,43
2023-10-30,SKU0115,82,0,21.0,43
2023-11-06,SKU0115,73,0,21.0,43
2023-11-13,SKU0115,57,0,21.0,43
2023-11-20,SKU0115,45,0,21.0,43
2023-11-27,SKU0115,36,132,21.0,43
2023-12-04,SKU0115,85,102,21.0,43
2023-12-11,SKU0115,72,0,21.0,43
2023-12-18,SKU0115,54,0,21.0,43
2023-12-25,SKU0115,138,133,21.0,43
2022-01-03,SKU0116,67,0,7.0,26
2022-01-10,SKU0116,40,0,7.0,26
2022-01-17,SKU0116,152,235,7.0,26
2022-01-24,SKU0116,127,0,,26
2022-01-31,SKU0116,112,0,7.0,26
2022-02-07,SKU0116,87,0,7.0,26
2022-02-14,SKU0116,58,0,7.0,26
2022-02-21,SKU0116,31,0,7.0,26
2022-02-28,SKU0116,123,158,7.0,26
2022-03-07,SKU0116,109,0,7.0,26
2022-03-14,SKU0116,88,0,7.0,26
2022-03-21,SKU0116,67,0,7.0,26
2022-03-28,SKU0116,56,0,7.0,26
2022-04-04,SKU0116,41,0,7.0,26
2022-04-11,SKU0116,27,0,7.0,26
2022-04-18,SKU0116,4,238,7.0,26
2022-04-25,SKU0116,121,252,7.0,26
2022-05-02,SKU0116,107,0,7.0,26
2022-05-09,SKU0116,85,0,7.0,26
2022-05-16,SKU0116,73,0,7.0,26
2022-05-23,SKU0116,51,0,7.0,26
2022-05-30,SKU0116,40,0,7.0,26
2022-06-06,SKU0116,29,0,7.0,26
2022-06-13,SKU0116,11,183,7.0,26
2022-06-20,SKU0116,187,275,7.0,26
2022-06-27,SKU0116,174,0,7.0,26
2022-07-04,SKU0116,157,0,7.0,26
2022-07-11,SKU0116,137,0,7.0,26
2022-07-18,SKU0116,128,0,7.0,26
2022-07-25,SKU0116,119,0,7.0,26
2022-08-01,SKU0116,109,0,7.0,26
2022-08-08,SKU0116,94,0,7.0,26
2022-08-15,SKU0116,84,0,7.0,26
2022-08-22,SKU0116,70,0,7.0,26
2022-08-29,SKU0116,53,0,7.0,26
2022-09-05,SKU0116,133,209,7.0,26
2022-09-12,SKU0116,117,0,7.0,26
2022-09-19,SKU0116,98,0,7.0,26
2022-09-26,SKU0116,80,0,7.0,26
2022-10-03,SKU0116,59,0,7.0,26
2022-10-10,SKU0116,35,0,7.0,26
2022-10-17,SKU0116,222,266,7.0,26
2022-10-24,SKU0116,206,0,7.0,26
2022-10-31,SKU0116,177,0,7.0,26
2022-11-07,SKU0116,151,0,7.0,26
2022-11-14,SKU0116,134,0,7.0,26
2022-11-21,SKU0116,115,0,7.0,26
2022-11-28,SKU0116,91,0,7.0,26
2022-12-05,SKU0116,59,0,7.0,26
2022-12-12,SKU0116,37,0,7.0,26
2022-12-19,SKU0116,15,223,7.0,26
2022-12-26,SKU0116,0,179,7.0,26
2023-01-02,SKU0116,172,216,7.0,26
2023-01-09,SKU0116,152,0,7.0,26
2023-01-16,SKU0116,119,0,7.0,26
2023-01-23,SKU0116,89,0,7.0,26
2023-01-30,SKU0116,56,0,7.0,26
2023-02-06,SKU0116,27,0,7.0,26
2023-02-13,SKU0116,130,226,7.0,26
2023-02-20,SKU0116,106,0,7.0,26
2023-02-27,SKU0116,75,0,7.0,26
2023-03-06,SKU0116,59,0,7.0,26
2023-03-13,SKU0116,40,0,7.0,26
2023-03-20,SKU0116,164,223,7.0,26
2023-03-27,SKU0116,154,0,7.0,26
2023-04-03,SKU0116,132,0,7.0,26
2023-04-10,SKU0116,117,0,7.0,26
2023-04-17,SKU0116,100,0,7.0,26
2023-04-24,SKU0116,76,0,7.0,26
2023-05-01,SKU0116,55,0,7.0,26
2023-05-08,SKU0116,37,0,7.0,26
2023-05-15,SKU0116,221,196,7.0,26
2023-05-22,SKU0116,199,0,7.0,26
2023-05-29,SKU0116,183,0,7.0,26
2023-06-05,SKU0116,169,0,7.0,26
2023-06-12,SKU0116,160,0,7.0,26
2023-06-19,SKU0116,149,0,7.0,26
2023-06-26,SKU0116,135,0,7.0,26
2023-07-03,SKU0116,122,0,7.0,26
2023-07-10,SKU0116,108,0,7.0,26
2023-07-17,SKU0116,98,0,7.0,26
2023-07-24,SKU0116,85,0,7.0,26
2023-07-31,SKU0116,69,0,7.0,26
2023-08-07,SKU0116,53,0,7.0,26
2023-08-14,SKU0116,37,0,7.0,26
2023-08-21,SKU0116,29,0,7.0,26
2023-08-28,SKU0116,15,198,7.0,26
2023-09-04,SKU0116,0,273,7.0,26
2023-09-11,SKU0116,0,240,7.0,26
2023-09-18,SKU0116,147,143,7.0,26
2023-09-25,SKU0116,123,0,,26
2023-10-02,SKU0116,101,0,7.0,26
2023-10-09,SKU0116,82,0,7.0,26
2023-10-16,SKU0116,53,0,7.0,26
2023-10-23,SKU0116,35,0,7.0,26
2023-10-30,SKU0116,20,206,7.0,26
2023-11-06,SKU0116,159,219,7.0,26
2023-11-13,SKU0116,141,0,7.0,26
2023-11-20,SKU0116,122,0,7.0,26
2023-11-27,SKU0116,109,0,7.0,26
2023-12-04,SKU0116,76,0,7.0,26
2023-12-11,SKU0116,58,0,7.0,26
2023-12-18,SKU0116,43,0,7.0,26
2023-12-25,SKU0116,27,0,7.0,26
2022-01-03,SKU0117,24,0,7.0,17
2022-01-10,SKU0117,4,124,7.0,17
2022-01-17,SKU0117,109,178,7.0,17
2022-01-24,SKU0117,87,0,7.0,17
2022-01-31,SKU0117,69,0,7.0,17
2022-02-07,SKU0117,47,0,7.0,17
2022-02-14,SKU0117,35,0,7.0,17
2022-02-21,SKU0117,21,0,7.0,17
2022-02-28,SKU0117,105,134,7.0,17
2022-03-07,SKU0117,98,0,7.0,17
2022-03-14,SKU0117,91,0,7.0,17
2022-03-21,SKU0117,77,0,7.0,17
2022-03-28,SKU0117,70,0,7.0,17
2022-04-04,SKU0117,61,0,7.0,17
2022-04-11,SKU0117,54,0,7.0,17
2022-04-18,SKU0117,43,0,7.0,17
2022-04-25,SKU0117,33,0,7.0,17
2022-05-02,SKU0117,20,0,7.0,17
2022-05-09,SKU0117,123,161,7.0,17
2022-05-16,SKU0117,116,0,7.0,17
2022-05-23,SKU0117,106,0,7.0,17
2022-05-30,SKU0117,96,0,7.0,17
2022-06-06,SKU0117,85,0,7.0,17
2022-06-13,SKU0117,76,0,,17
2022-06-20,SKU0117,69,0,7.0,17
2022-06-27,SKU0117,57,0,7.0,17
2022-07-04,SKU0117,45,0,7.0,17
2022-07-11,SKU0117,37,0,7.0,17
2022-07-18,SKU0117,25,0,7.0,17
2022-07-25,SKU0117,12,112,7.0,17
2022-08-01,SKU0117,3,169,7.0,17
2022-08-08,SKU0117,0,186,7.0,17
2022-08-15,SKU0117,0,129,7.0,17
2022-08-22,SKU0117,0,109,7.0,17
2022-08-29,SKU0117,0,179,7.0,17
2022-09-05,SKU0117,0,146,7.0,17
2022-09-12,SKU0117,0,164,7.0,17
2022-09-19,SKU0117,0,175,7.0,17
2022-09-26,SKU0117,0,158,7.0,17
2022-10-03,SKU0117,0,177,7.0,17
2022-10-10,SKU0117,0,124,7.0,17
2022-10-17,SKU0117,107,145,7.0,17
2022-10-24,SKU0117,87,0,7.0,17
2022-10-31,SKU0117,78,0,7.0,17
2022-11-07,SKU0117,60,0,7.0,17
2022-11-14,SKU0117,45,0,7.0,17
2022-11-21,SKU0117,26,0,7.0,17
2022-11-28,SKU0117,116,102,7.0,17
2022-12-05,SKU0117,100,0,7.0,17
2022-12-12,SKU0117,79,0,7.0,17
2022-12-19,SKU0117,58,0,7.0,17
2022-12-26,SKU0117,38,0,7.0,17
2023-01-02,SKU0117,18,0,7.0,17
2023-01-09,SKU0117,96,159,7.0,17
2023-01-16,SKU0117,78,0,7.0,17
2023-01-23,SKU0117,68,0,7.0,17
2023-01-30,SKU0117,55,0,,17
2023-02-06,SKU0117,44,0,7.0,17
2023-02-13,SKU0117,26,0,7.0,17
2023-02-20,SKU0117,6,121,7.0,17
2023-02-27,SKU0117,0,162,7.0,17
2023-03-06,SKU0117,120,140,7.0,17
2023-03-13,SKU0117,106,0,7.0,17
2023-03-20,SKU0117,96,0,7.0,17
2023-03-27,SKU0117,88,0,7.0,17
2023-04-03,SKU0117,80,0,7.0,17
2023-04-10,SKU0117,65,0,7.0,17
2023-04-17,SKU0117,54,0,7.0,17
2023-04-24,SKU0117,43,0,7.0,17
2023-05-01,SKU0117,28,0,7.0,17
2023-05-08,SKU0117,17,173,7.0,17
2023-05-15,SKU0117,106,149,7.0,17
2023-05-22,SKU0117,94,0,7.0,17
2023-05-29,SKU0117,82,0,7.0,17
2023-06-05,SKU0117,76,0,7.0,17
2023-06-12,SKU0117,64,0,7.0,17
2023-06-19,SKU0117,57,0,7.0,17
2023-06-26,SKU0117,44,0,7.0,17
2023-07-03,SKU0117,38,0,7.0,17
2023-07-10,SKU0117,30,0,7.0,17
2023-07-17,SKU0117,18,0,7.0,17
2023-07-24,SKU0117,9,181,7.0,17
2023-07-31,SKU0117,99,130,7.0,17
2023-08-07,SKU0117,91,0,7.0,17
2023-08-14,SKU0117,85,0,7.0,17
2023-08-21,SKU0117,76,0,7.0,17
2023-08-28,SKU0117,70,0,7.0,17
2023-09-04,SKU0117,52,0,7.0,17
2023-09-11,SKU0117,34,0,,17
2023-09-18,SKU0117,20,0,7.0,17
2023-09-25,SKU0117,100,104,7.0,17
2023-10-02,SKU0117,84,0,7.0,17
2023-10-09,SKU0117,76,0,7.0,17
2023-10-16,SKU0117,61,0,7.0,17
2023-10-23,SKU0117,49,0,7.0,17
2023-10-30,SKU0117,32,0,7.0,17
2023-11-06,SKU0117,14,146,7.0,17
2023-11-13,SKU0117,116,152,7.0,17
2023-11-20,SKU0117,97,0,7.0,17
2023-11-27,SKU0117,81,0,7.0,17
2023-12-04,SKU0117,67,0,7.0,17
2023-12-11,SKU0117,48,0,7.0,17
2023-12-18,SKU0117,33,0,7.0,17
2023-12-25,SKU0117,21,0,7.0,17
2022-01-03,SKU0118,30,27,30.0,19
2022-01-10,SKU0118,26,0,30.0,19
2022-01-17,SKU0118,24,0,30.0,19
2022-01-24,SKU0118,20,0,30.0,19
2022-01-31,SKU0118,36,37,30.0,19
2022-02-07,SKU0118,32,0,30.0,19
2022-02-14,SKU0118,27,0,30.0,19
2022-02-21,SKU0118,22,0,30.0,19
2022-02-28,SKU0118,20,0,30.0,19
2022-03-07,SKU0118,18,25,30.0,19
2022-03-14,SKU0118,15,30,30.0,19
2022-03-21,SKU0118,36,29,30.0,19
2022-03-28,SKU0118,33,0,30.0,19
2022-04-04,SKU0118,30,0,30.0,19
2022-04-11,SKU0118,27,0,30.0,19
2022-04-18,SKU0118,25,0,30.0,19
2022-04-25,SKU0118,23,0,30.0,19
2022-05-02,SKU0118,20,0,30.0,19
2022-05-09,SKU0118,49,34,30.0,19
2022-05-16,SKU0118,47,0,30.0,19
2022-05-23,SKU0118,44,0,30.0,19
2022-05-30,SKU0118,40,0,30.0,19
2022-06-06,SKU0118,39,0,30.0,19
2022-06-13,SKU0118,37,0,30.0,19
2022-06-20,SKU0118,35,0,30.0,19
2022-06-27,SKU0118,32,0,30.0,19
2022-07-04,SKU0118,30,0,30.0,19
2022-07-11,SKU0118,27,0,30.0,19
2022-07-18,SKU0118,24,0,30.0,19
2022-07-25,SKU0118,21,0,30.0,19
2022-08-01,SKU0118,46,35,30.0,19
2022-08-08,SKU0118,44,0,30.0,19
2022-08-15,SKU0118,41,0,30.0,19
2022-08-22,SKU0118,39,0,30.0,19
2022-08-29,SKU0118,37,0,30.0,19
2022-09-05,SKU0118,33,0,30.0,19
2022-09-12,SKU0118,31,0,30.0,19
2022-09-19,SKU0118,28,0,30.0,19
2022-09-26,SKU0118,26,0,30.0,19
2022-10-03,SKU0118,23,0,30.0,19
2022-10-10,SKU0118,21,0,30.0,19
2022-10-17,SKU0118,18,37,30.0,19
2022-10-24,SKU0118,15,38,30.0,19
2022-10-31,SKU0118,32,24,30.0,19
2022-11-07,SKU0118,27,0,30.0,19
2022-11-14,SKU0118,25,0,30.0,19
2022-11-21,SKU0118,20,0,30.0,19
2022-11-28,SKU0118,18,39,30.0,19
2022-12-05,SKU0118,39,34,30.0,19
2022-12-12,SKU0118,37,0,30.0,19
2022-12-19,SKU0118,32,0,30.0,19
2022-12-26,SKU0118,27,0,30.0,19
2023-01-02,SKU0118,23,0,30.0,19
2023-01-09,SKU0118,20,0,30.0,19
2023-01-16,SKU0118,36,26,30.0,19
2023-01-23,SKU0118,32,0,30.0,19
2023-01-30,SKU0118,27,0,30.0,19
2023-02-06,SKU0118,24,0,30.0,19
2023-02-13,SKU0118,19,46,30.0,19
2023-02-20,SKU0118,35,32,30.0,19
2023-02-27,SKU0118,31,0,30.0,19
2023-03-06,SKU0118,29,0,30.0,19
2023-03-13,SKU0118,26,0,30.0,19
2023-03-20,SKU0118,23,0,30.0,19
2023-03-27,SKU0118,21,0,30.0,19
2023-04-03,SKU0118,18,26,30.0,19
2023-04-10,SKU0118,16,33,,19
2023-04-17,SKU0118,13,24,30.0,19
2023-04-24,SKU0118,36,45,30.0,19
2023-05-01,SKU0118,34,0,30.0,19
2023-05-08,SKU0118,31,0,30.0,19
2023-05-15,SKU0118,29,0,30.0,19
2023-05-22,SKU0118,27,0,30.0,19
2023-05-29,SKU0118,25,0,30.0,19
2023-06-05,SKU0118,24,0,30.0,19
2023-06-12,SKU0118,22,0,30.0,19
2023-06-19,SKU0118,20,0,30.0,19
2023-06-26,SKU0118,18,45,30.0,19
2023-07-03,SKU0118,37,31,30.0,19
2023-07-10,SKU0118,35,0,30.0,19
2023-07-17,SKU0118,34,0,30.0,19
2023-07-24,SKU0118,33,0,30.0,19
2023-07-31,SKU0118,31,0,30.0,19
2023-08-07,SKU0118,29,0,30.0,19
2023-08-14,SKU0118,27,0,30.0,19
2023-08-21,SKU0118,26,0,30.0,19
2023-08-28,SKU0118,24,0,30.0,19
2023-09-04,SKU0118,22,0,30.0,19
2023-09-11,SKU0118,17,27,30.0,19
2023-09-18,SKU0118,14,27,30.0,19
2023-09-25,SKU0118,33,46,30.0,19
2023-10-02,SKU0118,29,0,30.0,19
2023-10-09,SKU0118,27,0,30.0,19
2023-10-16,SKU0118,25,0,30.0,19
2023-10-23,SKU0118,22,0,30.0,19
2023-10-30,SKU0118,18,29,30.0,19
2023-11-06,SKU0118,47,29,30.0,19
2023-11-13,SKU0118,42,0,30.0,19
2023-11-20,SKU0118,38,0,30.0,19
2023-11-27,SKU0118,34,0,30.0,19
2023-12-04,SKU0118,30,0,30.0,19
2023-12-11,SKU0118,25,0,30.0,19
2023-12-18,SKU0118,23,0,30.0,19
2023-12-25,SKU0118,48,40,30.0,19
2022-01-03,SKU0119,274,0,14.0,144
2022-01-10,SKU0119,185,0,14.0,144
2022-01-17,SKU0119,582,523,14.0,144
2022-01-24,SKU0119,510,0,14.0,144
2022-01-31,SKU0119,423,0,14.0,144
2022-02-07,SKU0119,375,0,14.0,144
2022-02-14,SKU0119,301,0,14.0,144
2022-02-21,SKU0119,243,0,14.0,144
2022-02-28,SKU0119,201,0,14.0,144
2022-03-07,SKU0119,172,0,14.0,144
2022-03-14,SKU0119,125,442,14.0,144
2022-03-21,SKU0119,441,474,14.0,144
2022-03-28,SKU0119,395,0,14.0,144
2022-04-04,SKU0119,342,0,14.0,144
2022-04-11,SKU0119,306,0,14.0,144
2022-04-18,SKU0119,256,0,14.0,144
2022-04-25,SKU0119,193,0,14.0,144
2022-05-02,SKU0119,145,0,14.0,144
2022-05-09,SKU0119,636,527,14.0,144
2022-05-16,SKU0119,576,0,14.0,144
2022-05-23,SKU0119,526,0,14.0,144
2022-05-30,SKU0119,493,0,14.0,144
2022-06-06,SKU0119,466,0,14.0,144
2022-06-13,SKU0119,427,0,14.0,144
2022-06-20,SKU0119,382,0,14.0,144
2022-06-27,SKU0119,327,0,14.0,144
2022-07-04,SKU0119,298,0,14.0,144
2022-07-11,SKU0119,248,0,14.0,144
2022-07-18,SKU0119,218,0,14.0,144
2022-07-25,SKU0119,167,0,14.0,144
2022-08-01,SKU0119,443,524,14.0,144
2022-08-08,SKU0119,407,0,14.0,144
2022-08-15,SKU0119,357,0,14.0,144
2022-08-22,SKU0119,331,0,14.0,144
2022-08-29,SKU0119,287,0,14.0,144
2022-09-05,SKU0119,208,0,14.0,144
2022-09-12,SKU0119,146,0,14.0,144
2022-09-19,SKU0119,104,740,14.0,144
2022-09-26,SKU0119,68,682,14.0,144
2022-10-03,SKU0119,0,616,,144
2022-10-10,SKU0119,0,643,14.0,144
2022-10-17,SKU0119,0,649,14.0,144
2022-10-24,SKU0119,0,499,,144
2022-10-31,SKU0119,0,403,14.0,144
2022-11-07,SKU0119,0,541,14.0,144
2022-11-14,SKU0119,0,440,14.0,144
2022-11-21,SKU0119,0,476,14.0,144
2022-11-28,SKU0119,0,416,14.0,144
2022-12-05,SKU0119,0,682,14.0,144
2022-12-12,SKU0119,346,714,14.0,144
2022-12-19,SKU0119,295,0,14.0,144
2022-12-26,SKU0119,242,0,14.0,144
2023-01-02,SKU0119,184,0,,144
2023-01-09,SKU0119,96,446,14.0,144
2023-01-16,SKU0119,53,476,14.0,144
2023-01-23,SKU0119,0,588,14.0,144
2023-01-30,SKU0119,380,523,14.0,144
2023-02-06,SKU0119,326,0,14.0,144
2023-02-13,SKU0119,247,0,14.0,144
2023-02-20,SKU0119,193,0,14.0,144
2023-02-27,SKU0119,146,0,14.0,144
2023-03-06,SKU0119,91,412,14.0,144
2023-03-13,SKU0119,39,707,14.0,144
2023-03-20,SKU0119,0,683,14.0,144
2023-03-27,SKU0119,546,559,14.0,144
2023-04-03,SKU0119,495,0,14.0,144
2023-04-10,SKU0119,431,0,14.0,144
2023-04-17,SKU0119,398,0,14.0,144
2023-04-24,SKU0119,354,0,14.0,144
2023-05-01,SKU0119,317,0,14.0,144
2023-05-08,SKU0119,264,0,14.0,144
2023-05-15,SKU0119,232,0,14.0,144
2023-05-22,SKU0119,185,0,14.0,144
2023-05-29,SKU0119,151,0,14.0,144
2023-06-05,SKU0119,569,670,14.0,144
2023-06-12,SKU0119,530,0,14.0,144
2023-06-19,SKU0119,506,0,14.0,144
2023-06-26,SKU0119,456,0,14.0,144
2023-07-03,SKU0119,410,0,14.0,144
2023-07-10,SKU0119,372,0,14.0,144
2023-07-17,SKU0119,343,0,14.0,144
2023-07-24,SKU0119,298,0,14.0,144
2023-07-31,SKU0119,262,0,14.0,144
2023-08-07,SKU0119,222,0,14.0,144
2023-08-14,SKU0119,195,0,14.0,144
2023-08-21,SKU0119,155,0,14.0,144
2023-08-28,SKU0119,107,743,14.0,144
2023-09-04,SKU0119,62,609,14.0,144
2023-09-11,SKU0119,0,602,14.0,144
2023-09-18,SKU0119,476,666,14.0,144
2023-09-25,SKU0119,423,0,14.0,144
2023-10-02,SKU0119,372,0,14.0,144
2023-10-09,SKU0119,303,0,14.0,144
2023-10-16,SKU0119,250,0,14.0,144
2023-10-23,SKU0119,187,0,14.0,144
2023-10-30,SKU0119,620,420,14.0,144
2023-11-06,SKU0119,551,0,14.0,144
2023-11-13,SKU0119,499,0,14.0,144
2023-11-20,SKU0119,459,0,14.0,144
2023-11-27,SKU0119,379,0,14.0,144
2023-12-04,SKU0119,333,0,14.0,144
2023-12-11,SKU0119,258,0,14.0,144
2023-12-18,SKU0119,187,0,14.0,144
2023-12-25,SKU0119,688,473,14.0,144
2022-01-03,SKU0120,387,241,10.0,64
2022-01-10,SKU0120,345,0,10.0,64
2022-01-17,SKU0120,298,0,10.0,64
2022-01-24,SKU0120,241,0,10.0,64
2022-01-31,SKU0120,184,0,10.0,64
2022-02-07,SKU0120,149,0,10.0,64
2022-02-14,SKU0120,94,0,10.0,64
2022-02-21,SKU0120,230,463,10.0,64
2022-02-28,SKU0120,176,0,10.0,64
2022-03-07,SKU0120,144,0,10.0,64
2022-03-14,SKU0120,108,0,10.0,64
2022-03-21,SKU0120,83,0,10.0,64
2022-03-28,SKU0120,351,401,10.0,64
2022-04-04,SKU0120,315,0,10.0,64
2022-04-11,SKU0120,286,0,10.0,64
2022-04-18,SKU0120,245,0,10.0,64
2022-04-25,SKU0120,207,0,10.0,64
2022-05-02,SKU0120,169,0,10.0,64
2022-05-09,SKU0120,145,0,10.0,64
2022-05-16,SKU0120,116,0,10.0,64
2022-05-23,SKU0120,91,0,10.0,64
2022-05-30,SKU0120,68,0,10.0,64
2022-06-06,SKU0120,46,383,10.0,64
2022-06-13,SKU0120,326,431,10.0,64
2022-06-20,SKU0120,301,0,10.0,64
2022-06-27,SKU0120,277,0,10.0,64
2022-07-04,SKU0120,260,0,10.0,64
2022-07-11,SKU0120,230,0,10.0,64
2022-07-18,SKU0120,205,0,10.0,64
2022-07-25,SKU0120,180,0,10.0,64
2022-08-01,SKU0120,153,0,10.0,64
2022-08-08,SKU0120,129,0,10.0,64
2022-08-15,SKU0120,109,0,10.0,64
2022-08-22,SKU0120,92,0,10.0,64
2022-08-29,SKU0120,72,0,10.0,64
2022-09-05,SKU0120,46,406,10.0,64
2022-09-12,SKU0120,0,315,10.0,64
2022-09-19,SKU0120,0,347,10.0,64
2022-09-26,SKU0120,241,452,10.0,64
2022-10-03,SKU0120,191,0,10.0,64
2022-10-10,SKU0120,161,0,10.0,64
2022-10-17,SKU0120,123,0,10.0,64
2022-10-24,SKU0120,75,0,10.0,64
2022-10-31,SKU0120,48,446,10.0,64
2022-11-07,SKU0120,5,389,10.0,64
2022-11-14,SKU0120,0,293,10.0,64
2022-11-21,SKU0120,253,377,10.0,64
2022-11-28,SKU0120,220,0,10.0,64
2022-12-05,SKU0120,194,0,10.0,64
2022-12-12,SKU0120,151,0,10.0,64
2022-12-19,SKU0120,99,0,10.0,64
2022-12-26,SKU0120,69,0,10.0,64
2023-01-02,SKU0120,23,263,10.0,64
2023-01-09,SKU0120,0,271,10.0,64
2023-01-16,SKU0120,198,378,10.0,64
2023-01-23,SKU0120,166,0,10.0,64
2023-01-30,SKU0120,123,0,10.0,64
2023-02-06,SKU0120,87,0,10.0,64
2023-02-13,SKU0120,36,351,10.0,64
2023-02-20,SKU0120,0,317,10.0,64
2023-02-27,SKU0120,209,443,10.0,64
2023-03-06,SKU0120,179,0,10.0,64
2023-03-13,SKU0120,138,0,10.0,64
2023-03-20,SKU0120,114,0,10.0,64
2023-03-27,SKU0120,73,0,10.0,64
2023-04-03,SKU0120,271,405,10.0,64
2023-04-10,SKU0120,248,0,10.0,64
2023-04-17,SKU0120,222,0,10.0,64
2023-04-24,SKU0120,196,0,10.0,64
2023-05-01,SKU0120,176,0,10.0,64
2023-05-08,SKU0120,142,0,10.0,64
2023-05-15,SKU0120,112,0,10.0,64
2023-05-22,SKU0120,82,0,10.0,64
2023-05-29,SKU0120,41,248,10.0,64
2023-06-05,SKU0120,362,291,10.0,64
2023-06-12,SKU0120,347,0,10.0,64
2023-06-19,SKU0120,328,0,10.0,64
2023-06-26,SKU0120,300,0,10.0,64
2023-07-03,SKU0120,275,0,10.0,64
2023-07-10,SKU0120,244,0,10.0,64
2023-07-17,SKU0120,228,0,10.0,64
2023-07-24,SKU0120,207,0,10.0,64
2023-07-31,SKU0120,176,0,10.0,64
2023-08-07,SKU0120,151,0,10.0,64
2023-08-14,SKU0120,121,0,10.0,64
2023-08-21,SKU0120,98,0,10.0,64
2023-08-28,SKU0120,68,0,,64
2023-09-04,SKU0120,274,351,10.0,64
2023-09-11,SKU0120,244,0,10.0,64
2023-09-18,SKU0120,203,0,10.0,64
2023-09-25,SKU0120,175,0,10.0,64
2023-10-02,SKU0120,135,0,10.0,64
2023-10-09,SKU0120,101,0,10.0,64
2023-10-16,SKU0120,78,0,10.0,64
2023-10-23,SKU0120,29,326,10.0,64
2023-10-30,SKU0120,1,399,10.0,64
2023-11-06,SKU0120,0,350,10.0,64
2023-11-13,SKU0120,195,410,10.0,64
2023-11-20,SKU0120,172,0,10.0,64
2023-11-27,SKU0120,145,0,10.0,64
2023-12-04,SKU0120,106,0,10.0,64
2023-12-11,SKU0120,51,305,10.0,64
2023-12-18,SKU0120,0,446,10.0,64
2023-12-25,SKU0120,0,278,10.0,64
2022-01-03,SKU0121,210,0,30.0,202
2022-01-10,SKU0121,412,259,30.0,202
2022-01-17,SKU0121,367,0,30.0,202
2022-01-24,SKU0121,335,0,30.0,202
2022-01-31,SKU0121,304,0,30.0,202
2022-02-07,SKU0121,264,0,30.0,202
2022-02-14,SKU0121,214,0,30.0,202
2022-02-21,SKU0121,179,263,30.0,202
2022-02-28,SKU0121,485,472,30.0,202
2022-03-07,SKU0121,453,0,30.0,202
2022-03-14,SKU0121,423,0,30.0,202
2022-03-21,SKU0121,399,0,30.0,202
2022-03-28,SKU0121,379,0,30.0,202
2022-04-04,SKU0121,350,0,30.0,202
2022-04-11,SKU0121,313,0,30.0,202
2022-04-18,SKU0121,272,0,30.0,202
2022-04-25,SKU0121,242,0,30.0,202
2022-05-02,SKU0121,211,0,30.0,202
2022-05-09,SKU0121,426,347,30.0,202
2022-05-16,SKU0121,391,0,30.0,202
2022-05-23,SKU0121,348,0,30.0,202
2022-05-30,SKU0121,312,0,30.0,202
2022-06-06,SKU0121,293,0,30.0,202
2022-06-13,SKU0121,269,0,30.0,202
2022-06-20,SKU0121,242,0,30.0,202
2022-06-27,SKU0121,226,0,30.0,202
2022-07-04,SKU0121,205,0,30.0,202
2022-07-11,SKU0121,183,277,30.0,202
2022-07-18,SKU0121,525,466,30.0,202
2022-07-25,SKU0121,497,0,30.0,202
2022-08-01,SKU0121,476,0,30.0,202
2022-08-08,SKU0121,445,0,30.0,202
2022-08-15,SKU0121,415,0,30.0,202
2022-08-22,SKU0121,380,0,30.0,202
2022-08-29,SKU0121,359,0,30.0,202
2022-09-05,SKU0121,327,0,30.0,202
2022-09-12,SKU0121,299,0,30.0,202
2022-09-19,SKU0121,263,0,30.0,202
2022-09-26,SKU0121,229,0,30.0,202
2022-10-03,SKU0121,204,0,30.0,202
2022-10-10,SKU0121,505,267,30.0,202
2022-10-17,SKU0121,461,0,30.0,202
2022-10-24,SKU0121,411,0,30.0,202
2022-10-31,SKU0121,357,0,30.0,202
2022-11-07,SKU0121,331,0,30.0,202
2022-11-14,SKU0121,297,0,30.0,202
2022-11-21,SKU0121,248,0,30.0,202
2022-11-28,SKU0121,213,0,30.0,202
2022-12-05,SKU0121,487,459,30.0,202
2022-12-12,SKU0121,461,0,30.0,202
2022-12-19,SKU0121,421,0,30.0,202
2022-12-26,SKU0121,381,0,30.0,202
2023-01-02,SKU0121,333,0,30.0,202
2023-01-09,SKU0121,275,0,30.0,202
2023-01-16,SKU0121,226,0,30.0,202
2023-01-23,SKU0121,196,405,30.0,202
2023-01-30,SKU0121,137,502,30.0,202
2023-02-06,SKU0121,89,269,30.0,202
2023-02-13,SKU0121,33,334,30.0,202
2023-02-20,SKU0121,283,432,30.0,202
2023-02-27,SKU0121,242,0,30.0,202
2023-03-06,SKU0121,217,0,30.0,202
2023-03-13,SKU0121,188,359,30.0,202
2023-03-20,SKU0121,378,477,,202
2023-03-27,SKU0121,357,0,30.0,202
2023-04-03,SKU0121,323,0,30.0,202
2023-04-10,SKU0121,289,0,30.0,202
2023-04-17,SKU0121,261,0,30.0,202
2023-04-24,SKU0121,238,0,30.0,202
2023-05-01,SKU0121,196,360,30.0,202
2023-05-08,SKU0121,160,457,30.0,202
2023-05-15,SKU0121,135,480,30.0,202
2023-05-22,SKU0121,400,444,30.0,202
2023-05-29,SKU0121,358,0,30.0,202
2023-06-05,SKU0121,333,0,30.0,202
2023-06-12,SKU0121,305,0,30.0,202
2023-06-19,SKU0121,280,0,30.0,202
2023-06-26,SKU0121,246,0,30.0,202
2023-07-03,SKU0121,216,0,30.0,202
2023-07-10,SKU0121,518,496,30.0,202
2023-07-17,SKU0121,486,0,30.0,202
2023-07-24,SKU0121,450,0,30.0,202
2023-07-31,SKU0121,422,0,30.0,202
2023-08-07,SKU0121,394,0,30.0,202
2023-08-14,SKU0121,358,0,30.0,202
2023-08-21,SKU0121,327,0,30.0,202
2023-08-28,SKU0121,305,0,30.0,202
2023-09-04,SKU0121,264,0,30.0,202
2023-09-11,SKU0121,219,0,30.0,202
2023-09-18,SKU0121,186,275,30.0,202
2023-09-25,SKU0121,444,308,30.0,202
2023-10-02,SKU0121,392,0,30.0,202
2023-10-09,SKU0121,351,0,30.0,202
2023-10-16,SKU0121,323,0,30.0,202
2023-10-23,SKU0121,285,0,30.0,202
2023-10-30,SKU0121,261,0,30.0,202
2023-11-06,SKU0121,209,0,30.0,202
2023-11-13,SKU0121,424,287,30.0,202
2023-11-20,SKU0121,370,0,30.0,202
2023-11-27,SKU0121,345,0,30.0,202
2023-12-04,SKU0121,306,0,30.0,202
2023-12-11,SKU0121,280,0,30.0,202
2023-12-18,SKU0121,225,0,30.0,202
2023-12-25,SKU0121,448,396,30.0,202
2022-01-03,SKU0122,22,0,7.0,6
2022-01-10,SKU0122,16,0,7.0,6
2022-01-17,SKU0122,11,0,7.0,6
2022-01-24,SKU0122,7,0,7.0,6
2022-01-31,SKU0122,35,54,7.0,6
2022-02-07,SKU0122,31,0,7.0,6
2022-02-14,SKU0122,27,0,7.0,6
2022-02-21,SKU0122,23,0,7.0,6
2022-02-28,SKU0122,19,0,7.0,6
2022-03-07,SKU0122,15,0,7.0,6
2022-03-14,SKU0122,13,0,7.0,6
2022-03-21,SKU0122,11,0,,6
2022-03-28,SKU0122,7,0,7.0,6
2022-04-04,SKU0122,3,43,7.0,6
2022-04-11,SKU0122,0,50,7.0,6
2022-04-18,SKU0122,35,57,7.0,6
2022-04-25,SKU0122,31,0,7.0,6
2022-05-02,SKU0122,28,0,7.0,6
2022-05-09,SKU0122,26,0,7.0,6
2022-05-16,SKU0122,21,0,7.0,6
2022-05-23,SKU0122,18,0,7.0,6
2022-05-30,SKU0122,14,0,7.0,6
2022-06-06,SKU0122,12,0,7.0,6
2022-06-13,SKU0122,9,0,7.0,6
2022-06-20,SKU0122,7,0,7.0,6
2022-06-27,SKU0122,46,56,7.0,6
2022-07-04,SKU0122,44,0,7.0,6
2022-07-11,SKU0122,42,0,7.0,6
2022-07-18,SKU0122,38,0,7.0,6
2022-07-25,SKU0122,36,0,7.0,6
2022-08-01,SKU0122,34,0,7.0,6
2022-08-08,SKU0122,32,0,7.0,6
2022-08-15,SKU0122,30,0,7.0,6
2022-08-22,SKU0122,26,0,7.0,6
2022-08-29,SKU0122,23,0,7.0,6
2022-09-05,SKU0122,19,0,7.0,6
2022-09-12,SKU0122,14,0,7.0,6
2022-09-19,SKU0122,8,0,7.0,6
2022-09-26,SKU0122,3,32,7.0,6
2022-10-03,SKU0122,0,45,7.0,6
2022-10-10,SKU0122,0,33,7.0,6
2022-10-17,SKU0122,28,61,7.0,6
2022-10-24,SKU0122,24,0,7.0,6
2022-10-31,SKU0122,18,0,7.0,6
2022-11-07,SKU0122,15,0,7.0,6
2022-11-14,SKU0122,9,0,7.0,6
2022-11-21,SKU0122,5,56,7.0,6
2022-11-28,SKU0122,48,49,7.0,6
2022-12-05,SKU0122,41,0,7.0,6
2022-12-12,SKU0122,38,0,7.0,6
2022-12-19,SKU0122,34,0,7.0,6
2022-12-26,SKU0122,31,0,7.0,6
2023-01-02,SKU0122,24,0,7.0,6
2023-01-09,SKU0122,21,0,7.0,6
2023-01-16,SKU0122,14,0,7.0,6
2023-01-23,SKU0122,11,0,7.0,6
2023-01-30,SKU0122,7,0,7.0,6
2023-02-06,SKU0122,1,53,7.0,6
2023-02-13,SKU0122,0,50,7.0,6
2023-02-20,SKU0122,39,58,7.0,6
2023-02-27,SKU0122,33,0,7.0,6
2023-03-06,SKU0122,28,0,7.0,6
2023-03-13,SKU0122,25,0,7.0,6
2023-03-20,SKU0122,21,0,7.0,6
2023-03-27,SKU0122,17,0,7.0,6
2023-04-03,SKU0122,14,0,7.0,6
2023-04-10,SKU0122,10,0,7.0,6
2023-04-17,SKU0122,5,50,7.0,6
2023-04-24,SKU0122,2,42,7.0,6
2023-05-01,SKU0122,0,45,7.0,6
2023-05-08,SKU0122,0,45,7.0,6
2023-05-15,SKU0122,0,48,7.0,6
2023-05-22,SKU0122,0,37,7.0,6
2023-05-29,SKU0122,0,43,7.0,6
2023-06-05,SKU0122,0,41,7.0,6
2023-06-12,SKU0122,0,38,7.0,6
2023-06-19,SKU0122,37,39,7.0,6
2023-06-26,SKU0122,35,0,7.0,6
2023-07-03,SKU0122,33,0,7.0,6
2023-07-10,SKU0122,29,0,7.0,6
2023-07-17,SKU0122,26,0,7.0,6
2023-07-24,SKU0122,22,0,7.0,6
2023-07-31,SKU0122,19,0,7.0,6
2023-08-07,SKU0122,15,0,7.0,6
2023-08-14,SKU0122,11,0,7.0,6
2023-08-21,SKU0122,8,0,7.0,6
2023-08-28,SKU0122,48,52,7.0,6
2023-09-04,SKU0122,44,0,7.0,6
2023-09-11,SKU0122,40,0,7.0,6
2023-09-18,SKU0122,37,0,7.0,6
2023-09-25,SKU0122,32,0,7.0,6
2023-10-02,SKU0122,29,0,7.0,6
2023-10-09,SKU0122,25,0,7.0,6
2023-10-16,SKU0122,19,0,7.0,6
2023-10-23,SKU0122,14,0,7.0,6
2023-10-30,SKU0122,9,0,7.0,6
2023-11-06,SKU0122,33,49,7.0,6
2023-11-13,SKU0122,27,0,7.0,6
2023-11-20,SKU0122,23,0,7.0,6
2023-11-27,SKU0122,17,0,7.0,6
2023-12-04,SKU0122,12,0,7.0,6
2023-12-11,SKU0122,8,0,7.0,6
2023-12-18,SKU0122,42,37,7.0,6
2023-12-25,SKU0122,38,0,7.0,6
2022-01-03,SKU0123,115,836,21.0,295
2022-01-10,SKU0123,485,947,21.0,295
2022-01-17,SKU0123,382,0,21.0,295
2022-01-24,SKU0123,789,934,21.0,295
2022-01-31,SKU0123,731,0,21.0,295
2022-02-07,SKU0123,658,0,21.0,295
2022-02-14,SKU0123,549,0,21.0,295
2022-02-21,SKU0123,482,0,21.0,295
2022-02-28,SKU0123,413,0,21.0,295
2022-03-07,SKU0123,361,0,21.0,295
2022-03-14,SKU0123,322,0,21.0,295
2022-03-21,SKU0123,239,615,21.0,295
2022-03-28,SKU0123,194,843,21.0,295
2022-04-04,SKU0123,132,701,,295
2022-04-11,SKU0123,844,917,21.0,295
2022-04-18,SKU0123,769,0,21.0,295
2022-04-25,SKU0123,691,0,21.0,295
2022-05-02,SKU0123,632,0,21.0,295
2022-05-09,SKU0123,574,0,21.0,295
2022-05-16,SKU0123,531,0,21.0,295
2022-05-23,SKU0123,452,0,21.0,295
2022-05-30,SKU0123,394,0,21.0,295
2022-06-06,SKU0123,337,0,21.0,295
2022-06-13,SKU0123,291,747,21.0,295
2022-06-20,SKU0123,244,878,21.0,295
2022-06-27,SKU0123,190,767,21.0,295
2022-07-04,SKU0123,852,778,21.0,295
2022-07-11,SKU0123,814,0,21.0,295
2022-07-18,SKU0123,767,0,21.0,295
2022-07-25,SKU0123,709,0,21.0,295
2022-08-01,SKU0123,653,0,21.0,295
2022-08-08,SKU0123,588,0,21.0,295
2022-08-15,SKU0123,541,0,21.0,295
2022-08-22,SKU0123,481,0,21.0,295
2022-08-29,SKU0123,417,0,21.0,295
2022-09-05,SKU0123,325,0,21.0,295
2022-09-12,SKU0123,237,647,21.0,295
2022-09-19,SKU0123,126,982,21.0,295
2022-09-26,SKU0123,66,899,21.0,295
2022-10-03,SKU0123,488,954,21.0,295
2022-10-10,SKU0123,406,0,21.0,295
2022-10-17,SKU0123,292,861,21.0,295
2022-10-24,SKU0123,227,901,21.0,295
2022-10-31,SKU0123,899,979,21.0,295
2022-11-07,SKU0123,800,0,21.0,295
2022-11-14,SKU0123,709,0,21.0,295
2022-11-21,SKU0123,639,0,21.0,295
2022-11-28,SKU0123,563,0,21.0,295
2022-12-05,SKU0123,441,0,21.0,295
2022-12-12,SKU0123,378,0,21.0,295
2022-12-19,SKU0123,314,0,21.0,295
2022-12-26,SKU0123,626,717,21.0,295
2023-01-02,SKU0123,567,0,21.0,295
2023-01-09,SKU0123,468,0,21.0,295
2023-01-16,SKU0123,359,0,21.0,295
2023-01-23,SKU0123,299,0,21.0,295
2023-01-30,SKU0123,179,653,21.0,295
2023-02-06,SKU0123,95,546,21.0,295
2023-02-13,SKU0123,0,746,21.0,295
2023-02-20,SKU0123,0,1011,21.0,295
2023-02-27,SKU0123,0,572,21.0,295
2023-03-06,SKU0123,0,634,21.0,295
2023-03-13,SKU0123,570,1025,21.0,295
2023-03-20,SKU0123,506,0,21.0,295
2023-03-27,SKU0123,424,0,21.0,295
2023-04-03,SKU0123,351,0,21.0,295
2023-04-10,SKU0123,290,711,21.0,295
2023-04-17,SKU0123,214,688,21.0,295
2023-04-24,SKU0123,605,944,21.0,295
2023-05-01,SKU0123,562,0,21.0,295
2023-05-08,SKU0123,488,0,21.0,295
2023-05-15,SKU0123,414,0,21.0,295
2023-05-22,SKU0123,333,0,21.0,295
2023-05-29,SKU0123,286,921,21.0,295
2023-06-05,SKU0123,241,933,21.0,295
2023-06-12,SKU0123,195,725,21.0,295
2023-06-19,SKU0123,734,968,21.0,295
2023-06-26,SKU0123,682,0,21.0,295
2023-07-03,SKU0123,607,0,21.0,295
2023-07-10,SKU0123,566,0,21.0,295
2023-07-17,SKU0123,514,0,21.0,295
2023-07-24,SKU0123,473,0,21.0,295
2023-07-31,SKU0123,397,0,21.0,295
2023-08-07,SKU0123,349,0,21.0,295
2023-08-14,SKU0123,311,0,21.0,295
2023-08-21,SKU0123,245,1014,21.0,295
2023-08-28,SKU0123,180,788,21.0,295
2023-09-04,SKU0123,731,735,21.0,295
2023-09-11,SKU0123,649,0,21.0,295
2023-09-18,SKU0123,545,0,21.0,295
2023-09-25,SKU0123,464,0,21.0,295
2023-10-02,SKU0123,398,0,21.0,295
2023-10-09,SKU0123,305,0,21.0,295
2023-10-16,SKU0123,212,928,21.0,295
2023-10-23,SKU0123,851,975,21.0,295
2023-10-30,SKU0123,792,0,21.0,295
2023-11-06,SKU0123,727,0,21.0,295
2023-11-13,SKU0123,616,0,21.0,295
2023-11-20,SKU0123,527,0,21.0,295
2023-11-27,SKU0123,438,0,21.0,295
2023-12-04,SKU0123,350,0,21.0,295
2023-12-11,SKU0123,975,835,21.0,295
2023-12-18,SKU0123,899,0,21.0,295
2023-12-25,SKU0123,788,0,21.0,295
2022-01-03,SKU0124,19,0,7.0,3
2022-01-10,SKU0124,16,0,7.0,3
2022-01-17,SKU0124,14,0,7.0,3
2022-01-24,SKU0124,11,0,7.0,3
2022-01-31,SKU0124,9,0,7.0,3
2022-02-07,SKU0124,6,0,7.0,3
2022-02-14,SKU0124,5,0,7.0,3
2022-02-21,SKU0124,19,34,7.0,3
2022-02-28,SKU0124,17,0,7.0,3
2022-03-07,SKU0124,15,0,7.0,3
2022-03-14,SKU0124,14,0,7.0,3
2022-03-21,SKU0124,13,0,7.0,3
2022-03-28,SKU0124,12,0,7.0,3
2022-04-04,SKU0124,11,0,7.0,3
2022-04-11,SKU0124,10,0,7.0,3
2022-04-18,SKU0124,7,0,7.0,3
2022-04-25,SKU0124,5,0,7.0,3
2022-05-02,SKU0124,3,30,7.0,3
2022-05-09,SKU0124,0,21,7.0,3
2022-05-16,SKU0124,16,31,7.0,3
2022-05-23,SKU0124,15,0,7.0,3
2022-05-30,SKU0124,14,0,7.0,3
2022-06-06,SKU0124,13,0,7.0,3
2022-06-13,SKU0124,11,0,7.0,3
2022-06-20,SKU0124,10,0,7.0,3
2022-06-27,SKU0124,8,0,7.0,3
2022-07-04,SKU0124,6,0,7.0,3
2022-07-11,SKU0124,4,0,7.0,3
2022-07-18,SKU0124,2,34,7.0,3
2022-07-25,SKU0124,26,33,7.0,3
2022-08-01,SKU0124,24,0,7.0,3
2022-08-08,SKU0124,23,0,7.0,3
2022-08-15,SKU0124,21,0,7.0,3
2022-08-22,SKU0124,20,0,7.0,3
2022-08-29,SKU0124,18,0,7.0,3
2022-09-05,SKU0124,15,0,7.0,3
2022-09-12,SKU0124,13,0,7.0,3
2022-09-19,SKU0124,10,0,7.0,3
2022-09-26,SKU0124,7,0,7.0,3
2022-10-03,SKU0124,6,0,7.0,3
2022-10-10,SKU0124,4,0,7.0,3
2022-10-17,SKU0124,2,19,7.0,3
2022-10-24,SKU0124,0,27,7.0,3
2022-10-31,SKU0124,0,35,7.0,3
2022-11-07,SKU0124,0,23,7.0,3
2022-11-14,SKU0124,0,29,7.0,3
2022-11-21,SKU0124,19,29,7.0,3
2022-11-28,SKU0124,16,0,7.0,3
2022-12-05,SKU0124,13,0,7.0,3
2022-12-12,SKU0124,10,0,7.0,3
2022-12-19,SKU0124,7,0,7.0,3
2022-12-26,SKU0124,4,0,7.0,3
2023-01-02,SKU0124,1,33,7.0,3
2023-01-09,SKU0124,14,34,7.0,3
2023-01-16,SKU0124,11,0,7.0,3
2023-01-23,SKU0124,8,0,7.0,3
2023-01-30,SKU0124,6,0,7.0,3
2023-02-06,SKU0124,4,0,7.0,3
2023-02-13,SKU0124,26,20,7.0,3
2023-02-20,SKU0124,24,0,7.0,3
2023-02-27,SKU0124,22,0,7.0,3
2023-03-06,SKU0124,21,0,7.0,3
2023-03-13,SKU0124,20,0,7.0,3
2023-03-20,SKU0124,18,0,7.0,3
2023-03-27,SKU0124,16,0,,3
2023-04-03,SKU0124,15,0,7.0,3
2023-04-10,SKU0124,13,0,7.0,3
2023-04-17,SKU0124,11,0,7.0,3
2023-04-24,SKU0124,9,0,7.0,3
2023-05-01,SKU0124,8,0,7.0,3
2023-05-08,SKU0124,6,0,7.0,3
2023-05-15,SKU0124,4,0,7.0,3
2023-05-22,SKU0124,27,19,7.0,3
2023-05-29,SKU0124,25,0,7.0,3
2023-06-05,SKU0124,24,0,7.0,3
2023-06-12,SKU0124,23,0,7.0,3
2023-06-19,SKU0124,21,0,7.0,3
2023-06-26,SKU0124,20,0,7.0,3
2023-07-03,SKU0124,18,0,7.0,3
2023-07-10,SKU0124,16,0,7.0,3
2023-07-17,SKU0124,14,0,7.0,3
2023-07-24,SKU0124,13,0,7.0,3
2023-07-31,SKU0124,11,0,7.0,3
2023-08-07,SKU0124,9,0,7.0,3
2023-08-14,SKU0124,8,0,7.0,3
2023-08-21,SKU0124,7,0,7.0,3
2023-08-28,SKU0124,6,0,7.0,3
2023-09-04,SKU0124,4,0,7.0,3
2023-09-11,SKU0124,3,24,7.0,3
2023-09-18,SKU0124,22,28,7.0,3
2023-09-25,SKU0124,19,0,7.0,3
2023-10-02,SKU0124,18,0,7.0,3
2023-10-09,SKU0124,15,0,7.0,3
2023-10-16,SKU0124,13,0,7.0,3
2023-10-23,SKU0124,11,0,7.0,3
2023-10-30,SKU0124,8,0,7.0,3
2023-11-06,SKU0124,5,0,7.0,3
2023-11-13,SKU0124,24,22,7.0,3
2023-11-20,SKU0124,23,0,7.0,3
2023-11-27,SKU0124,21,0,7.0,3
2023-12-04,SKU0124,18,0,7.0,3
2023-12-11,SKU0124,16,0,7.0,3
2023-12-18,SKU0124,12,0,7.0,3
2023-12-25,SKU0124,9,0,7.0,3
2022-01-03,SKU0125,209,0,30.0,158
2022-01-10,SKU0125,164,0,30.0,158
2022-01-17,SKU0125,119,225,30.0,158
2022-01-24,SKU0125,84,201,30.0,158
2022-01-31,SKU0125,47,319,30.0,158
2022-02-07,SKU0125,276,335,30.0,158
2022-02-14,SKU0125,236,0,30.0,158
2022-02-21,SKU0125,190,0,30.0,158
2022-02-28,SKU0125,363,207,30.0,158
2022-03-07,SKU0125,332,0,30.0,158
2022-03-14,SKU0125,315,0,30.0,158
2022-03-21,SKU0125,286,0,30.0,158
2022-03-28,SKU0125,255,0,30.0,158
2022-04-04,SKU0125,232,0,30.0,158
2022-04-11,SKU0125,215,0,30.0,158
2022-04-18,SKU0125,194,0,30.0,158
2022-04-25,SKU0125,172,0,30.0,158
2022-05-02,SKU0125,145,265,30.0,158
2022-05-09,SKU0125,115,318,30.0,158
2022-05-16,SKU0125,82,353,30.0,158
2022-05-23,SKU0125,53,288,30.0,158
2022-05-30,SKU0125,33,289,30.0,158
2022-06-06,SKU0125,269,354,30.0,158
2022-06-13,SKU0125,256,0,30.0,158
2022-06-20,SKU0125,233,0,30.0,158
2022-06-27,SKU0125,211,0,30.0,158
2022-07-04,SKU0125,198,0,30.0,158
2022-07-11,SKU0125,172,0,30.0,158
2022-07-18,SKU0125,153,223,30.0,158
2022-07-25,SKU0125,325,380,30.0,158
2022-08-01,SKU0125,304,0,30.0,158
2022-08-08,SKU0125,281,0,30.0,158
2022-08-15,SKU0125,258,0,30.0,158
2022-08-22,SKU0125,234,0,30.0,158
2022-08-29,SKU0125,210,0,30.0,158
2022-09-05,SKU0125,168,0,30.0,158
2022-09-12,SKU0125,127,291,30.0,158
2022-09-19,SKU0125,350,300,30.0,158
2022-09-26,SKU0125,314,0,30.0,158
2022-10-03,SKU0125,286,0,30.0,158
2022-10-10,SKU0125,258,0,,158
2022-10-17,SKU0125,219,0,30.0,158
2022-10-24,SKU0125,183,0,30.0,158
2022-10-31,SKU0125,424,341,30.0,158
2022-11-07,SKU0125,402,0,30.0,158
2022-11-14,SKU0125,372,0,30.0,158
2022-11-21,SKU0125,348,0,30.0,158
2022-11-28,SKU0125,329,0,30.0,158
2022-12-05,SKU0125,305,0,30.0,158
2022-12-12,SKU0125,283,0,30.0,158
2022-12-19,SKU0125,237,0,30.0,158
2022-12-26,SKU0125,209,0,30.0,158
2023-01-02,SKU0125,186,0,30.0,158
2023-01-09,SKU0125,164,0,30.0,158
2023-01-16,SKU0125,393,341,30.0,158
2023-01-23,SKU0125,355,0,30.0,158
2023-01-30,SKU0125,324,0,30.0,158
2023-02-06,SKU0125,303,0,30.0,158
2023-02-13,SKU0125,271,0,30.0,158
2023-02-20,SKU0125,249,0,30.0,158
2023-02-27,SKU0125,215,0,30.0,158
2023-03-06,SKU0125,188,0,30.0,158
2023-03-13,SKU0125,161,0,30.0,158
2023-03-20,SKU0125,139,239,30.0,158
2023-03-27,SKU0125,109,280,30.0,158
2023-04-03,SKU0125,92,314,30.0,158
2023-04-10,SKU0125,362,320,30.0,158
2023-04-17,SKU0125,339,0,30.0,158
2023-04-24,SKU0125,320,0,30.0,158
2023-05-01,SKU0125,297,0,30.0,158
2023-05-08,SKU0125,267,0,30.0,158
2023-05-15,SKU0125,240,0,30.0,158
2023-05-22,SKU0125,218,0,30.0,158
2023-05-29,SKU0125,197,0,30.0,158
2023-06-05,SKU0125,169,0,30.0,158
2023-06-12,SKU0125,422,369,30.0,158
2023-06-19,SKU0125,394,0,30.0,158
2023-06-26,SKU0125,376,0,30.0,158
2023-07-03,SKU0125,355,0,30.0,158
2023-07-10,SKU0125,328,0,30.0,158
2023-07-17,SKU0125,313,0,30.0,158
2023-07-24,SKU0125,289,0,30.0,158
2023-07-31,SKU0125,268,0,30.0,158
2023-08-07,SKU0125,240,0,,158
2023-08-14,SKU0125,219,0,30.0,158
2023-08-21,SKU0125,200,0,30.0,158
2023-08-28,SKU0125,178,0,30.0,158
2023-09-04,SKU0125,157,256,30.0,158
2023-09-11,SKU0125,300,381,30.0,158
2023-09-18,SKU0125,272,0,30.0,158
2023-09-25,SKU0125,229,0,30.0,158
2023-10-02,SKU0125,192,0,30.0,158
2023-10-09,SKU0125,169,0,30.0,158
2023-10-16,SKU0125,149,230,30.0,158
2023-10-23,SKU0125,126,227,30.0,158
2023-10-30,SKU0125,105,204,30.0,158
2023-11-06,SKU0125,305,219,30.0,158
2023-11-13,SKU0125,280,0,30.0,158
2023-11-20,SKU0125,249,0,30.0,158
2023-11-27,SKU0125,211,0,30.0,158
2023-12-04,SKU0125,164,0,30.0,158
2023-12-11,SKU0125,141,298,30.0,158
2023-12-18,SKU0125,101,386,30.0,158
2023-12-25,SKU0125,66,392,30.0,158
2022-01-03,SKU0126,1294,0,30.0,1084
2022-01-10,SKU0126,1059,1485,30.0,1084
2022-01-17,SKU0126,785,2081,30.0,1084
2022-01-24,SKU0126,2035,2415,30.0,1084
2022-01-31,SKU0126,1808,0,30.0,1084
2022-02-07,SKU0126,1601,0,30.0,1084
2022-02-14,SKU0126,1342,0,30.0,1084
2022-02-21,SKU0126,1186,0,30.0,1084
2022-02-28,SKU0126,858,1777,30.0,1084
2022-03-07,SKU0126,648,1500,30.0,1084
2022-03-14,SKU0126,535,2300,30.0,1084
2022-03-21,SKU0126,335,2515,30.0,1084
2022-03-28,SKU0126,150,1518,30.0,1084
2022-04-04,SKU0126,29,2551,30.0,1084
2022-04-11,SKU0126,1417,2120,30.0,1084
2022-04-18,SKU0126,1293,0,30.0,1084
2022-04-25,SKU0126,1153,0,30.0,1084
2022-05-02,SKU0126,1004,2003,30.0,1084
2022-05-09,SKU0126,2268,1463,30.0,1084
2022-05-16,SKU0126,2092,0,30.0,1084
2022-05-23,SKU0126,1912,0,30.0,1084
2022-05-30,SKU0126,1745,0,30.0,1084
2022-06-06,SKU0126,1545,0,30.0,1084
2022-06-13,SKU0126,1386,0,30.0,1084
2022-06-20,SKU0126,1197,0,30.0,1084
2022-06-27,SKU0126,1008,2209,,1084
2022-07-04,SKU0126,919,2554,30.0,1084
2022-07-11,SKU0126,758,2255,30.0,1084
2022-07-18,SKU0126,641,2326,30.0,1084
2022-07-25,SKU0126,553,1351,30.0,1084
2022-08-01,SKU0126,1852,2365,30.0,1084
2022-08-08,SKU0126,1739,0,30.0,1084
2022-08-15,SKU0126,1627,0,30.0,1084
2022-08-22,SKU0126,1497,0,30.0,1084
2022-08-29,SKU0126,1397,0,30.0,1084
2022-09-05,SKU0126,1157,0,30.0,1084
2022-09-12,SKU0126,974,1511,30.0,1084
2022-09-19,SKU0126,1998,2138,30.0,1084
2022-09-26,SKU0126,1809,0,30.0,1084
2022-10-03,SKU0126,1592,0,30.0,1084
2022-10-10,SKU0126,1350,0,30.0,1084
2022-10-17,SKU0126,1065,2358,30.0,1084
2022-10-24,SKU0126,921,1410,30.0,1084
2022-10-31,SKU0126,2669,2619,30.0,1084
2022-11-07,SKU0126,2398,0,30.0,1084
2022-11-14,SKU0126,2121,0,30.0,1084
2022-11-21,SKU0126,1992,0,30.0,1084
2022-11-28,SKU0126,1767,0,30.0,1084
2022-12-05,SKU0126,1623,0,30.0,1084
2022-12-12,SKU0126,1306,0,30.0,1084
2022-12-19,SKU0126,1018,2409,30.0,1084
2022-12-26,SKU0126,2007,2349,30.0,1084
2023-01-02,SKU0126,1741,0,30.0,1084
2023-01-09,SKU0126,1502,0,30.0,1084
2023-01-16,SKU0126,1308,0,30.0,1084
2023-01-23,SKU0126,1068,1362,30.0,1084
2023-01-30,SKU0126,741,2252,30.0,1084
2023-02-06,SKU0126,600,2432,30.0,1084
2023-02-13,SKU0126,1668,1983,30.0,1084
2023-02-20,SKU0126,1377,0,30.0,1084
2023-02-27,SKU0126,1120,0,30.0,1084
2023-03-06,SKU0126,2841,1843,30.0,1084
2023-03-13,SKU0126,2649,0,30.0,1084
2023-03-20,SKU0126,2483,0,30.0,1084
2023-03-27,SKU0126,2377,0,30.0,1084
2023-04-03,SKU0126,2237,0,30.0,1084
2023-04-10,SKU0126,2099,0,30.0,1084
2023-04-17,SKU0126,1905,0,30.0,1084
2023-04-24,SKU0126,1692,0,30.0,1084
2023-05-01,SKU0126,1483,0,30.0,1084
2023-05-08,SKU0126,1372,0,30.0,1084
2023-05-15,SKU0126,1205,0,30.0,1084
2023-05-22,SKU0126,1088,0,30.0,1084
2023-05-29,SKU0126,953,2335,30.0,1084
2023-06-05,SKU0126,845,1951,30.0,1084
2023-06-12,SKU0126,704,2472,30.0,1084
2023-06-19,SKU0126,1577,2592,30.0,1084
2023-06-26,SKU0126,1452,0,30.0,1084
2023-07-03,SKU0126,1276,0,30.0,1084
2023-07-10,SKU0126,1161,0,30.0,1084
2023-07-17,SKU0126,2534,2306,30.0,1084
2023-07-24,SKU0126,2393,0,30.0,1084
2023-07-31,SKU0126,2264,0,30.0,1084
2023-08-07,SKU0126,2142,0,30.0,1084
2023-08-14,SKU0126,2032,0,30.0,1084
2023-08-21,SKU0126,1888,0,30.0,1084
2023-08-28,SKU0126,1763,0,30.0,1084
2023-09-04,SKU0126,1587,0,30.0,1084
2023-09-11,SKU0126,1333,0,30.0,1084
2023-09-18,SKU0126,1147,0,30.0,1084
2023-09-25,SKU0126,928,2322,30.0,1084
2023-10-02,SKU0126,2092,1398,30.0,1084
2023-10-09,SKU0126,1859,0,30.0,1084
2023-10-16,SKU0126,1683,0,30.0,1084
2023-10-23,SKU0126,1419,0,30.0,1084
2023-10-30,SKU0126,1165,0,30.0,1084
2023-11-06,SKU0126,976,1918,30.0,1084
2023-11-13,SKU0126,817,1555,30.0,1084
2023-11-20,SKU0126,621,1539,30.0,1084
2023-11-27,SKU0126,408,2677,30.0,1084
2023-12-04,SKU0126,1997,1459,30.0,1084
2023-12-11,SKU0126,1843,0,30.0,1084
2023-12-18,SKU0126,1597,0,30.0,1084
2023-12-25,SKU0126,1333,0,30.0,1084
2022-01-03,SKU0127,24,0,14.0,11
2022-01-10,SKU0127,20,0,14.0,11
2022-01-17,SKU0127,15,0,14.0,11
2022-01-24,SKU0127,40,32,14.0,11
2022-01-31,SKU0127,37,0,14.0,11
2022-02-07,SKU0127,30,0,14.0,11
2022-02-14,SKU0127,24,0,14.0,11
2022-02-21,SKU0127,21,0,14.0,11
2022-02-28,SKU0127,16,0,14.0,11
2022-03-07,SKU0127,12,0,14.0,11
2022-03-14,SKU0127,7,34,14.0,11
2022-03-21,SKU0127,44,57,14.0,11
2022-03-28,SKU0127,42,0,14.0,11
2022-04-04,SKU0127,38,0,14.0,11
2022-04-11,SKU0127,35,0,14.0,11
2022-04-18,SKU0127,32,0,14.0,11
2022-04-25,SKU0127,29,0,14.0,11
2022-05-02,SKU0127,26,0,14.0,11
2022-05-09,SKU0127,22,0,14.0,11
2022-05-16,SKU0127,19,0,14.0,11
2022-05-23,SKU0127,14,0,14.0,11
2022-05-30,SKU0127,50,45,14.0,11
2022-06-06,SKU0127,48,0,14.0,11
2022-06-13,SKU0127,45,0,14.0,11
2022-06-20,SKU0127,43,0,14.0,11
2022-06-27,SKU0127,41,0,14.0,11
2022-07-04,SKU0127,39,0,14.0,11
2022-07-11,SKU0127,37,0,14.0,11
2022-07-18,SKU0127,35,0,14.0,11
2022-07-25,SKU0127,31,0,14.0,11
2022-08-01,SKU0127,28,0,14.0,11
2022-08-08,SKU0127,25,0,14.0,11
2022-08-15,SKU0127,23,0,14.0,11
2022-08-22,SKU0127,20,0,14.0,11
2022-08-29,SKU0127,18,0,14.0,11
2022-09-05,SKU0127,14,0,14.0,11
2022-09-12,SKU0127,34,44,14.0,11
2022-09-19,SKU0127,30,0,14.0,11
2022-09-26,SKU0127,25,0,14.0,11
2022-10-03,SKU0127,21,0,14.0,11
2022-10-10,SKU0127,18,0,14.0,11
2022-10-17,SKU0127,15,0,14.0,11
2022-10-24,SKU0127,11,33,14.0,11
2022-10-31,SKU0127,48,42,14.0,11
2022-11-07,SKU0127,45,0,14.0,11
2022-11-14,SKU0127,42,0,14.0,11
2022-11-21,SKU0127,37,0,14.0,11
2022-11-28,SKU0127,34,0,14.0,11
2022-12-05,SKU0127,30,0,14.0,11
2022-12-12,SKU0127,24,0,14.0,11
2022-12-19,SKU0127,19,0,14.0,11
2022-12-26,SKU0127,16,0,14.0,11
2023-01-02,SKU0127,12,0,14.0,11
2023-01-09,SKU0127,31,58,14.0,11
2023-01-16,SKU0127,26,0,14.0,11
2023-01-23,SKU0127,21,0,14.0,11
2023-01-30,SKU0127,15,0,14.0,11
2023-02-06,SKU0127,12,0,14.0,11
2023-02-13,SKU0127,8,32,14.0,11
2023-02-20,SKU0127,4,35,14.0,11
2023-02-27,SKU0127,0,48,14.0,11
2023-03-06,SKU0127,43,47,14.0,11
2023-03-13,SKU0127,40,0,14.0,11
2023-03-20,SKU0127,37,0,14.0,11
2023-03-27,SKU0127,33,0,14.0,11
2023-04-03,SKU0127,29,0,14.0,11
2023-04-10,SKU0127,26,0,14.0,11
2023-04-17,SKU0127,24,0,14.0,11
2023-04-24,SKU0127,22,0,14.0,11
2023-05-01,SKU0127,18,0,14.0,11
2023-05-08,SKU0127,16,0,14.0,11
2023-05-15,SKU0127,14,0,14.0,11
2023-05-22,SKU0127,37,42,14.0,11
2023-05-29,SKU0127,34,0,14.0,11
2023-06-05,SKU0127,31,0,14.0,11
2023-06-12,SKU0127,28,0,14.0,11
2023-06-19,SKU0127,25,0,14.0,11
2023-06-26,SKU0127,23,0,14.0,11
2023-07-03,SKU0127,20,0,14.0,11
2023-07-10,SKU0127,17,0,14.0,11
2023-07-17,SKU0127,15,0,14.0,11
2023-07-24,SKU0127,12,0,14.0,11
2023-07-31,SKU0127,9,41,14.0,11
2023-08-07,SKU0127,6,35,14.0,11
2023-08-14,SKU0127,2,55,14.0,11
2023-08-21,SKU0127,0,33,14.0,11
2023-08-28,SKU0127,36,52,14.0,11
2023-09-04,SKU0127,33,0,14.0,11
2023-09-11,SKU0127,30,0,14.0,11
2023-09-18,SKU0127,26,0,14.0,11
2023-09-25,SKU0127,21,0,14.0,11
2023-10-02,SKU0127,15,0,14.0,11
2023-10-09,SKU0127,38,54,14.0,11
2023-10-16,SKU0127,33,0,14.0,11
2023-10-23,SKU0127,30,0,,11
2023-10-30,SKU0127,26,0,14.0,11
2023-11-06,SKU0127,21,0,14.0,11
2023-11-13,SKU0127,19,0,14.0,11
2023-11-20,SKU0127,15,0,14.0,11
2023-11-27,SKU0127,34,32,14.0,11
2023-12-04,SKU0127,29,0,14.0,11
2023-12-11,SKU0127,24,0,14.0,11
2023-12-18,SKU0127,18,0,14.0,11
2023-12-25,SKU0127,12,0,14.0,11
2022-01-03,SKU0128,41,0,21.0,27
2022-01-10,SKU0128,35,0,21.0,27
2022-01-17,SKU0128,25,74,21.0,27
2022-01-24,SKU0128,17,96,21.0,27
2022-01-31,SKU0128,60,50,21.0,27
2022-02-07,SKU0128,53,0,21.0,27
2022-02-14,SKU0128,43,0,21.0,27
2022-02-21,SKU0128,33,0,21.0,27
2022-02-28,SKU0128,22,85,,27
2022-03-07,SKU0128,77,98,21.0,27
2022-03-14,SKU0128,71,0,21.0,27
2022-03-21,SKU0128,67,0,21.0,27
2022-03-28,SKU0128,62,0,21.0,27
2022-04-04,SKU0128,55,0,21.0,27
2022-04-11,SKU0128,49,0,21.0,27
2022-04-18,SKU0128,43,0,21.0,27
2022-04-25,SKU0128,38,0,21.0,27
2022-05-02,SKU0128,32,0,21.0,27
2022-05-09,SKU0128,28,0,21.0,27
2022-05-16,SKU0128,21,90,21.0,27
2022-05-23,SKU0128,14,94,21.0,27
2022-05-30,SKU0128,6,51,21.0,27
2022-06-06,SKU0128,3,89,21.0,27
2022-06-13,SKU0128,0,84,21.0,27
2022-06-20,SKU0128,0,55,21.0,27
2022-06-27,SKU0128,0,85,21.0,27
2022-07-04,SKU0128,63,60,21.0,27
2022-07-11,SKU0128,59,0,21.0,27
2022-07-18,SKU0128,53,0,21.0,27
2022-07-25,SKU0128,50,0,21.0,27
2022-08-01,SKU0128,44,0,21.0,27
2022-08-08,SKU0128,40,0,21.0,27
2022-08-15,SKU0128,35,0,21.0,27
2022-08-22,SKU0128,30,0,21.0,27
2022-08-29,SKU0128,26,64,21.0,27
2022-09-05,SKU0128,70,55,21.0,27
2022-09-12,SKU0128,62,0,21.0,27
2022-09-19,SKU0128,55,0,21.0,27
2022-09-26,SKU0128,49,0,21.0,27
2022-10-03,SKU0128,42,0,21.0,27
2022-10-10,SKU0128,33,0,21.0,27
2022-10-17,SKU0128,24,88,21.0,27
2022-10-24,SKU0128,16,54,21.0,27
2022-10-31,SKU0128,56,90,21.0,27
2022-11-07,SKU0128,47,0,21.0,27
2022-11-14,SKU0128,43,0,21.0,27
2022-11-21,SKU0128,34,0,21.0,27
2022-11-28,SKU0128,29,0,21.0,27
2022-12-05,SKU0128,85,82,21.0,27
2022-12-12,SKU0128,79,0,21.0,27
2022-12-19,SKU0128,71,0,21.0,27
2022-12-26,SKU0128,66,0,21.0,27
2023-01-02,SKU0128,56,0,21.0,27
2023-01-09,SKU0128,50,0,21.0,27
2023-01-16,SKU0128,39,0,21.0,27
2023-01-23,SKU0128,32,0,21.0,27
2023-01-30,SKU0128,24,87,21.0,27
2023-02-06,SKU0128,14,81,21.0,27
2023-02-13,SKU0128,7,57,21.0,27
2023-02-20,SKU0128,38,76,21.0,27
2023-02-27,SKU0128,30,0,21.0,27
2023-03-06,SKU0128,79,52,21.0,27
2023-03-13,SKU0128,71,0,21.0,27
2023-03-20,SKU0128,64,0,21.0,27
2023-03-27,SKU0128,57,0,21.0,27
2023-04-03,SKU0128,49,0,21.0,27
2023-04-10,SKU0128,44,0,21.0,27
2023-04-17,SKU0128,38,0,21.0,27
2023-04-24,SKU0128,33,0,21.0,27
2023-05-01,SKU0128,29,0,21.0,27
2023-05-08,SKU0128,77,97,21.0,27
2023-05-15,SKU0128,70,0,21.0,27
2023-05-22,SKU0128,63,0,21.0,27
2023-05-29,SKU0128,59,0,21.0,27
2023-06-05,SKU0128,55,0,21.0,27
2023-06-12,SKU0128,51,0,21.0,27
2023-06-19,SKU0128,48,0,21.0,27
2023-06-26,SKU0128,42,0,21.0,27
2023-07-03,SKU0128,36,0,21.0,27
2023-07-10,SKU0128,33,0,21.0,27
2023-07-17,SKU0128,27,91,21.0,27
2023-07-24,SKU0128,23,76,21.0,27
2023-07-31,SKU0128,20,88,21.0,27
2023-08-07,SKU0128,15,79,21.0,27
2023-08-14,SKU0128,10,64,21.0,27
2023-08-21,SKU0128,7,98,21.0,27
2023-08-28,SKU0128,52,62,21.0,27
2023-09-04,SKU0128,42,0,21.0,27
2023-09-11,SKU0128,34,0,21.0,27
2023-09-18,SKU0128,28,0,21.0,27
2023-09-25,SKU0128,20,51,21.0,27
2023-10-02,SKU0128,15,63,21.0,27
2023-10-09,SKU0128,70,65,21.0,27
2023-10-16,SKU0128,64,0,21.0,27
2023-10-23,SKU0128,56,0,21.0,27
2023-10-30,SKU0128,50,0,21.0,27
2023-11-06,SKU0128,46,0,21.0,27
2023-11-13,SKU0128,37,0,21.0,27
2023-11-20,SKU0128,32,0,21.0,27
2023-11-27,SKU0128,24,63,21.0,27
2023-12-04,SKU0128,17,54,21.0,27
2023-12-11,SKU0128,11,56,21.0,27
2023-12-18,SKU0128,5,56,21.0,27
2023-12-25,SKU0128,54,61,21.0,27
2022-01-03,SKU0129,80,0,7.0,20
2022-01-10,SKU0129,64,0,7.0,20
2022-01-17,SKU0129,48,0,7.0,20
2022-01-24,SKU0129,30,0,7.0,20
2022-01-31,SKU0129,4,122,7.0,20
2022-02-07,SKU0129,0,122,7.0,20
2022-02-14,SKU0129,0,131,7.0,20
2022-02-21,SKU0129,0,149,7.0,20
2022-02-28,SKU0129,0,177,7.0,20
2022-03-07,SKU0129,0,204,7.0,20
2022-03-14,SKU0129,159,205,7.0,20
2022-03-21,SKU0129,150,0,7.0,20
2022-03-28,SKU0129,136,0,7.0,20
2022-04-04,SKU0129,123,0,7.0,20
2022-04-11,SKU0129,115,0,7.0,20
2022-04-18,SKU0129,107,0,7.0,20
2022-04-25,SKU0129,90,0,7.0,20
2022-05-02,SKU0129,75,0,7.0,20
2022-05-09,SKU0129,58,0,7.0,20
2022-05-16,SKU0129,46,0,7.0,20
2022-05-23,SKU0129,35,0,7.0,20
2022-05-30,SKU0129,26,0,7.0,20
2022-06-06,SKU0129,126,135,7.0,20
2022-06-13,SKU0129,111,0,7.0,20
2022-06-20,SKU0129,99,0,7.0,20
2022-06-27,SKU0129,88,0,7.0,20
2022-07-04,SKU0129,77,0,7.0,20
2022-07-11,SKU0129,70,0,7.0,20
2022-07-18,SKU0129,55,0,7.0,20
2022-07-25,SKU0129,41,0,7.0,20
2022-08-01,SKU0129,32,0,7.0,20
2022-08-08,SKU0129,24,0,7.0,20
2022-08-15,SKU0129,17,215,7.0,20
2022-08-22,SKU0129,142,111,7.0,20
2022-08-29,SKU0129,128,0,7.0,20
2022-09-05,SKU0129,107,0,7.0,20
2022-09-12,SKU0129,95,0,7.0,20
2022-09-19,SKU0129,74,0,7.0,20
2022-09-26,SKU0129,59,0,7.0,20
2022-10-03,SKU0129,44,0,7.0,20
2022-10-10,SKU0129,30,0,7.0,20
2022-10-17,SKU0129,143,193,7.0,20
2022-10-24,SKU0129,127,0,7.0,20
2022-10-31,SKU0129,112,0,7.0,20
2022-11-07,SKU0129,90,0,7.0,20
2022-11-14,SKU0129,71,0,7.0,20
2022-11-21,SKU0129,60,0,,20
2022-11-28,SKU0129,40,0,7.0,20
2022-12-05,SKU0129,23,0,7.0,20
2022-12-12,SKU0129,118,196,7.0,20
2022-12-19,SKU0129,104,0,7.0,20
2022-12-26,SKU0129,85,0,7.0,20
2023-01-02,SKU0129,64,0,7.0,20
2023-01-09,SKU0129,39,0,7.0,20
2023-01-16,SKU0129,18,178,7.0,20
2023-01-23,SKU0129,0,122,7.0,20
2023-01-30,SKU0129,149,195,7.0,20
2023-02-06,SKU0129,127,0,7.0,20
2023-02-13,SKU0129,115,0,7.0,20
2023-02-20,SKU0129,97,0,7.0,20
2023-02-27,SKU0129,85,0,7.0,20
2023-03-06,SKU0129,66,0,7.0,20
2023-03-13,SKU0129,54,0,7.0,20
2023-03-20,SKU0129,36,0,7.0,20
2023-03-27,SKU0129,28,0,7.0,20
2023-04-03,SKU0129,119,162,7.0,20
2023-04-10,SKU0129,105,0,7.0,20
2023-04-17,SKU0129,91,0,7.0,20
2023-04-24,SKU0129,73,0,7.0,20
2023-05-01,SKU0129,58,0,7.0,20
2023-05-08,SKU0129,48,0,7.0,20
2023-05-15,SKU0129,39,0,7.0,20
2023-05-22,SKU0129,23,0,7.0,20
2023-05-29,SKU0129,6,160,7.0,20
2023-06-05,SKU0129,0,126,7.0,20
2023-06-12,SKU0129,0,142,7.0,20
2023-06-19,SKU0129,0,160,7.0,20
2023-06-26,SKU0129,0,171,7.0,20
2023-07-03,SKU0129,137,154,7.0,20
2023-07-10,SKU0129,127,0,7.0,20
2023-07-17,SKU0129,112,0,7.0,20
2023-07-24,SKU0129,103,0,7.0,20
2023-07-31,SKU0129,91,0,7.0,20
2023-08-07,SKU0129,75,0,7.0,20
2023-08-14,SKU0129,60,0,7.0,20
2023-08-21,SKU0129,44,0,7.0,20
2023-08-28,SKU0129,35,0,7.0,20
2023-09-04,SKU0129,110,216,,20
2023-09-11,SKU0129,94,0,7.0,20
2023-09-18,SKU0129,79,0,7.0,20
2023-09-25,SKU0129,62,0,7.0,20
2023-10-02,SKU0129,39,0,7.0,20
2023-10-09,SKU0129,21,0,7.0,20
2023-10-16,SKU0129,128,208,7.0,20
2023-10-23,SKU0129,105,0,7.0,20
2023-10-30,SKU0129,90,0,7.0,20
2023-11-06,SKU0129,75,0,7.0,20
2023-11-13,SKU0129,58,0,7.0,20
2023-11-20,SKU0129,36,0,7.0,20
2023-11-27,SKU0129,122,193,7.0,20
2023-12-04,SKU0129,101,0,7.0,20
2023-12-11,SKU0129,81,0,7.0,20
2023-12-18,SKU0129,55,0,7.0,20
2023-12-25,SKU0129,44,0,7.0,20
2022-01-03,SKU0130,59,0,7.0,9
2022-01-10,SKU0130,48,0,7.0,9
2022-01-17,SKU0130,38,0,7.0,9
2022-01-24,SKU0130,31,0,7.0,9
2022-01-31,SKU0130,26,0,7.0,9
2022-02-07,SKU0130,18,0,7.0,9
2022-02-14,SKU0130,8,72,7.0,9
2022-02-21,SKU0130,70,67,7.0,9
2022-02-28,SKU0130,62,0,7.0,9
2022-03-07,SKU0130,54,0,7.0,9
2022-03-14,SKU0130,48,0,7.0,9
2022-03-21,SKU0130,43,0,7.0,9
2022-03-28,SKU0130,37,0,7.0,9
2022-04-04,SKU0130,31,0,7.0,9
2022-04-11,SKU0130,27,0,7.0,9
2022-04-18,SKU0130,19,0,7.0,9
2022-04-25,SKU0130,12,0,7.0,9
2022-05-02,SKU0130,8,100,7.0,9
2022-05-09,SKU0130,78,82,7.0,9
2022-05-16,SKU0130,70,0,7.0,9
2022-05-23,SKU0130,63,0,7.0,9
2022-05-30,SKU0130,58,0,7.0,9
2022-06-06,SKU0130,52,0,7.0,9
2022-06-13,SKU0130,47,0,7.0,9
2022-06-20,SKU0130,41,0,7.0,9
2022-06-27,SKU0130,34,0,7.0,9
2022-07-04,SKU0130,28,0,7.0,9
2022-07-11,SKU0130,21,0,7.0,9
2022-07-18,SKU0130,18,0,7.0,9
2022-07-25,SKU0130,14,0,7.0,9
2022-08-01,SKU0130,9,75,7.0,9
2022-08-08,SKU0130,74,60,7.0,9
2022-08-15,SKU0130,69,0,7.0,9
2022-08-22,SKU0130,63,0,7.0,9
2022-08-29,SKU0130,57,0,7.0,9
2022-09-05,SKU0130,51,0,7.0,9
2022-09-12,SKU0130,40,0,7.0,9
2022-09-19,SKU0130,34,0,7.0,9
2022-09-26,SKU0130,27,0,7.0,9
2022-10-03,SKU0130,21,0,7.0,9
2022-10-10,SKU0130,16,0,7.0,9
2022-10-17,SKU0130,56,80,7.0,9
2022-10-24,SKU0130,48,0,7.0,9
2022-10-31,SKU0130,38,0,7.0,9
2022-11-07,SKU0130,33,0,7.0,9
2022-11-14,SKU0130,24,0,7.0,9
2022-11-21,SKU0130,14,0,7.0,9
2022-11-28,SKU0130,4,104,7.0,9
2022-12-05,SKU0130,75,60,7.0,9
2022-12-12,SKU0130,68,0,7.0,9
2022-12-19,SKU0130,58,0,7.0,9
2022-12-26,SKU0130,46,0,7.0,9
2023-01-02,SKU0130,37,0,7.0,9
2023-01-09,SKU0130,32,0,7.0,9
2023-01-16,SKU0130,26,0,,9
2023-01-23,SKU0130,20,0,7.0,9
2023-01-30,SKU0130,12,0,7.0,9
2023-02-06,SKU0130,65,99,7.0,9
2023-02-13,SKU0130,56,0,7.0,9
2023-02-20,SKU0130,45,0,7.0,9
2023-02-27,SKU0130,39,0,7.0,9
2023-03-06,SKU0130,31,0,7.0,9
2023-03-13,SKU0130,25,0,7.0,9
2023-03-20,SKU0130,19,0,7.0,9
2023-03-27,SKU0130,11,0,7.0,9
2023-04-03,SKU0130,68,100,7.0,9
2023-04-10,SKU0130,62,0,7.0,9
2023-04-17,SKU0130,58,0,7.0,9
2023-04-24,SKU0130,49,0,7.0,9
2023-05-01,SKU0130,41,0,7.0,9
2023-05-08,SKU0130,35,0,7.0,9
2023-05-15,SKU0130,27,0,7.0,9
2023-05-22,SKU0130,23,0,7.0,9
2023-05-29,SKU0130,19,0,7.0,9
2023-06-05,SKU0130,15,0,7.0,9
2023-06-12,SKU0130,10,0,7.0,9
2023-06-19,SKU0130,83,62,7.0,9
2023-06-26,SKU0130,77,0,7.0,9
2023-07-03,SKU0130,72,0,7.0,9
2023-07-10,SKU0130,67,0,7.0,9
2023-07-17,SKU0130,61,0,7.0,9
2023-07-24,SKU0130,58,0,7.0,9
2023-07-31,SKU0130,52,0,7.0,9
2023-08-07,SKU0130,45,0,7.0,9
2023-08-14,SKU0130,39,0,7.0,9
2023-08-21,SKU0130,36,0,7.0,9
2023-08-28,SKU0130,29,0,7.0,9
2023-09-04,SKU0130,20,0,7.0,9
2023-09-11,SKU0130,12,0,7.0,9
2023-09-18,SKU0130,55,54,7.0,9
2023-09-25,SKU0130,50,0,,9
2023-10-02,SKU0130,44,0,7.0,9
2023-10-09,SKU0130,33,0,7.0,9
2023-10-16,SKU0130,25,0,7.0,9
2023-10-23,SKU0130,15,0,7.0,9
2023-10-30,SKU0130,81,81,7.0,9
2023-11-06,SKU0130,76,0,7.0,9
2023-11-13,SKU0130,65,0,7.0,9
2023-11-20,SKU0130,55,0,7.0,9
2023-11-27,SKU0130,49,0,7.0,9
2023-12-04,SKU0130,43,0,7.0,9
2023-12-11,SKU0130,37,0,7.0,9
2023-12-18,SKU0130,28,0,7.0,9
2023-12-25,SKU0130,20,0,7.0,9
2022-01-03,SKU0131,11,26,30.0,12
2022-01-10,SKU0131,8,17,30.0,12
2022-01-17,SKU0131,18,23,30.0,12
2022-01-24,SKU0131,16,0,30.0,12
2022-01-31,SKU0131,13,0,30.0,12
2022-02-07,SKU0131,26,19,30.0,12
2022-02-14,SKU0131,25,0,30.0,12
2022-02-21,SKU0131,22,0,30.0,12
2022-02-28,SKU0131,21,0,30.0,12
2022-03-07,SKU0131,20,0,30.0,12
2022-03-14,SKU0131,19,0,30.0,12
2022-03-21,SKU0131,18,0,30.0,12
2022-03-28,SKU0131,17,0,30.0,12
2022-04-04,SKU0131,16,0,30.0,12
2022-04-11,SKU0131,15,0,30.0,12
2022-04-18,SKU0131,13,0,30.0,12
2022-04-25,SKU0131,12,27,30.0,12
2022-05-02,SKU0131,11,24,30.0,12
2022-05-09,SKU0131,9,28,30.0,12
2022-05-16,SKU0131,7,26,30.0,12
2022-05-23,SKU0131,6,20,30.0,12
2022-05-30,SKU0131,17,20,30.0,12
2022-06-06,SKU0131,17,0,30.0,12
2022-06-13,SKU0131,16,0,30.0,12
2022-06-20,SKU0131,15,0,30.0,12
2022-06-27,SKU0131,14,0,30.0,12
2022-07-04,SKU0131,13,0,30.0,12
2022-07-11,SKU0131,28,25,30.0,12
2022-07-18,SKU0131,27,0,30.0,12
2022-07-25,SKU0131,26,0,30.0,12
2022-08-01,SKU0131,24,0,30.0,12
2022-08-08,SKU0131,24,0,30.0,12
2022-08-15,SKU0131,23,0,30.0,12
2022-08-22,SKU0131,22,0,30.0,12
2022-08-29,SKU0131,21,0,30.0,12
2022-09-05,SKU0131,20,0,30.0,12
2022-09-12,SKU0131,18,0,30.0,12
2022-09-19,SKU0131,16,0,30.0,12
2022-09-26,SKU0131,14,0,30.0,12
2022-10-03,SKU0131,12,29,30.0,12
2022-10-10,SKU0131,11,18,,12
2022-10-17,SKU0131,9,28,30.0,12
2022-10-24,SKU0131,20,16,30.0,12
2022-10-31,SKU0131,19,0,30.0,12
2022-11-07,SKU0131,16,0,30.0,12
2022-11-14,SKU0131,15,0,30.0,12
2022-11-21,SKU0131,13,0,30.0,12
2022-11-28,SKU0131,30,16,30.0,12
2022-12-05,SKU0131,28,0,30.0,12
2022-12-12,SKU0131,25,0,30.0,12
2022-12-19,SKU0131,23,0,30.0,12
2022-12-26,SKU0131,21,0,30.0,12
2023-01-02,SKU0131,18,0,30.0,12
2023-01-09,SKU0131,15,0,30.0,12
2023-01-16,SKU0131,13,0,30.0,12
2023-01-23,SKU0131,11,25,30.0,12
2023-01-30,SKU0131,20,19,30.0,12
2023-02-06,SKU0131,17,0,30.0,12
2023-02-13,SKU0131,15,0,30.0,12
2023-02-20,SKU0131,13,0,30.0,12
2023-02-27,SKU0131,28,26,30.0,12
2023-03-06,SKU0131,27,0,30.0,12
2023-03-13,SKU0131,26,0,30.0,12
2023-03-20,SKU0131,25,0,30.0,12
2023-03-27,SKU0131,23,0,30.0,12
2023-04-03,SKU0131,22,0,30.0,12
2023-04-10,SKU0131,20,0,30.0,12
2023-04-17,SKU0131,19,0,30.0,12
2023-04-24,SKU0131,18,0,30.0,12
2023-05-01,SKU0131,16,0,30.0,12
2023-05-08,SKU0131,14,0,30.0,12
2023-05-15,SKU0131,13,0,30.0,12
2023-05-22,SKU0131,12,18,30.0,12
2023-05-29,SKU0131,11,29,,12
2023-06-05,SKU0131,10,23,30.0,12
2023-06-12,SKU0131,9,20,30.0,12
2023-06-19,SKU0131,8,29,30.0,12
2023-06-26,SKU0131,7,20,30.0,12
2023-07-03,SKU0131,18,21,30.0,12
2023-07-10,SKU0131,17,0,30.0,12
2023-07-17,SKU0131,16,0,30.0,12
2023-07-24,SKU0131,15,0,30.0,12
2023-07-31,SKU0131,14,0,30.0,12
2023-08-07,SKU0131,13,0,30.0,12
2023-08-14,SKU0131,12,26,30.0,12
2023-08-21,SKU0131,10,20,30.0,12
2023-08-28,SKU0131,24,18,30.0,12
2023-09-04,SKU0131,23,0,30.0,12
2023-09-11,SKU0131,21,0,30.0,12
2023-09-18,SKU0131,18,0,30.0,12
2023-09-25,SKU0131,16,0,30.0,12
2023-10-02,SKU0131,15,0,30.0,12
2023-10-09,SKU0131,13,0,30.0,12
2023-10-16,SKU0131,25,26,30.0,12
2023-10-23,SKU0131,23,0,30.0,12
2023-10-30,SKU0131,21,0,30.0,12
2023-11-06,SKU0131,20,0,30.0,12
2023-11-13,SKU0131,19,0,30.0,12
2023-11-20,SKU0131,17,0,30.0,12
2023-11-27,SKU0131,15,0,30.0,12
2023-12-04,SKU0131,26,19,30.0,12
2023-12-11,SKU0131,23,0,30.0,12
2023-12-18,SKU0131,20,0,30.0,12
2023-12-25,SKU0131,17,0,30.0,12
2022-01-03,SKU0132,53,0,10.0,28
2022-01-10,SKU0132,41,0,10.0,28
2022-01-17,SKU0132,28,175,10.0,28
2022-01-24,SKU0132,159,138,10.0,28
2022-01-31,SKU0132,134,0,10.0,28
2022-02-07,SKU0132,117,0,10.0,28
2022-02-14,SKU0132,100,0,10.0,28
2022-02-21,SKU0132,86,0,10.0,28
2022-02-28,SKU0132,73,0,10.0,28
2022-03-07,SKU0132,62,0,10.0,28
2022-03-14,SKU0132,48,0,10.0,28
2022-03-21,SKU0132,33,0,10.0,28
2022-03-28,SKU0132,176,145,10.0,28
2022-04-04,SKU0132,165,0,10.0,28
2022-04-11,SKU0132,154,0,10.0,28
2022-04-18,SKU0132,140,0,10.0,28
2022-04-25,SKU0132,128,0,10.0,28
2022-05-02,SKU0132,113,0,10.0,28
2022-05-09,SKU0132,102,0,10.0,28
2022-05-16,SKU0132,87,0,10.0,28
2022-05-23,SKU0132,74,0,10.0,28
2022-05-30,SKU0132,56,0,10.0,28
2022-06-06,SKU0132,49,0,10.0,28
2022-06-13,SKU0132,40,0,10.0,28
2022-06-20,SKU0132,26,193,10.0,28
2022-06-27,SKU0132,15,118,10.0,28
2022-07-04,SKU0132,137,162,10.0,28
2022-07-11,SKU0132,123,0,10.0,28
2022-07-18,SKU0132,109,0,10.0,28
2022-07-25,SKU0132,99,0,10.0,28
2022-08-01,SKU0132,92,0,10.0,28
2022-08-08,SKU0132,86,0,10.0,28
2022-08-15,SKU0132,71,0,10.0,28
2022-08-22,SKU0132,61,0,10.0,28
2022-08-29,SKU0132,48,0,10.0,28
2022-09-05,SKU0132,37,0,10.0,28
2022-09-12,SKU0132,172,115,10.0,28
2022-09-19,SKU0132,161,0,10.0,28
2022-09-26,SKU0132,151,0,10.0,28
2022-10-03,SKU0132,129,0,10.0,28
2022-10-10,SKU0132,111,0,10.0,28
2022-10-17,SKU0132,99,0,10.0,28
2022-10-24,SKU0132,78,0,10.0,28
2022-10-31,SKU0132,62,0,10.0,28
2022-11-07,SKU0132,42,0,10.0,28
2022-11-14,SKU0132,27,130,10.0,28
2022-11-21,SKU0132,152,116,10.0,28
2022-11-28,SKU0132,131,0,10.0,28
2022-12-05,SKU0132,108,0,10.0,28
2022-12-12,SKU0132,88,0,10.0,28
2022-12-19,SKU0132,64,0,10.0,28
2022-12-26,SKU0132,43,0,10.0,28
2023-01-02,SKU0132,19,132,10.0,28
2023-01-09,SKU0132,107,139,10.0,28
2023-01-16,SKU0132,92,0,10.0,28
2023-01-23,SKU0132,71,0,10.0,28
2023-01-30,SKU0132,60,0,10.0,28
2023-02-06,SKU0132,39,0,10.0,28
2023-02-13,SKU0132,161,143,10.0,28
2023-02-20,SKU0132,145,0,10.0,28
2023-02-27,SKU0132,128,0,10.0,28
2023-03-06,SKU0132,116,0,10.0,28
2023-03-13,SKU0132,105,0,10.0,28
2023-03-20,SKU0132,90,0,10.0,28
2023-03-27,SKU0132,75,0,10.0,28
2023-04-03,SKU0132,67,0,10.0,28
2023-04-10,SKU0132,53,0,10.0,28
2023-04-17,SKU0132,36,0,10.0,28
2023-04-24,SKU0132,25,111,,28
2023-05-01,SKU0132,106,181,10.0,28
2023-05-08,SKU0132,88,0,10.0,28
2023-05-15,SKU0132,73,0,10.0,28
2023-05-22,SKU0132,62,0,10.0,28
2023-05-29,SKU0132,47,0,10.0,28
2023-06-05,SKU0132,37,0,10.0,28
2023-06-12,SKU0132,27,181,10.0,28
2023-06-19,SKU0132,174,153,10.0,28
2023-06-26,SKU0132,166,0,10.0,28
2023-07-03,SKU0132,156,0,10.0,28
2023-07-10,SKU0132,148,0,10.0,28
2023-07-17,SKU0132,133,0,10.0,28
2023-07-24,SKU0132,125,0,10.0,28
2023-07-31,SKU0132,116,0,10.0,28
2023-08-07,SKU0132,103,0,10.0,28
2023-08-14,SKU0132,93,0,10.0,28
2023-08-21,SKU0132,85,0,10.0,28
2023-08-28,SKU0132,74,0,10.0,28
2023-09-04,SKU0132,62,0,10.0,28
2023-09-11,SKU0132,47,0,10.0,28
2023-09-18,SKU0132,37,0,,28
2023-09-25,SKU0132,22,120,10.0,28
2023-10-02,SKU0132,10,202,10.0,28
2023-10-09,SKU0132,0,146,10.0,28
2023-10-16,SKU0132,136,143,10.0,28
2023-10-23,SKU0132,119,0,10.0,28
2023-10-30,SKU0132,104,0,10.0,28
2023-11-06,SKU0132,88,0,10.0,28
2023-11-13,SKU0132,66,0,10.0,28
2023-11-20,SKU0132,55,0,10.0,28
2023-11-27,SKU0132,37,0,10.0,28
2023-12-04,SKU0132,22,183,10.0,28
2023-12-11,SKU0132,9,113,10.0,28
2023-12-18,SKU0132,151,161,10.0,28
2023-12-25,SKU0132,137,0,10.0,28
2022-01-03,SKU0133,15,34,21.0,15
2022-01-10,SKU0133,10,37,21.0,15
2022-01-17,SKU0133,34,35,21.0,15
2022-01-24,SKU0133,32,0,21.0,15
2022-01-31,SKU0133,28,0,21.0,15
2022-02-07,SKU0133,22,0,21.0,15
2022-02-14,SKU0133,19,0,21.0,15
2022-02-21,SKU0133,13,33,21.0,15
2022-02-28,SKU0133,9,30,21.0,15
2022-03-07,SKU0133,6,49,21.0,15
2022-03-14,SKU0133,4,35,21.0,15
2022-03-21,SKU0133,0,39,21.0,15
2022-03-28,SKU0133,0,52,21.0,15
2022-04-04,SKU0133,0,45,21.0,15
2022-04-11,SKU0133,0,48,21.0,15
2022-04-18,SKU0133,0,44,21.0,15
2022-04-25,SKU0133,0,29,21.0,15
2022-05-02,SKU0133,26,42,21.0,15
2022-05-09,SKU0133,24,0,21.0,15
2022-05-16,SKU0133,21,0,21.0,15
2022-05-23,SKU0133,18,0,21.0,15
2022-05-30,SKU0133,14,53,21.0,15
2022-06-06,SKU0133,12,38,21.0,15
2022-06-13,SKU0133,9,31,21.0,15
2022-06-20,SKU0133,8,32,21.0,15
2022-06-27,SKU0133,6,46,21.0,15
2022-07-04,SKU0133,32,47,21.0,15
2022-07-11,SKU0133,30,0,21.0,15
2022-07-18,SKU0133,29,0,21.0,15
2022-07-25,SKU0133,28,0,21.0,15
2022-08-01,SKU0133,25,0,21.0,15
2022-08-08,SKU0133,22,0,21.0,15
2022-08-15,SKU0133,19,0,21.0,15
2022-08-22,SKU0133,18,0,21.0,15
2022-08-29,SKU0133,51,38,21.0,15
2022-09-05,SKU0133,47,0,21.0,15
2022-09-12,SKU0133,43,0,21.0,15
2022-09-19,SKU0133,38,0,21.0,15
2022-09-26,SKU0133,33,0,21.0,15
2022-10-03,SKU0133,31,0,21.0,15
2022-10-10,SKU0133,28,0,21.0,15
2022-10-17,SKU0133,23,0,21.0,15
2022-10-24,SKU0133,18,0,21.0,15
2022-10-31,SKU0133,15,38,21.0,15
2022-11-07,SKU0133,10,43,21.0,15
2022-11-14,SKU0133,6,36,21.0,15
2022-11-21,SKU0133,1,46,21.0,15
2022-11-28,SKU0133,0,53,21.0,15
2022-12-05,SKU0133,0,36,21.0,15
2022-12-12,SKU0133,25,45,21.0,15
2022-12-19,SKU0133,20,0,21.0,15
2022-12-26,SKU0133,15,51,21.0,15
2023-01-02,SKU0133,48,39,21.0,15
2023-01-09,SKU0133,46,0,21.0,15
2023-01-16,SKU0133,44,0,21.0,15
2023-01-23,SKU0133,38,0,21.0,15
2023-01-30,SKU0133,35,0,21.0,15
2023-02-06,SKU0133,33,0,21.0,15
2023-02-13,SKU0133,28,0,21.0,15
2023-02-20,SKU0133,24,0,21.0,15
2023-02-27,SKU0133,18,0,21.0,15
2023-03-06,SKU0133,15,48,21.0,15
2023-03-13,SKU0133,11,48,21.0,15
2023-03-20,SKU0133,29,45,21.0,15
2023-03-27,SKU0133,25,0,21.0,15
2023-04-03,SKU0133,22,0,21.0,15
2023-04-10,SKU0133,19,0,21.0,15
2023-04-17,SKU0133,17,0,21.0,15
2023-04-24,SKU0133,50,28,21.0,15
2023-05-01,SKU0133,46,0,21.0,15
2023-05-08,SKU0133,44,0,21.0,15
2023-05-15,SKU0133,42,0,21.0,15
2023-05-22,SKU0133,38,0,21.0,15
2023-05-29,SKU0133,35,0,21.0,15
2023-06-05,SKU0133,32,0,21.0,15
2023-06-12,SKU0133,29,0,21.0,15
2023-06-19,SKU0133,27,0,21.0,15
2023-06-26,SKU0133,24,0,21.0,15
2023-07-03,SKU0133,22,0,21.0,15
2023-07-10,SKU0133,21,0,21.0,15
2023-07-17,SKU0133,19,0,21.0,15
2023-07-24,SKU0133,18,0,21.0,15
2023-07-31,SKU0133,15,49,21.0,15
2023-08-07,SKU0133,37,42,21.0,15
2023-08-14,SKU0133,34,0,21.0,15
2023-08-21,SKU0133,31,0,21.0,15
2023-08-28,SKU0133,29,0,21.0,15
2023-09-04,SKU0133,26,0,21.0,15
2023-09-11,SKU0133,22,0,21.0,15
2023-09-18,SKU0133,20,0,21.0,15
2023-09-25,SKU0133,17,0,21.0,15
2023-10-02,SKU0133,34,48,21.0,15
2023-10-09,SKU0133,31,0,21.0,15
2023-10-16,SKU0133,29,0,21.0,15
2023-10-23,SKU0133,24,0,21.0,15
2023-10-30,SKU0133,21,0,21.0,15
2023-11-06,SKU0133,19,0,21.0,15
2023-11-13,SKU0133,15,30,21.0,15
2023-11-20,SKU0133,10,51,21.0,15
2023-11-27,SKU0133,27,38,21.0,15
2023-12-04,SKU0133,23,0,21.0,15
2023-12-11,SKU0133,17,0,21.0,15
2023-12-18,SKU0133,45,27,21.0,15
2023-12-25,SKU0133,39,0,21.0,15
2022-01-03,SKU0134,185,0,10.0,46
2022-01-10,SKU0134,156,0,10.0,46
2022-01-17,SKU0134,119,0,10.0,46
2022-01-24,SKU0134,79,0,10.0,46
2022-01-31,SKU0134,51,0,10.0,46
2022-02-07,SKU0134,27,301,10.0,46
2022-02-14,SKU0134,6,244,10.0,46
2022-02-21,SKU0134,0,278,10.0,46
2022-02-28,SKU0134,0,281,10.0,46
2022-03-07,SKU0134,0,241,10.0,46
2022-03-14,SKU0134,0,313,10.0,46
2022-03-21,SKU0134,0,306,10.0,46
2022-03-28,SKU0134,256,319,10.0,46
2022-04-04,SKU0134,237,0,10.0,46
2022-04-11,SKU0134,210,0,10.0,46
2022-04-18,SKU0134,193,0,10.0,46
2022-04-25,SKU0134,178,0,10.0,46
2022-05-02,SKU0134,151,0,10.0,46
2022-05-09,SKU0134,124,0,10.0,46
2022-05-16,SKU0134,94,0,10.0,46
2022-05-23,SKU0134,77,0,10.0,46
2022-05-30,SKU0134,53,0,10.0,46
2022-06-06,SKU0134,38,229,10.0,46
2022-06-13,SKU0134,24,242,10.0,46
2022-06-20,SKU0134,1,230,,46
2022-06-27,SKU0134,180,249,10.0,46
2022-07-04,SKU0134,158,0,10.0,46
2022-07-11,SKU0134,145,0,10.0,46
2022-07-18,SKU0134,122,0,10.0,46
2022-07-25,SKU0134,100,0,10.0,46
2022-08-01,SKU0134,79,0,10.0,46
2022-08-08,SKU0134,57,0,10.0,46
2022-08-15,SKU0134,275,341,10.0,46
2022-08-22,SKU0134,262,0,10.0,46
2022-08-29,SKU0134,249,0,10.0,46
2022-09-05,SKU0134,212,0,10.0,46
2022-09-12,SKU0134,182,0,10.0,46
2022-09-19,SKU0134,157,0,10.0,46
2022-09-26,SKU0134,122,0,10.0,46
2022-10-03,SKU0134,91,0,10.0,46
2022-10-10,SKU0134,62,0,10.0,46
2022-10-17,SKU0134,40,243,10.0,46
2022-10-24,SKU0134,17,277,10.0,46
2022-10-31,SKU0134,223,315,10.0,46
2022-11-07,SKU0134,190,0,10.0,46
2022-11-14,SKU0134,160,0,10.0,46
2022-11-21,SKU0134,130,0,10.0,46
2022-11-28,SKU0134,101,0,10.0,46
2022-12-05,SKU0134,74,0,10.0,46
2022-12-12,SKU0134,34,306,10.0,46
2022-12-19,SKU0134,14,317,10.0,46
2022-12-26,SKU0134,210,179,10.0,46
2023-01-02,SKU0134,172,0,10.0,46
2023-01-09,SKU0134,137,0,10.0,46
2023-01-16,SKU0134,109,0,10.0,46
2023-01-23,SKU0134,81,0,10.0,46
2023-01-30,SKU0134,52,0,10.0,46
2023-02-06,SKU0134,15,217,10.0,46
2023-02-13,SKU0134,0,323,10.0,46
2023-02-20,SKU0134,0,196,10.0,46
2023-02-27,SKU0134,133,184,10.0,46
2023-03-06,SKU0134,106,0,10.0,46
2023-03-13,SKU0134,87,0,10.0,46
2023-03-20,SKU0134,71,0,10.0,46
2023-03-27,SKU0134,54,0,10.0,46
2023-04-03,SKU0134,220,280,10.0,46
2023-04-10,SKU0134,196,0,10.0,46
2023-04-17,SKU0134,177,0,10.0,46
2023-04-24,SKU0134,163,0,10.0,46
2023-05-01,SKU0134,149,0,10.0,46
2023-05-08,SKU0134,136,0,10.0,46
2023-05-15,SKU0134,108,0,10.0,46
2023-05-22,SKU0134,83,0,10.0,46
2023-05-29,SKU0134,62,0,10.0,46
2023-06-05,SKU0134,49,0,10.0,46
2023-06-12,SKU0134,179,300,10.0,46
2023-06-19,SKU0134,157,0,10.0,46
2023-06-26,SKU0134,137,0,10.0,46
2023-07-03,SKU0134,120,0,10.0,46
2023-07-10,SKU0134,101,0,10.0,46
2023-07-17,SKU0134,84,0,10.0,46
2023-07-24,SKU0134,64,0,10.0,46
2023-07-31,SKU0134,43,250,10.0,46
2023-08-07,SKU0134,275,180,10.0,46
2023-08-14,SKU0134,254,0,10.0,46
2023-08-21,SKU0134,239,0,10.0,46
2023-08-28,SKU0134,223,0,10.0,46
2023-09-04,SKU0134,194,0,10.0,46
2023-09-11,SKU0134,160,0,10.0,46
2023-09-18,SKU0134,137,0,10.0,46
2023-09-25,SKU0134,116,0,10.0,46
2023-10-02,SKU0134,80,0,10.0,46
2023-10-09,SKU0134,295,282,10.0,46
2023-10-16,SKU0134,268,0,10.0,46
2023-10-23,SKU0134,232,0,10.0,46
2023-10-30,SKU0134,203,0,10.0,46
2023-11-06,SKU0134,179,0,10.0,46
2023-11-13,SKU0134,161,0,10.0,46
2023-11-20,SKU0134,138,0,10.0,46
2023-11-27,SKU0134,106,0,10.0,46
2023-12-04,SKU0134,75,0,10.0,46
2023-12-11,SKU0134,41,338,10.0,46
2023-12-18,SKU0134,12,203,10.0,46
2023-12-25,SKU0134,0,240,10.0,46
2022-01-03,SKU0135,37,0,14.0,12
2022-01-10,SKU0135,31,0,14.0,12
2022-01-17,SKU0135,28,0,14.0,12
2022-01-24,SKU0135,22,0,14.0,12
2022-01-31,SKU0135,17,0,14.0,12
2022-02-07,SKU0135,12,52,14.0,12
2022-02-14,SKU0135,6,33,14.0,12
2022-02-21,SKU0135,1,49,14.0,12
2022-02-28,SKU0135,0,43,14.0,12
2022-03-07,SKU0135,0,35,14.0,12
2022-03-14,SKU0135,0,37,14.0,12
2022-03-21,SKU0135,45,41,14.0,12
2022-03-28,SKU0135,41,0,14.0,12
2022-04-04,SKU0135,37,0,14.0,12
2022-04-11,SKU0135,34,0,14.0,12
2022-04-18,SKU0135,32,0,14.0,12
2022-04-25,SKU0135,28,0,14.0,12
2022-05-02,SKU0135,25,0,14.0,12
2022-05-09,SKU0135,20,0,14.0,12
2022-05-16,SKU0135,17,0,14.0,12
2022-05-23,SKU0135,14,0,14.0,12
2022-05-30,SKU0135,10,54,14.0,12
2022-06-06,SKU0135,6,48,14.0,12
2022-06-13,SKU0135,34,51,14.0,12
2022-06-20,SKU0135,32,0,14.0,12
2022-06-27,SKU0135,30,0,14.0,12
2022-07-04,SKU0135,28,0,14.0,12
2022-07-11,SKU0135,25,0,14.0,12
2022-07-18,SKU0135,22,0,14.0,12
2022-07-25,SKU0135,19,0,14.0,12
2022-08-01,SKU0135,15,0,14.0,12
2022-08-08,SKU0135,40,55,14.0,12
2022-08-15,SKU0135,36,0,14.0,12
2022-08-22,SKU0135,32,0,14.0,12
2022-08-29,SKU0135,28,0,14.0,12
2022-09-05,SKU0135,23,0,14.0,12
2022-09-12,SKU0135,18,0,14.0,12
2022-09-19,SKU0135,14,0,14.0,12
2022-09-26,SKU0135,9,55,14.0,12
2022-10-03,SKU0135,35,45,14.0,12
2022-10-10,SKU0135,32,0,14.0,12
2022-10-17,SKU0135,27,0,14.0,12
2022-10-24,SKU0135,23,0,14.0,12
2022-10-31,SKU0135,19,0,14.0,12
2022-11-07,SKU0135,15,0,14.0,12
2022-11-14,SKU0135,10,53,14.0,12
2022-11-21,SKU0135,31,38,14.0,12
2022-11-28,SKU0135,26,0,14.0,12
2022-12-05,SKU0135,21,0,14.0,12
2022-12-12,SKU0135,15,0,14.0,12
2022-12-19,SKU0135,47,33,14.0,12
2022-12-26,SKU0135,43,0,14.0,12
2023-01-02,SKU0135,36,0,14.0,12
2023-01-09,SKU0135,32,0,14.0,12
2023-01-16,SKU0135,27,0,14.0,12
2023-01-23,SKU0135,22,0,,12
2023-01-30,SKU0135,17,0,14.0,12
2023-02-06,SKU0135,14,0,14.0,12
2023-02-13,SKU0135,11,48,14.0,12
2023-02-20,SKU0135,38,60,14.0,12
2023-02-27,SKU0135,34,0,14.0,12
2023-03-06,SKU0135,31,0,14.0,12
2023-03-13,SKU0135,27,0,14.0,12
2023-03-20,SKU0135,22,0,14.0,12
2023-03-27,SKU0135,18,0,14.0,12
2023-04-03,SKU0135,15,0,14.0,12
2023-04-10,SKU0135,47,41,14.0,12
2023-04-17,SKU0135,43,0,14.0,12
2023-04-24,SKU0135,41,0,14.0,12
2023-05-01,SKU0135,38,0,14.0,12
2023-05-08,SKU0135,34,0,14.0,12
2023-05-15,SKU0135,29,0,14.0,12
2023-05-22,SKU0135,25,0,14.0,12
2023-05-29,SKU0135,22,0,14.0,12
2023-06-05,SKU0135,20,0,14.0,12
2023-06-12,SKU0135,16,0,14.0,12
2023-06-19,SKU0135,12,39,14.0,12
2023-06-26,SKU0135,39,35,14.0,12
2023-07-03,SKU0135,36,0,14.0,12
2023-07-10,SKU0135,34,0,14.0,12
2023-07-17,SKU0135,31,0,14.0,12
2023-07-24,SKU0135,27,0,14.0,12
2023-07-31,SKU0135,25,0,14.0,12
2023-08-07,SKU0135,21,0,14.0,12
2023-08-14,SKU0135,18,0,14.0,12
2023-08-21,SKU0135,16,0,14.0,12
2023-08-28,SKU0135,12,59,14.0,12
2023-09-04,SKU0135,6,43,14.0,12
2023-09-11,SKU0135,39,53,14.0,12
2023-09-18,SKU0135,34,0,14.0,12
2023-09-25,SKU0135,28,0,14.0,12
2023-10-02,SKU0135,22,0,14.0,12
2023-10-09,SKU0135,16,0,14.0,12
2023-10-16,SKU0135,11,46,14.0,12
2023-10-23,SKU0135,50,37,14.0,12
2023-10-30,SKU0135,44,0,14.0,12
2023-11-06,SKU0135,39,0,14.0,12
2023-11-13,SKU0135,33,0,14.0,12
2023-11-20,SKU0135,27,0,14.0,12
2023-11-27,SKU0135,24,0,14.0,12
2023-12-04,SKU0135,21,0,14.0,12
2023-12-11,SKU0135,15,0,14.0,12
2023-12-18,SKU0135,10,54,14.0,12
2023-12-25,SKU0135,4,42,14.0,12
2022-01-03,SKU0136,813,0,14.0,234
2022-01-10,SKU0136,709,0,14.0,234
2022-01-17,SKU0136,558,0,14.0,234
2022-01-24,SKU0136,483,0,14.0,234
2022-01-31,SKU0136,361,0,14.0,234
2022-02-07,SKU0136,244,0,14.0,234
2022-02-14,SKU0136,107,689,14.0,234
2022-02-21,SKU0136,876,853,14.0,234
2022-02-28,SKU0136,733,0,14.0,234
2022-03-07,SKU0136,647,0,14.0,234
2022-03-14,SKU0136,561,0,14.0,234
2022-03-21,SKU0136,458,0,14.0,234
2022-03-28,SKU0136,394,0,14.0,234
2022-04-04,SKU0136,307,0,14.0,234
2022-04-11,SKU0136,249,0,14.0,234
2022-04-18,SKU0136,741,805,14.0,234
2022-04-25,SKU0136,676,0,14.0,234
2022-05-02,SKU0136,592,0,14.0,234
2022-05-09,SKU0136,538,0,14.0,234
2022-05-16,SKU0136,483,0,14.0,234
2022-05-23,SKU0136,384,0,14.0,234
2022-05-30,SKU0136,330,0,14.0,234
2022-06-06,SKU0136,276,0,14.0,234
2022-06-13,SKU0136,234,1234,14.0,234
2022-06-20,SKU0136,788,784,14.0,234
2022-06-27,SKU0136,728,0,14.0,234
2022-07-04,SKU0136,659,0,14.0,234
2022-07-11,SKU0136,585,0,14.0,234
2022-07-18,SKU0136,535,0,14.0,234
2022-07-25,SKU0136,495,0,14.0,234
2022-08-01,SKU0136,452,0,14.0,234
2022-08-08,SKU0136,380,0,14.0,234
2022-08-15,SKU0136,324,0,14.0,234
2022-08-22,SKU0136,237,0,14.0,234
2022-08-29,SKU0136,763,873,,234
2022-09-05,SKU0136,688,0,14.0,234
2022-09-12,SKU0136,608,0,14.0,234
2022-09-19,SKU0136,499,0,14.0,234
2022-09-26,SKU0136,438,0,14.0,234
2022-10-03,SKU0136,371,0,14.0,234
2022-10-10,SKU0136,262,0,14.0,234
2022-10-17,SKU0136,636,675,14.0,234
2022-10-24,SKU0136,575,0,14.0,234
2022-10-31,SKU0136,445,0,14.0,234
2022-11-07,SKU0136,320,0,14.0,234
2022-11-14,SKU0136,209,1204,14.0,234
2022-11-21,SKU0136,129,1194,14.0,234
2022-11-28,SKU0136,28,730,14.0,234
2022-12-05,SKU0136,0,1233,14.0,234
2022-12-12,SKU0136,0,824,14.0,234
2022-12-19,SKU0136,0,714,14.0,234
2022-12-26,SKU0136,0,704,14.0,234
2023-01-02,SKU0136,725,803,14.0,234
2023-01-09,SKU0136,655,0,14.0,234
2023-01-16,SKU0136,520,0,14.0,234
2023-01-23,SKU0136,448,0,14.0,234
2023-01-30,SKU0136,314,0,14.0,234
2023-02-06,SKU0136,244,0,14.0,234
2023-02-13,SKU0136,167,644,14.0,234
2023-02-20,SKU0136,951,900,14.0,234
2023-02-27,SKU0136,876,0,14.0,234
2023-03-06,SKU0136,791,0,14.0,234
2023-03-13,SKU0136,731,0,14.0,234
2023-03-20,SKU0136,663,0,14.0,234
2023-03-27,SKU0136,596,0,14.0,234
2023-04-03,SKU0136,517,0,14.0,234
2023-04-10,SKU0136,452,0,14.0,234
2023-04-17,SKU0136,360,0,14.0,234
2023-04-24,SKU0136,254,0,14.0,234
2023-05-01,SKU0136,770,927,14.0,234
2023-05-08,SKU0136,670,0,14.0,234
2023-05-15,SKU0136,582,0,14.0,234
2023-05-22,SKU0136,480,0,14.0,234
2023-05-29,SKU0136,392,0,14.0,234
2023-06-05,SKU0136,322,0,14.0,234
2023-06-12,SKU0136,245,0,14.0,234
2023-06-19,SKU0136,204,782,14.0,234
2023-06-26,SKU0136,156,815,14.0,234
2023-07-03,SKU0136,115,1107,14.0,234
2023-07-10,SKU0136,67,1090,14.0,234
2023-07-17,SKU0136,25,841,14.0,234
2023-07-24,SKU0136,705,914,14.0,234
2023-07-31,SKU0136,632,0,14.0,234
2023-08-07,SKU0136,572,0,14.0,234
2023-08-14,SKU0136,492,0,14.0,234
2023-08-21,SKU0136,411,0,14.0,234
2023-08-28,SKU0136,344,0,14.0,234
2023-09-04,SKU0136,226,1165,14.0,234
2023-09-11,SKU0136,109,754,14.0,234
2023-09-18,SKU0136,42,1043,14.0,234
2023-09-25,SKU0136,548,1145,14.0,234
2023-10-02,SKU0136,442,0,14.0,234
2023-10-09,SKU0136,319,0,14.0,234
2023-10-16,SKU0136,243,0,14.0,234
2023-10-23,SKU0136,137,853,14.0,234
2023-10-30,SKU0136,62,887,14.0,234
2023-11-06,SKU0136,920,1086,14.0,234
2023-11-13,SKU0136,800,0,14.0,234
2023-11-20,SKU0136,686,0,14.0,234
2023-11-27,SKU0136,609,0,14.0,234
2023-12-04,SKU0136,467,0,14.0,234
2023-12-11,SKU0136,356,0,14.0,234
2023-12-18,SKU0136,204,1001,14.0,234
2023-12-25,SKU0136,129,1198,14.0,234
2022-01-03,SKU0137,47,0,14.0,14
2022-01-10,SKU0137,42,0,14.0,14
2022-01-17,SKU0137,36,0,14.0,14
2022-01-24,SKU0137,31,0,14.0,14
2022-01-31,SKU0137,27,0,14.0,14
2022-02-07,SKU0137,20,0,14.0,14
2022-02-14,SKU0137,14,43,14.0,14
2022-02-21,SKU0137,10,73,14.0,14
2022-02-28,SKU0137,50,54,14.0,14
2022-03-07,SKU0137,46,0,14.0,14
2022-03-14,SKU0137,42,0,14.0,14
2022-03-21,SKU0137,37,0,14.0,14
2022-03-28,SKU0137,31,0,14.0,14
2022-04-04,SKU0137,27,0,14.0,14
2022-04-11,SKU0137,24,0,14.0,14
2022-04-18,SKU0137,19,0,14.0,14
2022-04-25,SKU0137,16,0,14.0,14
2022-05-02,SKU0137,12,47,14.0,14
2022-05-09,SKU0137,9,56,14.0,14
2022-05-16,SKU0137,48,63,14.0,14
2022-05-23,SKU0137,42,0,14.0,14
2022-05-30,SKU0137,37,0,,14
2022-06-06,SKU0137,34,0,14.0,14
2022-06-13,SKU0137,31,0,14.0,14
2022-06-20,SKU0137,26,0,14.0,14
2022-06-27,SKU0137,22,0,14.0,14
2022-07-04,SKU0137,19,0,14.0,14
2022-07-11,SKU0137,16,0,14.0,14
2022-07-18,SKU0137,14,50,14.0,14
2022-07-25,SKU0137,12,64,14.0,14
2022-08-01,SKU0137,7,72,14.0,14
2022-08-08,SKU0137,4,38,14.0,14
2022-08-15,SKU0137,2,44,14.0,14
2022-08-22,SKU0137,0,59,14.0,14
2022-08-29,SKU0137,0,58,14.0,14
2022-09-05,SKU0137,0,62,14.0,14
2022-09-12,SKU0137,0,72,14.0,14
2022-09-19,SKU0137,52,65,14.0,14
2022-09-26,SKU0137,44,0,14.0,14
2022-10-03,SKU0137,39,0,,14
2022-10-10,SKU0137,35,0,14.0,14
2022-10-17,SKU0137,29,0,14.0,14
2022-10-24,SKU0137,22,0,14.0,14
2022-10-31,SKU0137,17,0,14.0,14
2022-11-07,SKU0137,10,45,14.0,14
2022-11-14,SKU0137,55,75,14.0,14
2022-11-21,SKU0137,48,0,14.0,14
2022-11-28,SKU0137,45,0,14.0,14
2022-12-05,SKU0137,37,0,14.0,14
2022-12-12,SKU0137,33,0,14.0,14
2022-12-19,SKU0137,28,0,14.0,14
2022-12-26,SKU0137,20,0,14.0,14
2023-01-02,SKU0137,15,0,14.0,14
2023-01-09,SKU0137,62,41,,14
2023-01-16,SKU0137,57,0,14.0,14
2023-01-23,SKU0137,49,0,14.0,14
2023-01-30,SKU0137,40,0,14.0,14
2023-02-06,SKU0137,36,0,14.0,14
2023-02-13,SKU0137,32,0,14.0,14
2023-02-20,SKU0137,24,0,14.0,14
2023-02-27,SKU0137,17,0,14.0,14
2023-03-06,SKU0137,53,47,14.0,14
2023-03-13,SKU0137,51,0,14.0,14
2023-03-20,SKU0137,45,0,14.0,14
2023-03-27,SKU0137,39,0,14.0,14
2023-04-03,SKU0137,35,0,14.0,14
2023-04-10,SKU0137,32,0,14.0,14
2023-04-17,SKU0137,27,0,14.0,14
2023-04-24,SKU0137,21,0,14.0,14
2023-05-01,SKU0137,17,0,14.0,14
2023-05-08,SKU0137,41,40,14.0,14
2023-05-15,SKU0137,38,0,14.0,14
2023-05-22,SKU0137,34,0,14.0,14
2023-05-29,SKU0137,28,0,14.0,14
2023-06-05,SKU0137,26,0,14.0,14
2023-06-12,SKU0137,23,0,,14
2023-06-19,SKU0137,19,0,14.0,14
2023-06-26,SKU0137,17,0,14.0,14
2023-07-03,SKU0137,14,52,14.0,14
2023-07-10,SKU0137,9,43,14.0,14
2023-07-17,SKU0137,6,70,14.0,14
2023-07-24,SKU0137,3,58,14.0,14
2023-07-31,SKU0137,0,54,14.0,14
2023-08-07,SKU0137,0,54,14.0,14
2023-08-14,SKU0137,0,52,14.0,14
2023-08-21,SKU0137,0,42,14.0,14
2023-08-28,SKU0137,55,68,14.0,14
2023-09-04,SKU0137,48,0,14.0,14
2023-09-11,SKU0137,44,0,14.0,14
2023-09-18,SKU0137,38,0,14.0,14
2023-09-25,SKU0137,32,0,14.0,14
2023-10-02,SKU0137,26,0,14.0,14
2023-10-09,SKU0137,23,0,14.0,14
2023-10-16,SKU0137,17,0,14.0,14
2023-10-23,SKU0137,12,48,14.0,14
2023-10-30,SKU0137,5,43,14.0,14
2023-11-06,SKU0137,2,53,14.0,14
2023-11-13,SKU0137,0,69,14.0,14
2023-11-20,SKU0137,0,55,14.0,14
2023-11-27,SKU0137,0,66,,14
2023-12-04,SKU0137,33,54,14.0,14
2023-12-11,SKU0137,26,0,14.0,14
2023-12-18,SKU0137,20,0,14.0,14
2023-12-25,SKU0137,48,69,14.0,14
2022-01-03,SKU0138,67,0,14.0,24
2022-01-10,SKU0138,54,0,14.0,24
2022-01-17,SKU0138,41,0,14.0,24
2022-01-24,SKU0138,30,0,14.0,24
2022-01-31,SKU0138,15,107,14.0,24
2022-02-07,SKU0138,5,128,14.0,24
2022-02-14,SKU0138,0,78,14.0,24
2022-02-21,SKU0138,0,68,14.0,24
2022-02-28,SKU0138,81,122,14.0,24
2022-03-07,SKU0138,74,0,14.0,24
2022-03-14,SKU0138,69,0,14.0,24
2022-03-21,SKU0138,62,0,14.0,24
2022-03-28,SKU0138,52,0,14.0,24
2022-04-04,SKU0138,41,0,14.0,24
2022-04-11,SKU0138,36,0,14.0,24
2022-04-18,SKU0138,30,0,14.0,24
2022-04-25,SKU0138,94,118,14.0,24
2022-05-02,SKU0138,86,0,14.0,24
2022-05-09,SKU0138,81,0,14.0,24
2022-05-16,SKU0138,71,0,14.0,24
2022-05-23,SKU0138,62,0,14.0,24
2022-05-30,SKU0138,51,0,14.0,24
2022-06-06,SKU0138,44,0,,24
2022-06-13,SKU0138,36,0,14.0,24
2022-06-20,SKU0138,30,0,14.0,24
2022-06-27,SKU0138,21,129,14.0,24
2022-07-04,SKU0138,73,96,14.0,24
2022-07-11,SKU0138,68,0,14.0,24
2022-07-18,SKU0138,63,0,14.0,24
2022-07-25,SKU0138,54,0,14.0,24
2022-08-01,SKU0138,46,0,14.0,24
2022-08-08,SKU0138,38,0,14.0,24
2022-08-15,SKU0138,32,0,14.0,24
2022-08-22,SKU0138,26,0,14.0,24
2022-08-29,SKU0138,18,87,14.0,24
2022-09-05,SKU0138,4,124,14.0,24
2022-09-12,SKU0138,87,84,14.0,24
2022-09-19,SKU0138,79,0,14.0,24
2022-09-26,SKU0138,68,0,14.0,24
2022-10-03,SKU0138,56,0,14.0,24
2022-10-10,SKU0138,43,0,14.0,24
2022-10-17,SKU0138,30,0,14.0,24
2022-10-24,SKU0138,21,106,14.0,24
2022-10-31,SKU0138,10,72,14.0,24
2022-11-07,SKU0138,2,66,14.0,24
2022-11-14,SKU0138,0,74,14.0,24
2022-11-21,SKU0138,95,115,14.0,24
2022-11-28,SKU0138,89,0,14.0,24
2022-12-05,SKU0138,75,0,14.0,24
2022-12-12,SKU0138,61,0,14.0,24
2022-12-19,SKU0138,49,0,14.0,24
2022-12-26,SKU0138,37,0,14.0,24
2023-01-02,SKU0138,24,127,14.0,24
2023-01-09,SKU0138,73,119,14.0,24
2023-01-16,SKU0138,65,0,14.0,24
2023-01-23,SKU0138,55,0,14.0,24
2023-01-30,SKU0138,44,0,14.0,24
2023-02-06,SKU0138,33,0,14.0,24
2023-02-13,SKU0138,25,0,14.0,24
2023-02-20,SKU0138,72,99,14.0,24
2023-02-27,SKU0138,61,0,14.0,24
2023-03-06,SKU0138,50,0,14.0,24
2023-03-13,SKU0138,44,0,14.0,24
2023-03-20,SKU0138,36,0,14.0,24
2023-03-27,SKU0138,26,0,14.0,24
2023-04-03,SKU0138,18,131,14.0,24
2023-04-10,SKU0138,12,126,14.0,24
2023-04-17,SKU0138,6,74,14.0,24
2023-04-24,SKU0138,52,70,14.0,24
2023-05-01,SKU0138,43,0,14.0,24
2023-05-08,SKU0138,38,0,14.0,24
2023-05-15,SKU0138,32,0,14.0,24
2023-05-22,SKU0138,93,98,14.0,24
2023-05-29,SKU0138,84,0,14.0,24
2023-06-05,SKU0138,79,0,14.0,24
2023-06-12,SKU0138,73,0,14.0,24
2023-06-19,SKU0138,64,0,14.0,24
2023-06-26,SKU0138,60,0,14.0,24
2023-07-03,SKU0138,53,0,14.0,24
2023-07-10,SKU0138,47,0,14.0,24
2023-07-17,SKU0138,40,0,14.0,24
2023-07-24,SKU0138,33,0,14.0,24
2023-07-31,SKU0138,24,123,14.0,24
2023-08-07,SKU0138,19,67,14.0,24
2023-08-14,SKU0138,10,72,14.0,24
2023-08-21,SKU0138,60,112,14.0,24
2023-08-28,SKU0138,54,0,14.0,24
2023-09-04,SKU0138,40,0,14.0,24
2023-09-11,SKU0138,28,0,14.0,24
2023-09-18,SKU0138,19,85,14.0,24
2023-09-25,SKU0138,106,101,14.0,24
2023-10-02,SKU0138,96,0,14.0,24
2023-10-09,SKU0138,89,0,14.0,24
2023-10-16,SKU0138,81,0,14.0,24
2023-10-23,SKU0138,71,0,14.0,24
2023-10-30,SKU0138,60,0,14.0,24
2023-11-06,SKU0138,53,0,14.0,24
2023-11-13,SKU0138,43,0,14.0,24
2023-11-20,SKU0138,31,0,14.0,24
2023-11-27,SKU0138,92,85,14.0,24
2023-12-04,SKU0138,82,0,14.0,24
2023-12-11,SKU0138,75,0,14.0,24
2023-12-18,SKU0138,69,0,14.0,24
2023-12-25,SKU0138,55,0,14.0,24
2022-01-03,SKU0139,402,0,14.0,97
2022-01-10,SKU0139,357,0,14.0,97
2022-01-17,SKU0139,321,0,14.0,97
2022-01-24,SKU0139,291,0,14.0,97
2022-01-31,SKU0139,252,0,14.0,97
2022-02-07,SKU0139,216,0,14.0,97
2022-02-14,SKU0139,174,0,14.0,97
2022-02-21,SKU0139,125,0,,97
2022-02-28,SKU0139,77,458,14.0,97
2022-03-07,SKU0139,54,507,14.0,97
2022-03-14,SKU0139,24,343,14.0,97
2022-03-21,SKU0139,373,265,14.0,97
2022-03-28,SKU0139,337,0,14.0,97
2022-04-04,SKU0139,296,0,14.0,97
2022-04-11,SKU0139,271,0,14.0,97
2022-04-18,SKU0139,230,0,14.0,97
2022-04-25,SKU0139,207,0,14.0,97
2022-05-02,SKU0139,185,0,14.0,97
2022-05-09,SKU0139,143,0,14.0,97
2022-05-16,SKU0139,120,0,14.0,97
2022-05-23,SKU0139,95,310,14.0,97
2022-05-30,SKU0139,445,493,14.0,97
2022-06-06,SKU0139,421,0,14.0,97
2022-06-13,SKU0139,394,0,14.0,97
2022-06-20,SKU0139,366,0,14.0,97
2022-06-27,SKU0139,330,0,14.0,97
2022-07-04,SKU0139,298,0,14.0,97
2022-07-11,SKU0139,280,0,14.0,97
2022-07-18,SKU0139,255,0,14.0,97
2022-07-25,SKU0139,226,0,14.0,97
2022-08-01,SKU0139,189,0,14.0,97
2022-08-08,SKU0139,167,0,14.0,97
2022-08-15,SKU0139,140,0,14.0,97
2022-08-22,SKU0139,116,0,14.0,97
2022-08-29,SKU0139,469,331,14.0,97
2022-09-05,SKU0139,426,0,14.0,97
2022-09-12,SKU0139,392,0,14.0,97
2022-09-19,SKU0139,338,0,14.0,97
2022-09-26,SKU0139,310,0,14.0,97
2022-10-03,SKU0139,284,0,14.0,97
2022-10-10,SKU0139,236,0,14.0,97
2022-10-17,SKU0139,183,0,14.0,97
2022-10-24,SKU0139,153,0,14.0,97
2022-10-31,SKU0139,101,0,14.0,97
2022-11-07,SKU0139,280,273,14.0,97
2022-11-14,SKU0139,235,0,14.0,97
2022-11-21,SKU0139,199,0,14.0,97
2022-11-28,SKU0139,173,0,14.0,97
2022-12-05,SKU0139,144,0,14.0,97
2022-12-12,SKU0139,96,509,14.0,97
2022-12-19,SKU0139,372,261,14.0,97
2022-12-26,SKU0139,311,0,14.0,97
2023-01-02,SKU0139,276,0,14.0,97
2023-01-09,SKU0139,223,0,14.0,97
2023-01-16,SKU0139,189,0,14.0,97
2023-01-23,SKU0139,146,0,14.0,97
2023-01-30,SKU0139,93,268,14.0,97
2023-02-06,SKU0139,63,456,14.0,97
2023-02-13,SKU0139,0,468,14.0,97
2023-02-20,SKU0139,0,305,14.0,97
2023-02-27,SKU0139,300,479,14.0,97
2023-03-06,SKU0139,265,0,14.0,97
2023-03-13,SKU0139,243,0,,97
2023-03-20,SKU0139,204,0,14.0,97
2023-03-27,SKU0139,177,0,14.0,97
2023-04-03,SKU0139,153,0,14.0,97
2023-04-10,SKU0139,120,0,14.0,97
2023-04-17,SKU0139,315,464,14.0,97
2023-04-24,SKU0139,281,0,14.0,97
2023-05-01,SKU0139,252,0,14.0,97
2023-05-08,SKU0139,219,0,14.0,97
2023-05-15,SKU0139,191,0,14.0,97
2023-05-22,SKU0139,150,0,14.0,97
2023-05-29,SKU0139,125,0,14.0,97
2023-06-05,SKU0139,107,0,14.0,97
2023-06-12,SKU0139,430,319,14.0,97
2023-06-19,SKU0139,398,0,14.0,97
2023-06-26,SKU0139,368,0,14.0,97
2023-07-03,SKU0139,345,0,14.0,97
2023-07-10,SKU0139,323,0,14.0,97
2023-07-17,SKU0139,305,0,14.0,97
2023-07-24,SKU0139,272,0,14.0,97
2023-07-31,SKU0139,236,0,14.0,97
2023-08-07,SKU0139,216,0,14.0,97
2023-08-14,SKU0139,181,0,14.0,97
2023-08-21,SKU0139,149,0,14.0,97
2023-08-28,SKU0139,120,0,14.0,97
2023-09-04,SKU0139,94,505,14.0,97
2023-09-11,SKU0139,291,377,14.0,97
2023-09-18,SKU0139,251,0,14.0,97
2023-09-25,SKU0139,204,0,14.0,97
2023-10-02,SKU0139,161,0,14.0,97
2023-10-09,SKU0139,114,0,14.0,97
2023-10-16,SKU0139,362,480,14.0,97
2023-10-23,SKU0139,314,0,14.0,97
2023-10-30,SKU0139,285,0,14.0,97
2023-11-06,SKU0139,237,0,14.0,97
2023-11-13,SKU0139,189,0,14.0,97
2023-11-20,SKU0139,139,0,14.0,97
2023-11-27,SKU0139,96,365,14.0,97
2023-12-04,SKU0139,48,458,14.0,97
2023-12-11,SKU0139,0,304,14.0,97
2023-12-18,SKU0139,281,398,14.0,97
2023-12-25,SKU0139,237,0,14.0,97
2022-01-03,SKU0140,31,0,30.0,17
2022-01-10,SKU0140,27,0,30.0,17
2022-01-17,SKU0140,23,0,30.0,17
2022-01-24,SKU0140,21,0,30.0,17
2022-01-31,SKU0140,17,27,30.0,17
2022-02-07,SKU0140,32,37,30.0,17
2022-02-14,SKU0140,30,0,30.0,17
2022-02-21,SKU0140,28,0,30.0,17
2022-02-28,SKU0140,25,0,30.0,17
2022-03-07,SKU0140,22,0,30.0,17
2022-03-14,SKU0140,19,0,30.0,17
2022-03-21,SKU0140,16,34,30.0,17
2022-03-28,SKU0140,15,42,30.0,17
2022-04-04,SKU0140,42,22,30.0,17
2022-04-11,SKU0140,39,0,30.0,17
2022-04-18,SKU0140,37,0,30.0,17
2022-04-25,SKU0140,34,0,30.0,17
2022-05-02,SKU0140,32,0,30.0,17
2022-05-09,SKU0140,29,0,30.0,17
2022-05-16,SKU0140,28,0,30.0,17
2022-05-23,SKU0140,25,0,30.0,17
2022-05-30,SKU0140,23,0,30.0,17
2022-06-06,SKU0140,21,0,30.0,17
2022-06-13,SKU0140,19,0,30.0,17
2022-06-20,SKU0140,17,30,30.0,17
2022-06-27,SKU0140,42,35,30.0,17
2022-07-04,SKU0140,40,0,30.0,17
2022-07-11,SKU0140,38,0,30.0,17
2022-07-18,SKU0140,37,0,30.0,17
2022-07-25,SKU0140,35,0,30.0,17
2022-08-01,SKU0140,33,0,30.0,17
2022-08-08,SKU0140,32,0,30.0,17
2022-08-15,SKU0140,30,0,30.0,17
2022-08-22,SKU0140,29,0,30.0,17
2022-08-29,SKU0140,27,0,30.0,17
2022-09-05,SKU0140,24,0,30.0,17
2022-09-12,SKU0140,21,0,30.0,17
2022-09-19,SKU0140,19,0,30.0,17
2022-09-26,SKU0140,16,33,30.0,17
2022-10-03,SKU0140,41,24,30.0,17
2022-10-10,SKU0140,37,0,30.0,17
2022-10-17,SKU0140,33,0,30.0,17
2022-10-24,SKU0140,29,0,30.0,17
2022-10-31,SKU0140,27,0,30.0,17
2022-11-07,SKU0140,23,0,30.0,17
2022-11-14,SKU0140,19,0,30.0,17
2022-11-21,SKU0140,40,33,30.0,17
2022-11-28,SKU0140,36,0,30.0,17
2022-12-05,SKU0140,34,0,30.0,17
2022-12-12,SKU0140,31,0,30.0,17
2022-12-19,SKU0140,28,0,30.0,17
2022-12-26,SKU0140,25,0,30.0,17
2023-01-02,SKU0140,21,0,30.0,17
2023-01-09,SKU0140,35,25,30.0,17
2023-01-16,SKU0140,33,0,30.0,17
2023-01-23,SKU0140,31,0,30.0,17
2023-01-30,SKU0140,28,0,30.0,17
2023-02-06,SKU0140,25,0,30.0,17
2023-02-13,SKU0140,21,0,30.0,17
2023-02-20,SKU0140,17,44,30.0,17
2023-02-27,SKU0140,14,33,30.0,17
2023-03-06,SKU0140,11,30,30.0,17
2023-03-13,SKU0140,36,35,30.0,17
2023-03-20,SKU0140,34,0,,17
2023-03-27,SKU0140,32,0,30.0,17
2023-04-03,SKU0140,29,0,30.0,17
2023-04-10,SKU0140,26,0,30.0,17
2023-04-17,SKU0140,24,0,30.0,17
2023-04-24,SKU0140,21,0,30.0,17
2023-05-01,SKU0140,18,0,30.0,17
2023-05-08,SKU0140,15,31,30.0,17
2023-05-15,SKU0140,14,37,30.0,17
2023-05-22,SKU0140,11,32,30.0,17
2023-05-29,SKU0140,9,36,30.0,17
2023-06-05,SKU0140,7,42,30.0,17
2023-06-12,SKU0140,35,30,30.0,17
2023-06-19,SKU0140,33,0,,17
2023-06-26,SKU0140,30,0,30.0,17
2023-07-03,SKU0140,28,0,30.0,17
2023-07-10,SKU0140,27,0,30.0,17
2023-07-17,SKU0140,26,0,30.0,17
2023-07-24,SKU0140,24,0,30.0,17
2023-07-31,SKU0140,22,0,30.0,17
2023-08-07,SKU0140,20,0,30.0,17
2023-08-14,SKU0140,18,0,30.0,17
2023-08-21,SKU0140,16,35,30.0,17
2023-08-28,SKU0140,40,40,30.0,17
2023-09-04,SKU0140,38,0,30.0,17
2023-09-11,SKU0140,36,0,30.0,17
2023-09-18,SKU0140,32,0,30.0,17
2023-09-25,SKU0140,30,0,30.0,17
2023-10-02,SKU0140,28,0,30.0,17
2023-10-09,SKU0140,25,0,30.0,17
2023-10-16,SKU0140,22,0,30.0,17
2023-10-23,SKU0140,18,0,30.0,17
2023-10-30,SKU0140,16,23,30.0,17
2023-11-06,SKU0140,14,41,30.0,17
2023-11-13,SKU0140,11,42,30.0,17
2023-11-20,SKU0140,25,40,30.0,17
2023-11-27,SKU0140,23,0,30.0,17
2023-12-04,SKU0140,18,0,30.0,17
2023-12-11,SKU0140,14,38,30.0,17
2023-12-18,SKU0140,12,33,30.0,17
2023-12-25,SKU0140,10,27,30.0,17
2022-01-03,SKU0141,140,0,30.0,102
2022-01-10,SKU0141,110,0,30.0,102
2022-01-17,SKU0141,92,245,30.0,102
2022-01-24,SKU0141,72,203,30.0,102
2022-01-31,SKU0141,147,236,30.0,102
2022-02-07,SKU0141,128,0,30.0,102
2022-02-14,SKU0141,112,0,30.0,102
2022-02-21,SKU0141,210,185,30.0,102
2022-02-28,SKU0141,191,0,30.0,102
2022-03-07,SKU0141,175,0,30.0,102
2022-03-14,SKU0141,157,0,30.0,102
2022-03-21,SKU0141,146,0,30.0,102
2022-03-28,SKU0141,137,0,30.0,102
2022-04-04,SKU0141,124,0,30.0,102
2022-04-11,SKU0141,107,0,30.0,102
2022-04-18,SKU0141,275,161,30.0,102
2022-04-25,SKU0141,260,0,30.0,102
2022-05-02,SKU0141,243,0,30.0,102
2022-05-09,SKU0141,231,0,30.0,102
2022-05-16,SKU0141,211,0,30.0,102
2022-05-23,SKU0141,195,0,30.0,102
2022-05-30,SKU0141,180,0,30.0,102
2022-06-06,SKU0141,172,0,30.0,102
2022-06-13,SKU0141,159,0,30.0,102
2022-06-20,SKU0141,151,0,30.0,102
2022-06-27,SKU0141,143,0,30.0,102
2022-07-04,SKU0141,129,0,30.0,102
2022-07-11,SKU0141,120,0,30.0,102
2022-07-18,SKU0141,112,0,30.0,102
2022-07-25,SKU0141,238,237,30.0,102
2022-08-01,SKU0141,222,0,30.0,102
2022-08-08,SKU0141,208,0,30.0,102
2022-08-15,SKU0141,197,0,30.0,102
2022-08-22,SKU0141,180,0,30.0,102
2022-08-29,SKU0141,167,0,30.0,102
2022-09-05,SKU0141,155,0,30.0,102
2022-09-12,SKU0141,135,0,30.0,102
2022-09-19,SKU0141,110,0,30.0,102
2022-09-26,SKU0141,214,246,30.0,102
2022-10-03,SKU0141,187,0,30.0,102
2022-10-10,SKU0141,169,0,30.0,102
2022-10-17,SKU0141,149,0,30.0,102
2022-10-24,SKU0141,135,0,30.0,102
2022-10-31,SKU0141,111,0,30.0,102
2022-11-07,SKU0141,85,140,30.0,102
2022-11-14,SKU0141,207,190,30.0,102
2022-11-21,SKU0141,194,0,30.0,102
2022-11-28,SKU0141,170,0,30.0,102
2022-12-05,SKU0141,152,0,30.0,102
2022-12-12,SKU0141,127,0,30.0,102
2022-12-19,SKU0141,113,0,30.0,102
2022-12-26,SKU0141,87,210,30.0,102
2023-01-02,SKU0141,74,191,30.0,102
2023-01-09,SKU0141,51,174,30.0,102
2023-01-16,SKU0141,31,149,30.0,102
2023-01-23,SKU0141,3,133,30.0,102
2023-01-30,SKU0141,0,253,30.0,102
2023-02-06,SKU0141,160,156,30.0,102
2023-02-13,SKU0141,136,0,30.0,102
2023-02-20,SKU0141,120,0,30.0,102
2023-02-27,SKU0141,246,241,30.0,102
2023-03-06,SKU0141,229,0,30.0,102
2023-03-13,SKU0141,213,0,30.0,102
2023-03-20,SKU0141,203,0,30.0,102
2023-03-27,SKU0141,190,0,30.0,102
2023-04-03,SKU0141,177,0,30.0,102
2023-04-10,SKU0141,165,0,30.0,102
2023-04-17,SKU0141,155,0,30.0,102
2023-04-24,SKU0141,140,0,30.0,102
2023-05-01,SKU0141,129,0,30.0,102
2023-05-08,SKU0141,114,0,30.0,102
2023-05-15,SKU0141,104,0,30.0,102
2023-05-22,SKU0141,93,156,30.0,102
2023-05-29,SKU0141,79,182,30.0,102
2023-06-05,SKU0141,69,256,30.0,102
2023-06-12,SKU0141,58,222,30.0,102
2023-06-19,SKU0141,218,232,30.0,102
2023-06-26,SKU0141,205,0,30.0,102
2023-07-03,SKU0141,196,0,30.0,102
2023-07-10,SKU0141,178,0,30.0,102
2023-07-17,SKU0141,170,0,30.0,102
2023-07-24,SKU0141,153,0,30.0,102
2023-07-31,SKU0141,142,0,30.0,102
2023-08-07,SKU0141,134,0,30.0,102
2023-08-14,SKU0141,117,0,30.0,102
2023-08-21,SKU0141,104,0,30.0,102
2023-08-28,SKU0141,91,151,30.0,102
2023-09-04,SKU0141,231,193,30.0,102
2023-09-11,SKU0141,214,0,30.0,102
2023-09-18,SKU0141,201,0,30.0,102
2023-09-25,SKU0141,186,0,30.0,102
2023-10-02,SKU0141,163,0,30.0,102
2023-10-09,SKU0141,148,0,30.0,102
2023-10-16,SKU0141,130,0,30.0,102
2023-10-23,SKU0141,115,0,30.0,102
2023-10-30,SKU0141,256,144,30.0,102
2023-11-06,SKU0141,232,0,30.0,102
2023-11-13,SKU0141,216,0,30.0,102
2023-11-20,SKU0141,193,0,30.0,102
2023-11-27,SKU0141,177,0,30.0,102
2023-12-04,SKU0141,161,0,30.0,102
2023-12-11,SKU0141,137,0,30.0,102
2023-12-18,SKU0141,114,0,30.0,102
2023-12-25,SKU0141,89,182,30.0,102
2022-01-03,SKU0142,677,0,10.0,125
2022-01-10,SKU0142,617,0,10.0,125
2022-01-17,SKU0142,548,0,10.0,125
2022-01-24,SKU0142,449,0,10.0,125
2022-01-31,SKU0142,381,0,10.0,125
2022-02-07,SKU0142,291,0,10.0,125
2022-02-14,SKU0142,216,0,10.0,125
2022-02-21,SKU0142,647,516,10.0,125
2022-02-28,SKU0142,583,0,10.0,125
2022-03-07,SKU0142,502,0,10.0,125
2022-03-14,SKU0142,441,0,10.0,125
2022-03-21,SKU0142,361,0,10.0,125
2022-03-28,SKU0142,284,0,10.0,125
2022-04-04,SKU0142,205,0,10.0,125
2022-04-11,SKU0142,125,864,10.0,125
2022-04-18,SKU0142,48,482,10.0,125
2022-04-25,SKU0142,0,828,10.0,125
2022-05-02,SKU0142,601,928,10.0,125
2022-05-09,SKU0142,564,0,10.0,125
2022-05-16,SKU0142,526,0,10.0,125
2022-05-23,SKU0142,461,0,10.0,125
2022-05-30,SKU0142,423,0,10.0,125
2022-06-06,SKU0142,370,0,10.0,125
2022-06-13,SKU0142,313,0,10.0,125
2022-06-20,SKU0142,245,0,10.0,125
2022-06-27,SKU0142,182,0,10.0,125
2022-07-04,SKU0142,139,0,10.0,125
2022-07-11,SKU0142,91,604,10.0,125
2022-07-18,SKU0142,50,842,10.0,125
2022-07-25,SKU0142,1,772,10.0,125
2022-08-01,SKU0142,683,756,10.0,125
2022-08-08,SKU0142,629,0,10.0,125
2022-08-15,SKU0142,560,0,10.0,125
2022-08-22,SKU0142,529,0,10.0,125
2022-08-29,SKU0142,475,0,10.0,125
2022-09-05,SKU0142,395,0,10.0,125
2022-09-12,SKU0142,330,0,10.0,125
2022-09-19,SKU0142,283,0,,125
2022-09-26,SKU0142,182,0,10.0,125
2022-10-03,SKU0142,125,605,10.0,125
2022-10-10,SKU0142,38,538,10.0,125
2022-10-17,SKU0142,0,668,10.0,125
2022-10-24,SKU0142,0,800,10.0,125
2022-10-31,SKU0142,575,836,10.0,125
2022-11-07,SKU0142,494,0,10.0,125
2022-11-14,SKU0142,425,0,10.0,125
2022-11-21,SKU0142,362,0,10.0,125
2022-11-28,SKU0142,311,0,10.0,125
2022-12-05,SKU0142,238,0,10.0,125
2022-12-12,SKU0142,154,0,,125
2022-12-19,SKU0142,100,616,10.0,125
2022-12-26,SKU0142,403,811,10.0,125
2023-01-02,SKU0142,351,0,10.0,125
2023-01-09,SKU0142,239,0,10.0,125
2023-01-16,SKU0142,179,0,10.0,125
2023-01-23,SKU0142,717,707,10.0,125
2023-01-30,SKU0142,658,0,10.0,125
2023-02-06,SKU0142,598,0,10.0,125
2023-02-13,SKU0142,486,0,10.0,125
2023-02-20,SKU0142,386,0,10.0,125
2023-02-27,SKU0142,293,0,10.0,125
2023-03-06,SKU0142,244,0,10.0,125
2023-03-13,SKU0142,178,0,10.0,125
2023-03-20,SKU0142,134,0,10.0,125
2023-03-27,SKU0142,55,746,10.0,125
2023-04-03,SKU0142,1,479,10.0,125
2023-04-10,SKU0142,0,774,10.0,125
2023-04-17,SKU0142,0,928,10.0,125
2023-04-24,SKU0142,461,542,10.0,125
2023-05-01,SKU0142,420,0,10.0,125
2023-05-08,SKU0142,341,0,10.0,125
2023-05-15,SKU0142,291,0,10.0,125
2023-05-22,SKU0142,232,0,10.0,125
2023-05-29,SKU0142,178,0,10.0,125
2023-06-05,SKU0142,148,0,10.0,125
2023-06-12,SKU0142,96,560,10.0,125
2023-06-19,SKU0142,514,529,10.0,125
2023-06-26,SKU0142,464,0,10.0,125
2023-07-03,SKU0142,408,0,10.0,125
2023-07-10,SKU0142,344,0,10.0,125
2023-07-17,SKU0142,286,0,10.0,125
2023-07-24,SKU0142,234,0,10.0,125
2023-07-31,SKU0142,192,0,10.0,125
2023-08-07,SKU0142,131,0,10.0,125
2023-08-14,SKU0142,544,746,10.0,125
2023-08-21,SKU0142,476,0,10.0,125
2023-08-28,SKU0142,427,0,10.0,125
2023-09-04,SKU0142,362,0,10.0,125
2023-09-11,SKU0142,277,0,10.0,125
2023-09-18,SKU0142,201,0,10.0,125
2023-09-25,SKU0142,670,571,10.0,125
2023-10-02,SKU0142,586,0,10.0,125
2023-10-09,SKU0142,533,0,10.0,125
2023-10-16,SKU0142,456,0,10.0,125
2023-10-23,SKU0142,402,0,10.0,125
2023-10-30,SKU0142,357,0,10.0,125
2023-11-06,SKU0142,297,0,10.0,125
2023-11-13,SKU0142,218,0,10.0,125
2023-11-20,SKU0142,128,0,10.0,125
2023-11-27,SKU0142,43,864,10.0,125
2023-12-04,SKU0142,498,796,10.0,125
2023-12-11,SKU0142,447,0,10.0,125
2023-12-18,SKU0142,387,0,10.0,125
2023-12-25,SKU0142,323,0,10.0,125
2022-01-03,SKU0143,12,0,10.0,3
2022-01-10,SKU0143,9,0,10.0,3
2022-01-17,SKU0143,7,0,10.0,3
2022-01-24,SKU0143,4,0,10.0,3
2022-01-31,SKU0143,17,19,10.0,3
2022-02-07,SKU0143,15,0,10.0,3
2022-02-14,SKU0143,12,0,10.0,3
2022-02-21,SKU0143,10,0,10.0,3
2022-02-28,SKU0143,8,0,,3
2022-03-07,SKU0143,6,0,10.0,3
2022-03-14,SKU0143,4,0,10.0,3
2022-03-21,SKU0143,2,14,10.0,3
2022-03-28,SKU0143,1,16,10.0,3
2022-04-04,SKU0143,0,15,10.0,3
2022-04-11,SKU0143,16,25,10.0,3
2022-04-18,SKU0143,14,0,10.0,3
2022-04-25,SKU0143,13,0,10.0,3
2022-05-02,SKU0143,12,0,10.0,3
2022-05-09,SKU0143,11,0,10.0,3
2022-05-16,SKU0143,9,0,10.0,3
2022-05-23,SKU0143,8,0,10.0,3
2022-05-30,SKU0143,7,0,10.0,3
2022-06-06,SKU0143,7,0,10.0,3
2022-06-13,SKU0143,6,0,10.0,3
2022-06-20,SKU0143,5,0,10.0,3
2022-06-27,SKU0143,4,0,10.0,3
2022-07-04,SKU0143,2,27,10.0,3
2022-07-11,SKU0143,1,23,10.0,3
2022-07-18,SKU0143,0,21,10.0,3
2022-07-25,SKU0143,0,17,10.0,3
2022-08-01,SKU0143,0,26,10.0,3
2022-08-08,SKU0143,12,26,10.0,3
2022-08-15,SKU0143,11,0,10.0,3
2022-08-22,SKU0143,10,0,10.0,3
2022-08-29,SKU0143,9,0,10.0,3
2022-09-05,SKU0143,7,0,10.0,3
2022-09-12,SKU0143,5,0,10.0,3
2022-09-19,SKU0143,3,17,10.0,3
2022-09-26,SKU0143,1,20,10.0,3
2022-10-03,SKU0143,0,17,10.0,3
2022-10-10,SKU0143,16,20,,3
2022-10-17,SKU0143,14,0,10.0,3
2022-10-24,SKU0143,12,0,10.0,3
2022-10-31,SKU0143,10,0,10.0,3
2022-11-07,SKU0143,8,0,10.0,3
2022-11-14,SKU0143,7,0,10.0,3
2022-11-21,SKU0143,5,0,10.0,3
2022-11-28,SKU0143,3,14,10.0,3
2022-12-05,SKU0143,21,16,10.0,3
2022-12-12,SKU0143,19,0,10.0,3
2022-12-19,SKU0143,16,0,10.0,3
2022-12-26,SKU0143,14,0,10.0,3
2023-01-02,SKU0143,12,0,10.0,3
2023-01-09,SKU0143,11,0,10.0,3
2023-01-16,SKU0143,8,0,10.0,3
2023-01-23,SKU0143,7,0,10.0,3
2023-01-30,SKU0143,4,0,10.0,3
2023-02-06,SKU0143,2,26,10.0,3
2023-02-13,SKU0143,17,18,10.0,3
2023-02-20,SKU0143,15,0,10.0,3
2023-02-27,SKU0143,12,0,10.0,3
2023-03-06,SKU0143,11,0,10.0,3
2023-03-13,SKU0143,10,0,10.0,3
2023-03-20,SKU0143,9,0,10.0,3
2023-03-27,SKU0143,8,0,10.0,3
2023-04-03,SKU0143,7,0,10.0,3
2023-04-10,SKU0143,5,0,10.0,3
2023-04-17,SKU0143,3,17,10.0,3
2023-04-24,SKU0143,13,15,10.0,3
2023-05-01,SKU0143,11,0,10.0,3
2023-05-08,SKU0143,10,0,,3
2023-05-15,SKU0143,9,0,10.0,3
2023-05-22,SKU0143,8,0,10.0,3
2023-05-29,SKU0143,7,0,10.0,3
2023-06-05,SKU0143,6,0,10.0,3
2023-06-12,SKU0143,6,0,10.0,3
2023-06-19,SKU0143,5,0,10.0,3
2023-06-26,SKU0143,4,0,10.0,3
2023-07-03,SKU0143,19,24,10.0,3
2023-07-10,SKU0143,18,0,10.0,3
2023-07-17,SKU0143,17,0,10.0,3
2023-07-24,SKU0143,15,0,10.0,3
2023-07-31,SKU0143,14,0,10.0,3
2023-08-07,SKU0143,13,0,10.0,3
2023-08-14,SKU0143,12,0,10.0,3
2023-08-21,SKU0143,10,0,10.0,3
2023-08-28,SKU0143,9,0,10.0,3
2023-09-04,SKU0143,6,0,10.0,3
2023-09-11,SKU0143,4,0,10.0,3
2023-09-18,SKU0143,3,26,,3
2023-09-25,SKU0143,1,21,10.0,3
2023-10-02,SKU0143,10,15,10.0,3
2023-10-09,SKU0143,8,0,,3
2023-10-16,SKU0143,6,0,10.0,3
2023-10-23,SKU0143,4,0,10.0,3
2023-10-30,SKU0143,3,15,10.0,3
2023-11-06,SKU0143,22,21,10.0,3
2023-11-13,SKU0143,20,0,10.0,3
2023-11-20,SKU0143,19,0,10.0,3
2023-11-27,SKU0143,17,0,10.0,3
2023-12-04,SKU0143,15,0,10.0,3
2023-12-11,SKU0143,12,0,10.0,3
2023-12-18,SKU0143,11,0,10.0,3
2023-12-25,SKU0143,10,0,10.0,3
2022-01-03,SKU0144,143,0,30.0,97
2022-01-10,SKU0144,125,0,30.0,97
2022-01-17,SKU0144,100,0,30.0,97
2022-01-24,SKU0144,72,238,30.0,97
2022-01-31,SKU0144,219,168,30.0,97
2022-02-07,SKU0144,199,0,30.0,97
2022-02-14,SKU0144,181,0,30.0,97
2022-02-21,SKU0144,162,0,30.0,97
2022-02-28,SKU0144,142,0,30.0,97
2022-03-07,SKU0144,122,0,30.0,97
2022-03-14,SKU0144,109,0,30.0,97
2022-03-21,SKU0144,93,181,30.0,97
2022-03-28,SKU0144,240,235,30.0,97
2022-04-04,SKU0144,221,0,30.0,97
2022-04-11,SKU0144,201,0,,97
2022-04-18,SKU0144,181,0,30.0,97
2022-04-25,SKU0144,172,0,30.0,97
2022-05-02,SKU0144,161,0,30.0,97
2022-05-09,SKU0144,149,0,30.0,97
2022-05-16,SKU0144,131,0,30.0,97
2022-05-23,SKU0144,120,0,30.0,97
2022-05-30,SKU0144,104,0,30.0,97
2022-06-06,SKU0144,95,161,30.0,97
2022-06-13,SKU0144,182,234,30.0,97
2022-06-20,SKU0144,170,0,30.0,97
2022-06-27,SKU0144,159,0,30.0,97
2022-07-04,SKU0144,143,0,30.0,97
2022-07-11,SKU0144,132,0,30.0,97
2022-07-18,SKU0144,120,0,30.0,97
2022-07-25,SKU0144,103,0,30.0,97
2022-08-01,SKU0144,93,234,30.0,97
2022-08-08,SKU0144,77,181,30.0,97
2022-08-15,SKU0144,61,232,30.0,97
2022-08-22,SKU0144,145,211,30.0,97
2022-08-29,SKU0144,137,0,,97
2022-09-05,SKU0144,121,0,30.0,97
2022-09-12,SKU0144,108,0,30.0,97
2022-09-19,SKU0144,250,224,30.0,97
2022-09-26,SKU0144,236,0,30.0,97
2022-10-03,SKU0144,215,0,30.0,97
2022-10-10,SKU0144,200,0,30.0,97
2022-10-17,SKU0144,186,0,30.0,97
2022-10-24,SKU0144,166,0,30.0,97
2022-10-31,SKU0144,149,0,,97
2022-11-07,SKU0144,132,0,30.0,97
2022-11-14,SKU0144,108,0,30.0,97
2022-11-21,SKU0144,191,178,30.0,97
2022-11-28,SKU0144,165,0,30.0,97
2022-12-05,SKU0144,153,0,30.0,97
2022-12-12,SKU0144,137,0,30.0,97
2022-12-19,SKU0144,122,0,30.0,97
2022-12-26,SKU0144,102,0,30.0,97
2023-01-02,SKU0144,84,143,30.0,97
2023-01-09,SKU0144,67,175,30.0,97
2023-01-16,SKU0144,54,148,30.0,97
2023-01-23,SKU0144,121,178,30.0,97
2023-01-30,SKU0144,98,0,30.0,97
2023-02-06,SKU0144,81,189,30.0,97
2023-02-13,SKU0144,62,146,30.0,97
2023-02-20,SKU0144,172,186,30.0,97
2023-02-27,SKU0144,143,0,30.0,97
2023-03-06,SKU0144,131,0,30.0,97
2023-03-13,SKU0144,116,0,30.0,97
2023-03-20,SKU0144,97,233,30.0,97
2023-03-27,SKU0144,178,181,30.0,97
2023-04-03,SKU0144,162,0,30.0,97
2023-04-10,SKU0144,141,0,30.0,97
2023-04-17,SKU0144,132,0,30.0,97
2023-04-24,SKU0144,121,0,30.0,97
2023-05-01,SKU0144,102,0,30.0,97
2023-05-08,SKU0144,85,180,30.0,97
2023-05-15,SKU0144,68,207,30.0,97
2023-05-22,SKU0144,51,218,30.0,97
2023-05-29,SKU0144,31,235,30.0,97
2023-06-05,SKU0144,21,151,30.0,97
2023-06-12,SKU0144,10,154,30.0,97
2023-06-19,SKU0144,0,240,30.0,97
2023-06-26,SKU0144,177,144,30.0,97
2023-07-03,SKU0144,166,0,30.0,97
2023-07-10,SKU0144,154,0,30.0,97
2023-07-17,SKU0144,139,0,30.0,97
2023-07-24,SKU0144,121,0,30.0,97
2023-07-31,SKU0144,108,0,30.0,97
2023-08-07,SKU0144,99,0,30.0,97
2023-08-14,SKU0144,86,172,30.0,97
2023-08-21,SKU0144,73,242,30.0,97
2023-08-28,SKU0144,63,212,30.0,97
2023-09-04,SKU0144,192,192,30.0,97
2023-09-11,SKU0144,169,0,30.0,97
2023-09-18,SKU0144,157,0,30.0,97
2023-09-25,SKU0144,134,0,30.0,97
2023-10-02,SKU0144,115,0,30.0,97
2023-10-09,SKU0144,104,0,30.0,97
2023-10-16,SKU0144,80,240,30.0,97
2023-10-23,SKU0144,67,167,30.0,97
2023-10-30,SKU0144,160,173,30.0,97
2023-11-06,SKU0144,145,0,30.0,97
2023-11-13,SKU0144,122,0,30.0,97
2023-11-20,SKU0144,103,0,30.0,97
2023-11-27,SKU0144,81,163,30.0,97
2023-12-04,SKU0144,165,215,30.0,97
2023-12-11,SKU0144,151,0,30.0,97
2023-12-18,SKU0144,138,0,30.0,97
2023-12-25,SKU0144,118,0,30.0,97
2022-01-03,SKU0145,98,220,30.0,106
2022-01-10,SKU0145,81,144,30.0,106
2022-01-17,SKU0145,179,180,30.0,106
2022-01-24,SKU0145,151,0,30.0,106
2022-01-31,SKU0145,121,0,30.0,106
2022-02-07,SKU0145,297,261,30.0,106
2022-02-14,SKU0145,266,0,30.0,106
2022-02-21,SKU0145,235,0,30.0,106
2022-02-28,SKU0145,205,0,30.0,106
2022-03-07,SKU0145,183,0,30.0,106
2022-03-14,SKU0145,172,0,30.0,106
2022-03-21,SKU0145,160,0,30.0,106
2022-03-28,SKU0145,149,0,30.0,106
2022-04-04,SKU0145,134,0,30.0,106
2022-04-11,SKU0145,123,0,30.0,106
2022-04-18,SKU0145,112,0,30.0,106
2022-04-25,SKU0145,208,159,30.0,106
2022-05-02,SKU0145,189,0,30.0,106
2022-05-09,SKU0145,175,0,30.0,106
2022-05-16,SKU0145,161,0,30.0,106
2022-05-23,SKU0145,141,0,30.0,106
2022-05-30,SKU0145,125,0,30.0,106
2022-06-06,SKU0145,113,0,30.0,106
2022-06-13,SKU0145,101,201,,106
2022-06-20,SKU0145,88,173,30.0,106
2022-06-27,SKU0145,72,147,30.0,106
2022-07-04,SKU0145,183,186,30.0,106
2022-07-11,SKU0145,171,0,30.0,106
2022-07-18,SKU0145,163,0,30.0,106
2022-07-25,SKU0145,155,0,30.0,106
2022-08-01,SKU0145,145,0,30.0,106
2022-08-08,SKU0145,132,0,30.0,106
2022-08-15,SKU0145,117,0,30.0,106
2022-08-22,SKU0145,103,222,30.0,106
2022-08-29,SKU0145,91,217,30.0,106
2022-09-05,SKU0145,69,234,30.0,106
2022-09-12,SKU0145,208,244,30.0,106
2022-09-19,SKU0145,186,0,30.0,106
2022-09-26,SKU0145,158,0,30.0,106
2022-10-03,SKU0145,146,0,30.0,106
2022-10-10,SKU0145,118,0,30.0,106
2022-10-17,SKU0145,100,219,30.0,106
2022-10-24,SKU0145,74,235,30.0,106
2022-10-31,SKU0145,62,218,30.0,106
2022-11-07,SKU0145,159,153,30.0,106
2022-11-14,SKU0145,133,0,30.0,106
2022-11-21,SKU0145,112,0,30.0,106
2022-11-28,SKU0145,88,197,30.0,106
2022-12-05,SKU0145,65,250,30.0,106
2022-12-12,SKU0145,209,223,30.0,106
2022-12-19,SKU0145,187,0,30.0,106
2022-12-26,SKU0145,165,0,30.0,106
2023-01-02,SKU0145,140,0,30.0,106
2023-01-09,SKU0145,109,0,30.0,106
2023-01-16,SKU0145,95,141,30.0,106
2023-01-23,SKU0145,69,150,30.0,106
2023-01-30,SKU0145,241,171,30.0,106
2023-02-06,SKU0145,211,0,30.0,106
2023-02-13,SKU0145,190,0,30.0,106
2023-02-20,SKU0145,168,0,30.0,106
2023-02-27,SKU0145,140,0,30.0,106
2023-03-06,SKU0145,130,0,30.0,106
2023-03-13,SKU0145,120,0,30.0,106
2023-03-20,SKU0145,209,174,30.0,106
2023-03-27,SKU0145,199,0,30.0,106
2023-04-03,SKU0145,186,0,30.0,106
2023-04-10,SKU0145,166,0,30.0,106
2023-04-17,SKU0145,150,0,30.0,106
2023-04-24,SKU0145,140,0,30.0,106
2023-05-01,SKU0145,127,0,30.0,106
2023-05-08,SKU0145,110,0,30.0,106
2023-05-15,SKU0145,267,211,30.0,106
2023-05-22,SKU0145,255,0,30.0,106
2023-05-29,SKU0145,237,0,30.0,106
2023-06-05,SKU0145,224,0,30.0,106
2023-06-12,SKU0145,208,0,30.0,106
2023-06-19,SKU0145,196,0,30.0,106
2023-06-26,SKU0145,187,0,30.0,106
2023-07-03,SKU0145,173,0,30.0,106
2023-07-10,SKU0145,163,0,30.0,106
2023-07-17,SKU0145,149,0,30.0,106
2023-07-24,SKU0145,138,0,30.0,106
2023-07-31,SKU0145,128,0,30.0,106
2023-08-07,SKU0145,116,0,30.0,106
2023-08-14,SKU0145,102,161,30.0,106
2023-08-21,SKU0145,199,203,30.0,106
2023-08-28,SKU0145,187,0,30.0,106
2023-09-04,SKU0145,167,0,30.0,106
2023-09-11,SKU0145,142,0,30.0,106
2023-09-18,SKU0145,116,0,30.0,106
2023-09-25,SKU0145,102,161,30.0,106
2023-10-02,SKU0145,76,251,30.0,106
2023-10-09,SKU0145,54,139,30.0,106
2023-10-16,SKU0145,36,187,30.0,106
2023-10-23,SKU0145,208,249,30.0,106
2023-10-30,SKU0145,185,0,,106
2023-11-06,SKU0145,173,0,30.0,106
2023-11-13,SKU0145,150,0,30.0,106
2023-11-20,SKU0145,130,0,30.0,106
2023-11-27,SKU0145,113,0,30.0,106
2023-12-04,SKU0145,84,198,30.0,106
2023-12-11,SKU0145,65,239,30.0,106
2023-12-18,SKU0145,192,225,30.0,106
2023-12-25,SKU0145,167,0,30.0,106
2022-01-03,SKU0146,444,292,30.0,200
2022-01-10,SKU0146,414,0,30.0,200
2022-01-17,SKU0146,376,0,30.0,200
2022-01-24,SKU0146,336,0,30.0,200
2022-01-31,SKU0146,301,0,30.0,200
2022-02-07,SKU0146,268,0,30.0,200
2022-02-14,SKU0146,228,0,30.0,200
2022-02-21,SKU0146,463,474,30.0,200
2022-02-28,SKU0146,420,0,30.0,200
2022-03-07,SKU0146,385,0,30.0,200
2022-03-14,SKU0146,359,0,30.0,200
2022-03-21,SKU0146,325,0,30.0,200
2022-03-28,SKU0146,290,0,,200
2022-04-04,SKU0146,252,0,30.0,200
2022-04-11,SKU0146,213,0,30.0,200
2022-04-18,SKU0146,468,271,30.0,200
2022-04-25,SKU0146,442,0,30.0,200
2022-05-02,SKU0146,410,0,30.0,200
2022-05-09,SKU0146,387,0,30.0,200
2022-05-16,SKU0146,361,0,30.0,200
2022-05-23,SKU0146,324,0,30.0,200
2022-05-30,SKU0146,304,0,30.0,200
2022-06-06,SKU0146,275,0,30.0,200
2022-06-13,SKU0146,239,0,30.0,200
2022-06-20,SKU0146,204,0,30.0,200
2022-06-27,SKU0146,176,465,30.0,200
2022-07-04,SKU0146,160,456,30.0,200
2022-07-11,SKU0146,132,393,30.0,200
2022-07-18,SKU0146,104,267,30.0,200
2022-07-25,SKU0146,84,392,30.0,200
2022-08-01,SKU0146,65,306,30.0,200
2022-08-08,SKU0146,49,325,30.0,200
2022-08-15,SKU0146,25,262,30.0,200
2022-08-22,SKU0146,0,344,30.0,200
2022-08-29,SKU0146,324,375,30.0,200
2022-09-05,SKU0146,292,0,30.0,200
2022-09-12,SKU0146,244,0,30.0,200
2022-09-19,SKU0146,197,260,30.0,200
2022-09-26,SKU0146,145,287,30.0,200
2022-10-03,SKU0146,335,330,30.0,200
2022-10-10,SKU0146,309,0,30.0,200
2022-10-17,SKU0146,266,0,30.0,200
2022-10-24,SKU0146,232,0,30.0,200
2022-10-31,SKU0146,198,390,30.0,200
2022-11-07,SKU0146,153,493,30.0,200
2022-11-14,SKU0146,117,367,30.0,200
2022-11-21,SKU0146,90,374,30.0,200
2022-11-28,SKU0146,65,271,30.0,200
2022-12-05,SKU0146,8,342,30.0,200
2022-12-12,SKU0146,0,446,30.0,200
2022-12-19,SKU0146,339,347,30.0,200
2022-12-26,SKU0146,286,0,30.0,200
2023-01-02,SKU0146,229,0,30.0,200
2023-01-09,SKU0146,422,441,30.0,200
2023-01-16,SKU0146,390,0,30.0,200
2023-01-23,SKU0146,334,0,30.0,200
2023-01-30,SKU0146,296,0,30.0,200
2023-02-06,SKU0146,237,0,30.0,200
2023-02-13,SKU0146,458,286,30.0,200
2023-02-20,SKU0146,419,0,30.0,200
2023-02-27,SKU0146,376,0,30.0,200
2023-03-06,SKU0146,339,0,30.0,200
2023-03-13,SKU0146,311,0,30.0,200
2023-03-20,SKU0146,280,0,30.0,200
2023-03-27,SKU0146,261,0,30.0,200
2023-04-03,SKU0146,229,0,,200
2023-04-10,SKU0146,209,0,30.0,200
2023-04-17,SKU0146,189,491,30.0,200
2023-04-24,SKU0146,484,373,30.0,200
2023-05-01,SKU0146,465,0,30.0,200
2023-05-08,SKU0146,439,0,30.0,200
2023-05-15,SKU0146,410,0,30.0,200
2023-05-22,SKU0146,370,0,30.0,200
2023-05-29,SKU0146,342,0,30.0,200
2023-06-05,SKU0146,310,0,30.0,200
2023-06-12,SKU0146,290,0,30.0,200
2023-06-19,SKU0146,259,0,30.0,200
2023-06-26,SKU0146,229,0,30.0,200
2023-07-03,SKU0146,194,391,30.0,200
2023-07-10,SKU0146,165,480,30.0,200
2023-07-17,SKU0146,345,316,30.0,200
2023-07-24,SKU0146,328,0,30.0,200
2023-07-31,SKU0146,311,0,30.0,200
2023-08-07,SKU0146,294,0,30.0,200
2023-08-14,SKU0146,274,0,30.0,200
2023-08-21,SKU0146,245,0,30.0,200
2023-08-28,SKU0146,219,0,30.0,200
2023-09-04,SKU0146,179,345,30.0,200
2023-09-11,SKU0146,149,447,30.0,200
2023-09-18,SKU0146,117,340,30.0,200
2023-09-25,SKU0146,86,340,30.0,200
2023-10-02,SKU0146,34,472,30.0,200
2023-10-09,SKU0146,0,479,,200
2023-10-16,SKU0146,0,486,30.0,200
2023-10-23,SKU0146,0,330,30.0,200
2023-10-30,SKU0146,0,309,30.0,200
2023-11-06,SKU0146,309,340,30.0,200
2023-11-13,SKU0146,271,0,30.0,200
2023-11-20,SKU0146,221,0,30.0,200
2023-11-27,SKU0146,397,442,30.0,200
2023-12-04,SKU0146,353,0,30.0,200
2023-12-11,SKU0146,304,0,30.0,200
2023-12-18,SKU0146,245,0,30.0,200
2023-12-25,SKU0146,198,392,30.0,200
2022-01-03,SKU0147,16,0,21.0,12
2022-01-10,SKU0147,40,27,21.0,12
2022-01-17,SKU0147,36,0,21.0,12
2022-01-24,SKU0147,33,0,21.0,12
2022-01-31,SKU0147,29,0,21.0,12
2022-02-07,SKU0147,26,0,21.0,12
2022-02-14,SKU0147,22,0,21.0,12
2022-02-21,SKU0147,17,0,21.0,12
2022-02-28,SKU0147,15,0,21.0,12
2022-03-07,SKU0147,28,38,21.0,12
2022-03-14,SKU0147,26,0,21.0,12
2022-03-21,SKU0147,24,0,21.0,12
2022-03-28,SKU0147,23,0,21.0,12
2022-04-04,SKU0147,22,0,21.0,12
2022-04-11,SKU0147,20,0,21.0,12
2022-04-18,SKU0147,17,0,21.0,12
2022-04-25,SKU0147,16,0,21.0,12
2022-05-02,SKU0147,14,0,21.0,12
2022-05-09,SKU0147,11,43,21.0,12
2022-05-16,SKU0147,9,25,21.0,12
2022-05-23,SKU0147,24,38,21.0,12
2022-05-30,SKU0147,21,0,21.0,12
2022-06-06,SKU0147,20,0,21.0,12
2022-06-13,SKU0147,18,0,21.0,12
2022-06-20,SKU0147,16,0,21.0,12
2022-06-27,SKU0147,15,0,21.0,12
2022-07-04,SKU0147,13,0,21.0,12
2022-07-11,SKU0147,11,32,21.0,12
2022-07-18,SKU0147,9,37,21.0,12
2022-07-25,SKU0147,26,27,21.0,12
2022-08-01,SKU0147,25,0,21.0,12
2022-08-08,SKU0147,23,0,21.0,12
2022-08-15,SKU0147,22,0,21.0,12
2022-08-22,SKU0147,20,0,21.0,12
2022-08-29,SKU0147,17,0,21.0,12
2022-09-05,SKU0147,13,0,21.0,12
2022-09-12,SKU0147,10,35,21.0,12
2022-09-19,SKU0147,6,25,21.0,12
2022-09-26,SKU0147,26,29,21.0,12
2022-10-03,SKU0147,23,0,21.0,12
2022-10-10,SKU0147,21,0,21.0,12
2022-10-17,SKU0147,17,0,21.0,12
2022-10-24,SKU0147,14,0,21.0,12
2022-10-31,SKU0147,29,41,21.0,12
2022-11-07,SKU0147,26,0,21.0,12
2022-11-14,SKU0147,24,0,21.0,12
2022-11-21,SKU0147,20,0,21.0,12
2022-11-28,SKU0147,16,0,21.0,12
2022-12-05,SKU0147,13,0,21.0,12
2022-12-12,SKU0147,8,30,21.0,12
2022-12-19,SKU0147,4,30,,12
2022-12-26,SKU0147,17,28,21.0,12
2023-01-02,SKU0147,14,0,21.0,12
2023-01-09,SKU0147,12,35,21.0,12
2023-01-16,SKU0147,41,36,21.0,12
2023-01-23,SKU0147,38,0,21.0,12
2023-01-30,SKU0147,35,0,,12
2023-02-06,SKU0147,32,0,21.0,12
2023-02-13,SKU0147,29,0,21.0,12
2023-02-20,SKU0147,27,0,21.0,12
2023-02-27,SKU0147,24,0,21.0,12
2023-03-06,SKU0147,21,0,21.0,12
2023-03-13,SKU0147,20,0,21.0,12
2023-03-20,SKU0147,17,0,21.0,12
2023-03-27,SKU0147,16,0,21.0,12
2023-04-03,SKU0147,13,0,21.0,12
2023-04-10,SKU0147,10,26,21.0,12
2023-04-17,SKU0147,39,38,21.0,12
2023-04-24,SKU0147,37,0,21.0,12
2023-05-01,SKU0147,34,0,21.0,12
2023-05-08,SKU0147,32,0,21.0,12
2023-05-15,SKU0147,30,0,21.0,12
2023-05-22,SKU0147,29,0,21.0,12
2023-05-29,SKU0147,26,0,21.0,12
2023-06-05,SKU0147,25,0,21.0,12
2023-06-12,SKU0147,23,0,21.0,12
2023-06-19,SKU0147,22,0,21.0,12
2023-06-26,SKU0147,20,0,21.0,12
2023-07-03,SKU0147,19,0,21.0,12
2023-07-10,SKU0147,17,0,21.0,12
2023-07-17,SKU0147,16,0,21.0,12
2023-07-24,SKU0147,15,0,21.0,12
2023-07-31,SKU0147,14,0,21.0,12
2023-08-07,SKU0147,13,0,21.0,12
2023-08-14,SKU0147,41,34,21.0,12
2023-08-21,SKU0147,40,0,21.0,12
2023-08-28,SKU0147,37,0,21.0,12
2023-09-04,SKU0147,33,0,21.0,12
2023-09-11,SKU0147,31,0,21.0,12
2023-09-18,SKU0147,28,0,21.0,12
2023-09-25,SKU0147,25,0,21.0,12
2023-10-02,SKU0147,23,0,21.0,12
2023-10-09,SKU0147,20,0,21.0,12
2023-10-16,SKU0147,17,0,21.0,12
2023-10-23,SKU0147,13,0,21.0,12
2023-10-30,SKU0147,11,23,21.0,12
2023-11-06,SKU0147,26,22,21.0,12
2023-11-13,SKU0147,22,0,21.0,12
2023-11-20,SKU0147,19,0,21.0,12
2023-11-27,SKU0147,15,0,21.0,12
2023-12-04,SKU0147,39,31,21.0,12
2023-12-11,SKU0147,35,0,21.0,12
2023-12-18,SKU0147,31,0,21.0,12
2023-12-25,SKU0147,27,0,21.0,12
2022-01-03,SKU0148,19,0,30.0,16
2022-01-10,SKU0148,16,26,30.0,16
2022-01-17,SKU0148,14,21,30.0,16
2022-01-24,SKU0148,10,32,30.0,16
2022-01-31,SKU0148,29,21,30.0,16
2022-02-07,SKU0148,25,0,30.0,16
2022-02-14,SKU0148,21,0,30.0,16
2022-02-21,SKU0148,17,0,30.0,16
2022-02-28,SKU0148,30,30,30.0,16
2022-03-07,SKU0148,28,0,30.0,16
2022-03-14,SKU0148,26,0,30.0,16
2022-03-21,SKU0148,24,0,30.0,16
2022-03-28,SKU0148,21,0,30.0,16
2022-04-04,SKU0148,19,0,30.0,16
2022-04-11,SKU0148,16,33,30.0,16
2022-04-18,SKU0148,14,27,30.0,16
2022-04-25,SKU0148,34,32,30.0,16
2022-05-02,SKU0148,33,0,30.0,16
2022-05-09,SKU0148,31,0,30.0,16
2022-05-16,SKU0148,29,0,30.0,16
2022-05-23,SKU0148,27,0,30.0,16
2022-05-30,SKU0148,25,0,30.0,16
2022-06-06,SKU0148,23,0,30.0,16
2022-06-13,SKU0148,22,0,30.0,16
2022-06-20,SKU0148,20,0,30.0,16
2022-06-27,SKU0148,18,0,30.0,16
2022-07-04,SKU0148,35,25,30.0,16
2022-07-11,SKU0148,34,0,30.0,16
2022-07-18,SKU0148,32,0,30.0,16
2022-07-25,SKU0148,31,0,,16
2022-08-01,SKU0148,29,0,30.0,16
2022-08-08,SKU0148,27,0,30.0,16
2022-08-15,SKU0148,26,0,30.0,16
2022-08-22,SKU0148,25,0,30.0,16
2022-08-29,SKU0148,24,0,30.0,16
2022-09-05,SKU0148,22,0,30.0,16
2022-09-12,SKU0148,20,0,30.0,16
2022-09-19,SKU0148,19,0,30.0,16
2022-09-26,SKU0148,16,22,30.0,16
2022-10-03,SKU0148,30,21,30.0,16
2022-10-10,SKU0148,26,0,30.0,16
2022-10-17,SKU0148,22,0,30.0,16
2022-10-24,SKU0148,18,0,30.0,16
2022-10-31,SKU0148,16,21,30.0,16
2022-11-07,SKU0148,37,22,30.0,16
2022-11-14,SKU0148,33,0,30.0,16
2022-11-21,SKU0148,31,0,30.0,16
2022-11-28,SKU0148,28,0,30.0,16
2022-12-05,SKU0148,25,0,30.0,16
2022-12-12,SKU0148,23,0,30.0,16
2022-12-19,SKU0148,20,0,30.0,16
2022-12-26,SKU0148,37,24,30.0,16
2023-01-02,SKU0148,35,0,30.0,16
2023-01-09,SKU0148,31,0,30.0,16
2023-01-16,SKU0148,27,0,30.0,16
2023-01-23,SKU0148,24,0,30.0,16
2023-01-30,SKU0148,22,0,30.0,16
2023-02-06,SKU0148,18,0,30.0,16
2023-02-13,SKU0148,42,22,30.0,16
2023-02-20,SKU0148,40,0,30.0,16
2023-02-27,SKU0148,38,0,30.0,16
2023-03-06,SKU0148,36,0,30.0,16
2023-03-13,SKU0148,34,0,30.0,16
2023-03-20,SKU0148,31,0,30.0,16
2023-03-27,SKU0148,29,0,30.0,16
2023-04-03,SKU0148,27,0,30.0,16
2023-04-10,SKU0148,24,0,30.0,16
2023-04-17,SKU0148,22,0,30.0,16
2023-04-24,SKU0148,20,0,30.0,16
2023-05-01,SKU0148,17,0,30.0,16
2023-05-08,SKU0148,16,31,30.0,16
2023-05-15,SKU0148,14,30,30.0,16
2023-05-22,SKU0148,11,26,30.0,16
2023-05-29,SKU0148,9,21,30.0,16
2023-06-05,SKU0148,8,33,30.0,16
2023-06-12,SKU0148,6,37,30.0,16
2023-06-19,SKU0148,5,35,30.0,16
2023-06-26,SKU0148,4,21,30.0,16
2023-07-03,SKU0148,21,24,30.0,16
2023-07-10,SKU0148,20,0,30.0,16
2023-07-17,SKU0148,19,0,30.0,16
2023-07-24,SKU0148,17,0,30.0,16
2023-07-31,SKU0148,16,34,30.0,16
2023-08-07,SKU0148,14,31,30.0,16
2023-08-14,SKU0148,41,35,30.0,16
2023-08-21,SKU0148,39,0,30.0,16
2023-08-28,SKU0148,37,0,30.0,16
2023-09-04,SKU0148,35,0,30.0,16
2023-09-11,SKU0148,32,0,30.0,16
2023-09-18,SKU0148,30,0,,16
2023-09-25,SKU0148,28,0,30.0,16
2023-10-02,SKU0148,26,0,30.0,16
2023-10-09,SKU0148,22,0,30.0,16
2023-10-16,SKU0148,19,0,30.0,16
2023-10-23,SKU0148,45,24,30.0,16
2023-10-30,SKU0148,43,0,30.0,16
2023-11-06,SKU0148,41,0,30.0,16
2023-11-13,SKU0148,37,0,30.0,16
2023-11-20,SKU0148,33,0,30.0,16
2023-11-27,SKU0148,31,0,30.0,16
2023-12-04,SKU0148,28,0,30.0,16
2023-12-11,SKU0148,25,0,30.0,16
2023-12-18,SKU0148,23,0,30.0,16
2023-12-25,SKU0148,21,0,30.0,16
2022-01-03,SKU0149,97,0,7.0,34
2022-01-10,SKU0149,77,0,7.0,34
2022-01-17,SKU0149,57,0,7.0,34
2022-01-24,SKU0149,264,346,7.0,34
2022-01-31,SKU0149,226,0,7.0,34
2022-02-07,SKU0149,191,0,7.0,34
2022-02-14,SKU0149,168,0,7.0,34
2022-02-21,SKU0149,142,0,7.0,34
2022-02-28,SKU0149,121,0,7.0,34
2022-03-07,SKU0149,93,0,7.0,34
2022-03-14,SKU0149,69,0,7.0,34
2022-03-21,SKU0149,49,0,7.0,34
2022-03-28,SKU0149,18,187,7.0,34
2022-04-04,SKU0149,0,226,7.0,34
2022-04-11,SKU0149,0,184,7.0,34
2022-04-18,SKU0149,0,334,7.0,34
2022-04-25,SKU0149,0,352,7.0,34
2022-05-02,SKU0149,199,240,7.0,34
2022-05-09,SKU0149,173,0,7.0,34
2022-05-16,SKU0149,146,0,7.0,34
2022-05-23,SKU0149,133,0,7.0,34
2022-05-30,SKU0149,117,0,7.0,34
2022-06-06,SKU0149,96,0,7.0,34
2022-06-13,SKU0149,79,0,7.0,34
2022-06-20,SKU0149,57,0,7.0,34
2022-06-27,SKU0149,35,0,7.0,34
2022-07-04,SKU0149,234,240,7.0,34
2022-07-11,SKU0149,212,0,7.0,34
2022-07-18,SKU0149,196,0,7.0,34
2022-07-25,SKU0149,178,0,7.0,34
2022-08-01,SKU0149,167,0,7.0,34
2022-08-08,SKU0149,149,0,7.0,34
2022-08-15,SKU0149,136,0,7.0,34
2022-08-22,SKU0149,114,0,7.0,34
2022-08-29,SKU0149,93,0,7.0,34
2022-09-05,SKU0149,63,0,7.0,34
2022-09-12,SKU0149,35,0,7.0,34
2022-09-19,SKU0149,241,287,7.0,34
2022-09-26,SKU0149,222,0,7.0,34
2022-10-03,SKU0149,204,0,7.0,34
2022-10-10,SKU0149,181,0,7.0,34
2022-10-17,SKU0149,163,0,7.0,34
2022-10-24,SKU0149,138,0,7.0,34
2022-10-31,SKU0149,101,0,7.0,34
2022-11-07,SKU0149,75,0,7.0,34
2022-11-14,SKU0149,39,0,7.0,34
2022-11-21,SKU0149,203,325,7.0,34
2022-11-28,SKU0149,181,0,7.0,34
2022-12-05,SKU0149,160,0,7.0,34
2022-12-12,SKU0149,129,0,7.0,34
2022-12-19,SKU0149,98,0,7.0,34
2022-12-26,SKU0149,71,0,7.0,34
2023-01-02,SKU0149,42,0,7.0,34
2023-01-09,SKU0149,9,277,7.0,34
2023-01-16,SKU0149,0,313,7.0,34
2023-01-23,SKU0149,0,351,7.0,34
2023-01-30,SKU0149,0,286,7.0,34
2023-02-06,SKU0149,0,220,7.0,34
2023-02-13,SKU0149,146,361,7.0,34
2023-02-20,SKU0149,113,0,7.0,34
2023-02-27,SKU0149,83,0,7.0,34
2023-03-06,SKU0149,57,0,7.0,34
2023-03-13,SKU0149,42,0,7.0,34
2023-03-20,SKU0149,226,259,7.0,34
2023-03-27,SKU0149,197,0,7.0,34
2023-04-03,SKU0149,167,0,7.0,34
2023-04-10,SKU0149,141,0,7.0,34
2023-04-17,SKU0149,124,0,7.0,34
2023-04-24,SKU0149,96,0,7.0,34
2023-05-01,SKU0149,69,0,7.0,34
2023-05-08,SKU0149,52,0,7.0,34
2023-05-15,SKU0149,239,222,7.0,34
2023-05-22,SKU0149,213,0,7.0,34
2023-05-29,SKU0149,182,0,7.0,34
2023-06-05,SKU0149,159,0,7.0,34
2023-06-12,SKU0149,133,0,7.0,34
2023-06-19,SKU0149,113,0,7.0,34
2023-06-26,SKU0149,95,0,7.0,34
2023-07-03,SKU0149,80,0,7.0,34
2023-07-10,SKU0149,65,0,7.0,34
2023-07-17,SKU0149,48,0,7.0,34
2023-07-24,SKU0149,36,0,7.0,34
2023-07-31,SKU0149,238,318,7.0,34
2023-08-07,SKU0149,222,0,7.0,34
2023-08-14,SKU0149,198,0,7.0,34
2023-08-21,SKU0149,174,0,7.0,34
2023-08-28,SKU0149,152,0,7.0,34
2023-09-04,SKU0149,117,0,7.0,34
2023-09-11,SKU0149,97,0,7.0,34
2023-09-18,SKU0149,60,0,7.0,34
2023-09-25,SKU0149,41,0,7.0,34
2023-10-02,SKU0149,15,200,7.0,34
2023-10-09,SKU0149,0,323,7.0,34
2023-10-16,SKU0149,0,226,7.0,34
2023-10-23,SKU0149,0,296,7.0,34
2023-10-30,SKU0149,149,331,7.0,34
2023-11-06,SKU0149,119,0,7.0,34
2023-11-13,SKU0149,82,0,7.0,34
2023-11-20,SKU0149,52,0,7.0,34
2023-11-27,SKU0149,28,243,7.0,34
2023-12-04,SKU0149,257,237,7.0,34
2023-12-11,SKU0149,216,0,,34
2023-12-18,SKU0149,182,0,7.0,34
2023-12-25,SKU0149,144,0,7.0,34
2022-01-03,SKU0150,165,0,7.0,26
2022-01-10,SKU0150,137,0,7.0,26
2022-01-17,SKU0150,119,0,7.0,26
2022-01-24,SKU0150,96,0,7.0,26
2022-01-31,SKU0150,64,0,7.0,26
2022-02-07,SKU0150,43,0,7.0,26
2022-02-14,SKU0150,199,164,7.0,26
2022-02-21,SKU0150,166,0,7.0,26
2022-02-28,SKU0150,138,0,7.0,26
2022-03-07,SKU0150,118,0,7.0,26
2022-03-14,SKU0150,104,0,7.0,26
2022-03-21,SKU0150,81,0,7.0,26
2022-03-28,SKU0150,71,0,7.0,26
2022-04-04,SKU0150,53,0,7.0,26
2022-04-11,SKU0150,30,0,7.0,26
2022-04-18,SKU0150,209,156,7.0,26
2022-04-25,SKU0150,193,0,7.0,26
2022-05-02,SKU0150,177,0,7.0,26
2022-05-09,SKU0150,160,0,7.0,26
2022-05-16,SKU0150,150,0,,26
2022-05-23,SKU0150,133,0,7.0,26
2022-05-30,SKU0150,117,0,7.0,26
2022-06-06,SKU0150,99,0,7.0,26
2022-06-13,SKU0150,82,0,7.0,26
2022-06-20,SKU0150,62,0,7.0,26
2022-06-27,SKU0150,43,0,7.0,26
2022-07-04,SKU0150,32,0,7.0,26
2022-07-11,SKU0150,145,248,7.0,26
2022-07-18,SKU0150,134,0,7.0,26
2022-07-25,SKU0150,122,0,7.0,26
2022-08-01,SKU0150,108,0,7.0,26
2022-08-08,SKU0150,90,0,7.0,26
2022-08-15,SKU0150,81,0,7.0,26
2022-08-22,SKU0150,65,0,7.0,26
2022-08-29,SKU0150,48,0,7.0,26
2022-09-05,SKU0150,31,0,7.0,26
2022-09-12,SKU0150,114,190,7.0,26
2022-09-19,SKU0150,96,0,7.0,26
2022-09-26,SKU0150,66,0,7.0,26
2022-10-03,SKU0150,47,0,7.0,26
2022-10-10,SKU0150,28,0,7.0,26
2022-10-17,SKU0150,6,179,7.0,26
2022-10-24,SKU0150,179,190,7.0,26
2022-10-31,SKU0150,163,0,7.0,26
2022-11-07,SKU0150,135,0,,26
2022-11-14,SKU0150,122,0,7.0,26
2022-11-21,SKU0150,97,0,7.0,26
2022-11-28,SKU0150,71,0,7.0,26
2022-12-05,SKU0150,48,0,7.0,26
2022-12-12,SKU0150,29,0,7.0,26
2022-12-19,SKU0150,0,231,7.0,26
2022-12-26,SKU0150,0,242,7.0,26
2023-01-02,SKU0150,0,227,7.0,26
2023-01-09,SKU0150,0,156,7.0,26
2023-01-16,SKU0150,165,224,7.0,26
2023-01-23,SKU0150,149,0,7.0,26
2023-01-30,SKU0150,117,0,7.0,26
2023-02-06,SKU0150,100,0,7.0,26
2023-02-13,SKU0150,79,0,7.0,26
2023-02-20,SKU0150,55,0,7.0,26
2023-02-27,SKU0150,30,0,7.0,26
2023-03-06,SKU0150,17,165,7.0,26
2023-03-13,SKU0150,4,144,7.0,26
2023-03-20,SKU0150,0,158,7.0,26
2023-03-27,SKU0150,0,254,7.0,26
2023-04-03,SKU0150,0,262,7.0,26
2023-04-10,SKU0150,0,211,7.0,26
2023-04-17,SKU0150,164,199,7.0,26
2023-04-24,SKU0150,148,0,7.0,26
2023-05-01,SKU0150,127,0,7.0,26
2023-05-08,SKU0150,104,0,7.0,26
2023-05-15,SKU0150,85,0,7.0,26
2023-05-22,SKU0150,64,0,7.0,26
2023-05-29,SKU0150,45,0,7.0,26
2023-06-05,SKU0150,29,0,7.0,26
2023-06-12,SKU0150,116,225,7.0,26
2023-06-19,SKU0150,104,0,7.0,26
2023-06-26,SKU0150,85,0,7.0,26
2023-07-03,SKU0150,67,0,7.0,26
2023-07-10,SKU0150,53,0,7.0,26
2023-07-17,SKU0150,37,0,7.0,26
2023-07-24,SKU0150,25,208,7.0,26
2023-07-31,SKU0150,15,227,7.0,26
2023-08-07,SKU0150,134,217,7.0,26
2023-08-14,SKU0150,117,0,7.0,26
2023-08-21,SKU0150,100,0,7.0,26
2023-08-28,SKU0150,85,0,7.0,26
2023-09-04,SKU0150,64,0,7.0,26
2023-09-11,SKU0150,41,0,7.0,26
2023-09-18,SKU0150,13,158,7.0,26
2023-09-25,SKU0150,0,235,7.0,26
2023-10-02,SKU0150,170,266,7.0,26
2023-10-09,SKU0150,141,0,7.0,26
2023-10-16,SKU0150,121,0,7.0,26
2023-10-23,SKU0150,99,0,7.0,26
2023-10-30,SKU0150,85,0,7.0,26
2023-11-06,SKU0150,68,0,7.0,26
2023-11-13,SKU0150,54,0,7.0,26
2023-11-20,SKU0150,35,0,7.0,26
2023-11-27,SKU0150,9,260,7.0,26
2023-12-04,SKU0150,0,261,7.0,26
2023-12-11,SKU0150,131,272,7.0,26
2023-12-18,SKU0150,103,0,7.0,26
2023-12-25,SKU0150,89,0,7.0,26
2022-01-03,SKU0151,154,0,7.0,24
2022-01-10,SKU0151,126,0,7.0,24
2022-01-17,SKU0151,105,0,7.0,24
2022-01-24,SKU0151,75,0,7.0,24
2022-01-31,SKU0151,53,0,7.0,24
2022-02-07,SKU0151,184,139,7.0,24
2022-02-14,SKU0151,168,0,7.0,24
2022-02-21,SKU0151,143,0,7.0,24
2022-02-28,SKU0151,125,0,7.0,24
2022-03-07,SKU0151,109,0,7.0,24
2022-03-14,SKU0151,97,0,7.0,24
2022-03-21,SKU0151,86,0,7.0,24
2022-03-28,SKU0151,70,0,7.0,24
2022-04-04,SKU0151,49,0,7.0,24
2022-04-11,SKU0151,27,0,7.0,24
2022-04-18,SKU0151,186,176,7.0,24
2022-04-25,SKU0151,165,0,7.0,24
2022-05-02,SKU0151,143,0,7.0,24
2022-05-09,SKU0151,131,0,7.0,24
2022-05-16,SKU0151,109,0,7.0,24
2022-05-23,SKU0151,96,0,7.0,24
2022-05-30,SKU0151,85,0,7.0,24
2022-06-06,SKU0151,76,0,7.0,24
2022-06-13,SKU0151,58,0,7.0,24
2022-06-20,SKU0151,42,0,7.0,24
2022-06-27,SKU0151,33,0,7.0,24
2022-07-04,SKU0151,24,238,7.0,24
2022-07-11,SKU0151,11,257,7.0,24
2022-07-18,SKU0151,0,168,7.0,24
2022-07-25,SKU0151,138,186,7.0,24
2022-08-01,SKU0151,119,0,7.0,24
2022-08-08,SKU0151,110,0,7.0,24
2022-08-15,SKU0151,94,0,,24
2022-08-22,SKU0151,82,0,7.0,24
2022-08-29,SKU0151,68,0,7.0,24
2022-09-05,SKU0151,41,0,7.0,24
2022-09-12,SKU0151,14,240,7.0,24
2022-09-19,SKU0151,2,140,7.0,24
2022-09-26,SKU0151,101,213,7.0,24
2022-10-03,SKU0151,81,0,,24
2022-10-10,SKU0151,61,0,7.0,24
2022-10-17,SKU0151,39,0,7.0,24
2022-10-24,SKU0151,22,247,7.0,24
2022-10-31,SKU0151,156,204,7.0,24
2022-11-07,SKU0151,142,0,7.0,24
2022-11-14,SKU0151,125,0,7.0,24
2022-11-21,SKU0151,99,0,7.0,24
2022-11-28,SKU0151,72,0,7.0,24
2022-12-05,SKU0151,45,0,7.0,24
2022-12-12,SKU0151,115,178,7.0,24
2022-12-19,SKU0151,88,0,7.0,24
2022-12-26,SKU0151,74,0,7.0,24
2023-01-02,SKU0151,46,0,7.0,24
2023-01-09,SKU0151,16,245,7.0,24
2023-01-16,SKU0151,0,166,7.0,24
2023-01-23,SKU0151,0,141,7.0,24
2023-01-30,SKU0151,0,188,7.0,24
2023-02-06,SKU0151,0,236,7.0,24
2023-02-13,SKU0151,0,246,7.0,24
2023-02-20,SKU0151,0,226,7.0,24
2023-02-27,SKU0151,0,249,7.0,24
2023-03-06,SKU0151,0,191,7.0,24
2023-03-13,SKU0151,0,159,7.0,24
2023-03-20,SKU0151,0,206,7.0,24
2023-03-27,SKU0151,0,199,7.0,24
2023-04-03,SKU0151,113,151,7.0,24
2023-04-10,SKU0151,97,0,7.0,24
2023-04-17,SKU0151,78,0,7.0,24
2023-04-24,SKU0151,61,0,7.0,24
2023-05-01,SKU0151,46,0,7.0,24
2023-05-08,SKU0151,34,0,7.0,24
2023-05-15,SKU0151,209,233,7.0,24
2023-05-22,SKU0151,193,0,7.0,24
2023-05-29,SKU0151,176,0,7.0,24
2023-06-05,SKU0151,157,0,7.0,24
2023-06-12,SKU0151,147,0,7.0,24
2023-06-19,SKU0151,130,0,7.0,24
2023-06-26,SKU0151,113,0,7.0,24
2023-07-03,SKU0151,101,0,7.0,24
2023-07-10,SKU0151,87,0,7.0,24
2023-07-17,SKU0151,69,0,7.0,24
2023-07-24,SKU0151,53,0,7.0,24
2023-07-31,SKU0151,43,0,7.0,24
2023-08-07,SKU0151,27,0,7.0,24
2023-08-14,SKU0151,19,162,7.0,24
2023-08-21,SKU0151,1,237,7.0,24
2023-08-28,SKU0151,0,185,7.0,24
2023-09-04,SKU0151,121,185,7.0,24
2023-09-11,SKU0151,107,0,7.0,24
2023-09-18,SKU0151,85,0,7.0,24
2023-09-25,SKU0151,64,0,7.0,24
2023-10-02,SKU0151,43,0,7.0,24
2023-10-09,SKU0151,20,147,7.0,24
2023-10-16,SKU0151,2,212,7.0,24
2023-10-23,SKU0151,102,225,7.0,24
2023-10-30,SKU0151,80,0,7.0,24
2023-11-06,SKU0151,59,0,7.0,24
2023-11-13,SKU0151,44,0,7.0,24
2023-11-20,SKU0151,16,193,7.0,24
2023-11-27,SKU0151,0,135,7.0,24
2023-12-04,SKU0151,0,210,7.0,24
2023-12-11,SKU0151,162,143,7.0,24
2023-12-18,SKU0151,132,0,,24
2023-12-25,SKU0151,101,0,7.0,24
2022-01-03,SKU0152,199,0,30.0,118
2022-01-10,SKU0152,164,0,30.0,118
2022-01-17,SKU0152,143,0,,118
2022-01-24,SKU0152,113,280,30.0,118
2022-01-31,SKU0152,195,249,30.0,118
2022-02-07,SKU0152,175,0,30.0,118
2022-02-14,SKU0152,155,0,30.0,118
2022-02-21,SKU0152,123,0,30.0,118
2022-02-28,SKU0152,108,168,30.0,118
2022-03-07,SKU0152,280,234,30.0,118
2022-03-14,SKU0152,262,0,30.0,118
2022-03-21,SKU0152,251,0,30.0,118
2022-03-28,SKU0152,234,0,30.0,118
2022-04-04,SKU0152,209,0,30.0,118
2022-04-11,SKU0152,198,0,30.0,118
2022-04-18,SKU0152,173,0,30.0,118
2022-04-25,SKU0152,153,0,30.0,118
2022-05-02,SKU0152,142,0,,118
2022-05-09,SKU0152,119,0,30.0,118
2022-05-16,SKU0152,106,250,30.0,118
2022-05-23,SKU0152,94,160,,118
2022-05-30,SKU0152,74,286,30.0,118
2022-06-06,SKU0152,63,274,30.0,118
2022-06-13,SKU0152,47,289,30.0,118
2022-06-20,SKU0152,27,249,30.0,118
2022-06-27,SKU0152,198,148,30.0,118
2022-07-04,SKU0152,188,0,30.0,118
2022-07-11,SKU0152,171,0,30.0,118
2022-07-18,SKU0152,160,0,30.0,118
2022-07-25,SKU0152,145,0,30.0,118
2022-08-01,SKU0152,136,0,30.0,118
2022-08-08,SKU0152,124,0,30.0,118
2022-08-15,SKU0152,106,180,30.0,118
2022-08-22,SKU0152,89,151,30.0,118
2022-08-29,SKU0152,79,257,30.0,118
2022-09-05,SKU0152,253,178,30.0,118
2022-09-12,SKU0152,227,0,30.0,118
2022-09-19,SKU0152,197,0,30.0,118
2022-09-26,SKU0152,174,0,30.0,118
2022-10-03,SKU0152,151,0,30.0,118
2022-10-10,SKU0152,126,0,30.0,118
2022-10-17,SKU0152,111,263,30.0,118
2022-10-24,SKU0152,94,235,30.0,118
2022-10-31,SKU0152,70,267,30.0,118
2022-11-07,SKU0152,173,257,30.0,118
2022-11-14,SKU0152,158,0,30.0,118
2022-11-21,SKU0152,139,0,30.0,118
2022-11-28,SKU0152,125,0,30.0,118
2022-12-05,SKU0152,90,238,30.0,118
2022-12-12,SKU0152,74,164,30.0,118
2022-12-19,SKU0152,51,287,30.0,118
2022-12-26,SKU0152,27,149,30.0,118
2023-01-02,SKU0152,208,239,30.0,118
2023-01-09,SKU0152,184,0,30.0,118
2023-01-16,SKU0152,155,0,30.0,118
2023-01-23,SKU0152,120,0,30.0,118
2023-01-30,SKU0152,89,211,30.0,118
2023-02-06,SKU0152,189,153,30.0,118
2023-02-13,SKU0152,171,0,30.0,118
2023-02-20,SKU0152,141,0,30.0,118
2023-02-27,SKU0152,268,182,30.0,118
2023-03-06,SKU0152,246,0,30.0,118
2023-03-13,SKU0152,229,0,30.0,118
2023-03-20,SKU0152,217,0,30.0,118
2023-03-27,SKU0152,205,0,30.0,118
2023-04-03,SKU0152,194,0,30.0,118
2023-04-10,SKU0152,181,0,30.0,118
2023-04-17,SKU0152,160,0,30.0,118
2023-04-24,SKU0152,149,0,30.0,118
2023-05-01,SKU0152,130,0,30.0,118
2023-05-08,SKU0152,254,283,30.0,118
2023-05-15,SKU0152,231,0,30.0,118
2023-05-22,SKU0152,209,0,30.0,118
2023-05-29,SKU0152,196,0,30.0,118
2023-06-05,SKU0152,177,0,30.0,118
2023-06-12,SKU0152,158,0,30.0,118
2023-06-19,SKU0152,141,0,30.0,118
2023-06-26,SKU0152,131,0,30.0,118
2023-07-03,SKU0152,121,0,30.0,118
2023-07-10,SKU0152,304,208,30.0,118
2023-07-17,SKU0152,291,0,30.0,118
2023-07-24,SKU0152,275,0,30.0,118
2023-07-31,SKU0152,256,0,30.0,118
2023-08-07,SKU0152,240,0,30.0,118
2023-08-14,SKU0152,220,0,30.0,118
2023-08-21,SKU0152,204,0,30.0,118
2023-08-28,SKU0152,195,0,30.0,118
2023-09-04,SKU0152,168,0,30.0,118
2023-09-11,SKU0152,141,0,30.0,118
2023-09-18,SKU0152,118,194,30.0,118
2023-09-25,SKU0152,92,198,30.0,118
2023-10-02,SKU0152,65,226,30.0,118
2023-10-09,SKU0152,44,182,30.0,118
2023-10-16,SKU0152,22,278,30.0,118
2023-10-23,SKU0152,3,194,30.0,118
2023-10-30,SKU0152,128,193,30.0,118
2023-11-06,SKU0152,109,163,30.0,118
2023-11-13,SKU0152,232,177,30.0,118
2023-11-20,SKU0152,216,0,30.0,118
2023-11-27,SKU0152,202,0,30.0,118
2023-12-04,SKU0152,172,0,30.0,118
2023-12-11,SKU0152,142,0,30.0,118
2023-12-18,SKU0152,119,0,30.0,118
2023-12-25,SKU0152,93,219,30.0,118
2022-01-03,SKU0153,50,0,7.0,8
2022-01-10,SKU0153,42,0,7.0,8
2022-01-17,SKU0153,33,0,7.0,8
2022-01-24,SKU0153,26,0,7.0,8
2022-01-31,SKU0153,21,0,7.0,8
2022-02-07,SKU0153,15,0,7.0,8
2022-02-14,SKU0153,10,0,7.0,8
2022-02-21,SKU0153,58,48,7.0,8
2022-02-28,SKU0153,53,0,7.0,8
2022-03-07,SKU0153,49,0,7.0,8
2022-03-14,SKU0153,46,0,7.0,8
2022-03-21,SKU0153,39,0,7.0,8
2022-03-28,SKU0153,35,0,7.0,8
2022-04-04,SKU0153,31,0,7.0,8
2022-04-11,SKU0153,26,0,7.0,8
2022-04-18,SKU0153,22,0,7.0,8
2022-04-25,SKU0153,18,0,7.0,8
2022-05-02,SKU0153,11,0,7.0,8
2022-05-09,SKU0153,71,47,7.0,8
2022-05-16,SKU0153,67,0,7.0,8
2022-05-23,SKU0153,61,0,7.0,8
2022-05-30,SKU0153,55,0,7.0,8
2022-06-06,SKU0153,49,0,7.0,8
2022-06-13,SKU0153,44,0,7.0,8
2022-06-20,SKU0153,39,0,7.0,8
2022-06-27,SKU0153,35,0,7.0,8
2022-07-04,SKU0153,32,0,7.0,8
2022-07-11,SKU0153,28,0,7.0,8
2022-07-18,SKU0153,23,0,7.0,8
2022-07-25,SKU0153,17,0,7.0,8
2022-08-01,SKU0153,14,0,7.0,8
2022-08-08,SKU0153,11,0,7.0,8
2022-08-15,SKU0153,50,66,7.0,8
2022-08-22,SKU0153,48,0,7.0,8
2022-08-29,SKU0153,43,0,7.0,8
2022-09-05,SKU0153,37,0,7.0,8
2022-09-12,SKU0153,28,0,7.0,8
2022-09-19,SKU0153,23,0,7.0,8
2022-09-26,SKU0153,15,0,7.0,8
2022-10-03,SKU0153,9,0,7.0,8
2022-10-10,SKU0153,1,63,7.0,8
2022-10-17,SKU0153,54,53,7.0,8
2022-10-24,SKU0153,50,0,7.0,8
2022-10-31,SKU0153,46,0,7.0,8
2022-11-07,SKU0153,42,0,7.0,8
2022-11-14,SKU0153,36,0,7.0,8
2022-11-21,SKU0153,32,0,7.0,8
2022-11-28,SKU0153,27,0,7.0,8
2022-12-05,SKU0153,20,0,7.0,8
2022-12-12,SKU0153,12,0,7.0,8
2022-12-19,SKU0153,48,58,7.0,8
2022-12-26,SKU0153,42,0,7.0,8
2023-01-02,SKU0153,38,0,,8
2023-01-09,SKU0153,33,0,7.0,8
2023-01-16,SKU0153,25,0,7.0,8
2023-01-23,SKU0153,20,0,7.0,8
2023-01-30,SKU0153,13,0,7.0,8
2023-02-06,SKU0153,3,63,7.0,8
2023-02-13,SKU0153,64,73,7.0,8
2023-02-20,SKU0153,56,0,7.0,8
2023-02-27,SKU0153,50,0,7.0,8
2023-03-06,SKU0153,46,0,7.0,8
2023-03-13,SKU0153,40,0,7.0,8
2023-03-20,SKU0153,36,0,7.0,8
2023-03-27,SKU0153,30,0,7.0,8
2023-04-03,SKU0153,24,0,7.0,8
2023-04-10,SKU0153,19,0,7.0,8
2023-04-17,SKU0153,13,0,7.0,8
2023-04-24,SKU0153,8,71,,8
2023-05-01,SKU0153,47,55,7.0,8
2023-05-08,SKU0153,42,0,7.0,8
2023-05-15,SKU0153,37,0,7.0,8
2023-05-22,SKU0153,33,0,7.0,8
2023-05-29,SKU0153,27,0,7.0,8
2023-06-05,SKU0153,22,0,7.0,8
2023-06-12,SKU0153,17,0,7.0,8
2023-06-19,SKU0153,12,0,7.0,8
2023-06-26,SKU0153,6,43,7.0,8
2023-07-03,SKU0153,2,85,7.0,8
2023-07-10,SKU0153,0,47,7.0,8
2023-07-17,SKU0153,45,71,7.0,8
2023-07-24,SKU0153,40,0,7.0,8
2023-07-31,SKU0153,35,0,7.0,8
2023-08-07,SKU0153,31,0,7.0,8
2023-08-14,SKU0153,27,0,7.0,8
2023-08-21,SKU0153,22,0,7.0,8
2023-08-28,SKU0153,19,0,7.0,8
2023-09-04,SKU0153,14,0,7.0,8
2023-09-11,SKU0153,5,78,7.0,8
2023-09-18,SKU0153,1,51,7.0,8
2023-09-25,SKU0153,0,45,7.0,8
2023-10-02,SKU0153,0,70,7.0,8
2023-10-09,SKU0153,46,48,7.0,8
2023-10-16,SKU0153,39,0,7.0,8
2023-10-23,SKU0153,31,0,7.0,8
2023-10-30,SKU0153,24,0,7.0,8
2023-11-06,SKU0153,20,0,7.0,8
2023-11-13,SKU0153,12,0,7.0,8
2023-11-20,SKU0153,62,57,7.0,8
2023-11-27,SKU0153,57,0,7.0,8
2023-12-04,SKU0153,52,0,7.0,8
2023-12-11,SKU0153,45,0,7.0,8
2023-12-18,SKU0153,41,0,7.0,8
2023-12-25,SKU0153,34,0,7.0,8
2022-01-03,SKU0154,181,0,14.0,48
2022-01-10,SKU0154,151,0,14.0,48
2022-01-17,SKU0154,136,0,14.0,48
2022-01-24,SKU0154,121,0,14.0,48
2022-01-31,SKU0154,103,0,14.0,48
2022-02-07,SKU0154,72,0,14.0,48
2022-02-14,SKU0154,43,170,14.0,48
2022-02-21,SKU0154,23,244,14.0,48
2022-02-28,SKU0154,103,171,14.0,48
2022-03-07,SKU0154,82,0,14.0,48
2022-03-14,SKU0154,63,0,14.0,48
2022-03-21,SKU0154,170,250,14.0,48
2022-03-28,SKU0154,159,0,14.0,48
2022-04-04,SKU0154,141,0,14.0,48
2022-04-11,SKU0154,131,0,14.0,48
2022-04-18,SKU0154,118,0,14.0,48
2022-04-25,SKU0154,108,0,14.0,48
2022-05-02,SKU0154,94,0,14.0,48
2022-05-09,SKU0154,81,0,14.0,48
2022-05-16,SKU0154,70,0,14.0,48
2022-05-23,SKU0154,49,0,14.0,48
2022-05-30,SKU0154,196,166,14.0,48
2022-06-06,SKU0154,185,0,14.0,48
2022-06-13,SKU0154,168,0,14.0,48
2022-06-20,SKU0154,160,0,,48
2022-06-27,SKU0154,142,0,14.0,48
2022-07-04,SKU0154,131,0,14.0,48
2022-07-11,SKU0154,121,0,14.0,48
2022-07-18,SKU0154,109,0,14.0,48
2022-07-25,SKU0154,92,0,14.0,48
2022-08-01,SKU0154,75,0,14.0,48
2022-08-08,SKU0154,59,0,,48
2022-08-15,SKU0154,50,0,14.0,48
2022-08-22,SKU0154,37,236,14.0,48
2022-08-29,SKU0154,168,143,14.0,48
2022-09-05,SKU0154,144,0,14.0,48
2022-09-12,SKU0154,117,0,14.0,48
2022-09-19,SKU0154,92,0,14.0,48
2022-09-26,SKU0154,78,0,14.0,48
2022-10-03,SKU0154,64,0,14.0,48
2022-10-10,SKU0154,45,246,14.0,48
2022-10-17,SKU0154,28,252,14.0,48
2022-10-24,SKU0154,13,164,14.0,48
2022-10-31,SKU0154,0,169,14.0,48
2022-11-07,SKU0154,157,186,14.0,48
2022-11-14,SKU0154,137,0,14.0,48
2022-11-21,SKU0154,117,0,14.0,48
2022-11-28,SKU0154,91,0,14.0,48
2022-12-05,SKU0154,78,0,14.0,48
2022-12-12,SKU0154,63,0,14.0,48
2022-12-19,SKU0154,33,212,14.0,48
2022-12-26,SKU0154,7,209,14.0,48
2023-01-02,SKU0154,0,142,14.0,48
2023-01-09,SKU0154,188,133,14.0,48
2023-01-16,SKU0154,164,0,14.0,48
2023-01-23,SKU0154,139,0,14.0,48
2023-01-30,SKU0154,125,0,14.0,48
2023-02-06,SKU0154,106,0,14.0,48
2023-02-13,SKU0154,93,0,14.0,48
2023-02-20,SKU0154,67,0,14.0,48
2023-02-27,SKU0154,198,236,14.0,48
2023-03-06,SKU0154,185,0,14.0,48
2023-03-13,SKU0154,165,0,14.0,48
2023-03-20,SKU0154,144,0,14.0,48
2023-03-27,SKU0154,133,0,14.0,48
2023-04-03,SKU0154,117,0,14.0,48
2023-04-10,SKU0154,97,0,14.0,48
2023-04-17,SKU0154,80,0,14.0,48
2023-04-24,SKU0154,64,0,14.0,48
2023-05-01,SKU0154,45,238,14.0,48
2023-05-08,SKU0154,32,155,14.0,48
2023-05-15,SKU0154,142,178,14.0,48
2023-05-22,SKU0154,129,0,14.0,48
2023-05-29,SKU0154,115,0,14.0,48
2023-06-05,SKU0154,102,0,14.0,48
2023-06-12,SKU0154,88,0,14.0,48
2023-06-19,SKU0154,74,0,14.0,48
2023-06-26,SKU0154,63,0,14.0,48
2023-07-03,SKU0154,50,0,14.0,48
2023-07-10,SKU0154,35,151,14.0,48
2023-07-17,SKU0154,21,158,14.0,48
2023-07-24,SKU0154,142,171,14.0,48
2023-07-31,SKU0154,134,0,14.0,48
2023-08-07,SKU0154,125,0,14.0,48
2023-08-14,SKU0154,111,0,14.0,48
2023-08-21,SKU0154,100,0,14.0,48
2023-08-28,SKU0154,92,0,14.0,48
2023-09-04,SKU0154,68,0,14.0,48
2023-09-11,SKU0154,54,0,14.0,48
2023-09-18,SKU0154,209,236,14.0,48
2023-09-25,SKU0154,191,0,14.0,48
2023-10-02,SKU0154,178,0,14.0,48
2023-10-09,SKU0154,163,0,14.0,48
2023-10-16,SKU0154,147,0,14.0,48
2023-10-23,SKU0154,131,0,14.0,48
2023-10-30,SKU0154,109,0,14.0,48
2023-11-06,SKU0154,89,0,14.0,48
2023-11-13,SKU0154,75,0,14.0,48
2023-11-20,SKU0154,57,0,14.0,48
2023-11-27,SKU0154,194,130,14.0,48
2023-12-04,SKU0154,172,0,14.0,48
2023-12-11,SKU0154,144,0,14.0,48
2023-12-18,SKU0154,124,0,14.0,48
2023-12-25,SKU0154,98,0,14.0,48
2022-01-03,SKU0155,186,0,21.0,77
2022-01-10,SKU0155,171,0,21.0,77
2022-01-17,SKU0155,142,0,21.0,77
2022-01-24,SKU0155,124,0,21.0,77
2022-01-31,SKU0155,110,0,,77
2022-02-07,SKU0155,83,0,21.0,77
2022-02-14,SKU0155,63,264,21.0,77
2022-02-21,SKU0155,42,187,21.0,77
2022-02-28,SKU0155,10,183,21.0,77
2022-03-07,SKU0155,0,166,21.0,77
2022-03-14,SKU0155,0,150,21.0,77
2022-03-21,SKU0155,0,197,21.0,77
2022-03-28,SKU0155,0,224,21.0,77
2022-04-04,SKU0155,133,238,21.0,77
2022-04-11,SKU0155,119,0,21.0,77
2022-04-18,SKU0155,103,0,21.0,77
2022-04-25,SKU0155,80,0,21.0,77
2022-05-02,SKU0155,207,209,21.0,77
2022-05-09,SKU0155,191,0,21.0,77
2022-05-16,SKU0155,175,0,21.0,77
2022-05-23,SKU0155,159,0,21.0,77
2022-05-30,SKU0155,138,0,21.0,77
2022-06-06,SKU0155,120,0,21.0,77
2022-06-13,SKU0155,103,0,21.0,77
2022-06-20,SKU0155,89,0,21.0,77
2022-06-27,SKU0155,188,253,21.0,77
2022-07-04,SKU0155,178,0,21.0,77
2022-07-11,SKU0155,165,0,21.0,77
2022-07-18,SKU0155,149,0,21.0,77
2022-07-25,SKU0155,134,0,21.0,77
2022-08-01,SKU0155,118,0,21.0,77
2022-08-08,SKU0155,106,0,21.0,77
2022-08-15,SKU0155,87,0,21.0,77
2022-08-22,SKU0155,211,250,21.0,77
2022-08-29,SKU0155,195,0,21.0,77
2022-09-05,SKU0155,167,0,21.0,77
2022-09-12,SKU0155,139,0,21.0,77
2022-09-19,SKU0155,123,0,21.0,77
2022-09-26,SKU0155,110,0,21.0,77
2022-10-03,SKU0155,86,0,21.0,77
2022-10-10,SKU0155,271,239,21.0,77
2022-10-17,SKU0155,256,0,21.0,77
2022-10-24,SKU0155,238,0,21.0,77
2022-10-31,SKU0155,219,0,21.0,77
2022-11-07,SKU0155,204,0,21.0,77
2022-11-14,SKU0155,178,0,21.0,77
2022-11-21,SKU0155,151,0,21.0,77
2022-11-28,SKU0155,128,0,21.0,77
2022-12-05,SKU0155,96,0,21.0,77
2022-12-12,SKU0155,247,177,21.0,77
2022-12-19,SKU0155,214,0,21.0,77
2022-12-26,SKU0155,195,0,21.0,77
2023-01-02,SKU0155,164,0,21.0,77
2023-01-09,SKU0155,132,0,21.0,77
2023-01-16,SKU0155,115,0,21.0,77
2023-01-23,SKU0155,99,0,21.0,77
2023-01-30,SKU0155,68,256,21.0,77
2023-02-06,SKU0155,41,259,21.0,77
2023-02-13,SKU0155,198,193,21.0,77
2023-02-20,SKU0155,166,0,21.0,77
2023-02-27,SKU0155,134,0,21.0,77
2023-03-06,SKU0155,122,0,21.0,77
2023-03-13,SKU0155,103,0,21.0,77
2023-03-20,SKU0155,90,0,21.0,77
2023-03-27,SKU0155,273,150,21.0,77
2023-04-03,SKU0155,253,0,21.0,77
2023-04-10,SKU0155,243,0,21.0,77
2023-04-17,SKU0155,229,0,21.0,77
2023-04-24,SKU0155,208,0,21.0,77
2023-05-01,SKU0155,191,0,21.0,77
2023-05-08,SKU0155,172,0,,77
2023-05-15,SKU0155,160,0,21.0,77
2023-05-22,SKU0155,138,0,21.0,77
2023-05-29,SKU0155,122,0,21.0,77
2023-06-05,SKU0155,110,0,21.0,77
2023-06-12,SKU0155,95,0,21.0,77
2023-06-19,SKU0155,269,223,21.0,77
2023-06-26,SKU0155,254,0,21.0,77
2023-07-03,SKU0155,240,0,21.0,77
2023-07-10,SKU0155,232,0,21.0,77
2023-07-17,SKU0155,214,0,21.0,77
2023-07-24,SKU0155,197,0,,77
2023-07-31,SKU0155,177,0,21.0,77
2023-08-07,SKU0155,166,0,21.0,77
2023-08-14,SKU0155,153,0,21.0,77
2023-08-21,SKU0155,139,0,21.0,77
2023-08-28,SKU0155,129,0,21.0,77
2023-09-04,SKU0155,113,0,21.0,77
2023-09-11,SKU0155,96,0,21.0,77
2023-09-18,SKU0155,66,141,21.0,77
2023-09-25,SKU0155,37,147,21.0,77
2023-10-02,SKU0155,21,234,21.0,77
2023-10-09,SKU0155,0,153,21.0,77
2023-10-16,SKU0155,0,240,21.0,77
2023-10-23,SKU0155,0,228,21.0,77
2023-10-30,SKU0155,0,145,21.0,77
2023-11-06,SKU0155,138,153,21.0,77
2023-11-13,SKU0155,115,0,21.0,77
2023-11-20,SKU0155,86,0,21.0,77
2023-11-27,SKU0155,231,152,21.0,77
2023-12-04,SKU0155,198,0,,77
2023-12-11,SKU0155,179,0,21.0,77
2023-12-18,SKU0155,163,0,21.0,77
2023-12-25,SKU0155,141,0,21.0,77
2022-01-03,SKU0156,13,75,21.0,23
2022-01-10,SKU0156,48,71,21.0,23
2022-01-17,SKU0156,43,0,21.0,23
2022-01-24,SKU0156,34,0,21.0,23
2022-01-31,SKU0156,28,0,21.0,23
2022-02-07,SKU0156,23,47,21.0,23
2022-02-14,SKU0156,17,62,21.0,23
2022-02-21,SKU0156,48,64,21.0,23
2022-02-28,SKU0156,41,0,21.0,23
2022-03-07,SKU0156,35,0,21.0,23
2022-03-14,SKU0156,29,0,21.0,23
2022-03-21,SKU0156,26,0,21.0,23
2022-03-28,SKU0156,73,82,21.0,23
2022-04-04,SKU0156,67,0,21.0,23
2022-04-11,SKU0156,61,0,21.0,23
2022-04-18,SKU0156,56,0,21.0,23
2022-04-25,SKU0156,53,0,21.0,23
2022-05-02,SKU0156,49,0,21.0,23
2022-05-09,SKU0156,46,0,,23
2022-05-16,SKU0156,41,0,21.0,23
2022-05-23,SKU0156,37,0,21.0,23
2022-05-30,SKU0156,34,0,21.0,23
2022-06-06,SKU0156,29,0,21.0,23
2022-06-13,SKU0156,25,0,21.0,23
2022-06-20,SKU0156,22,45,21.0,23
2022-06-27,SKU0156,19,50,21.0,23
2022-07-04,SKU0156,17,50,21.0,23
2022-07-11,SKU0156,13,49,21.0,23
2022-07-18,SKU0156,48,63,21.0,23
2022-07-25,SKU0156,44,0,21.0,23
2022-08-01,SKU0156,39,0,21.0,23
2022-08-08,SKU0156,36,0,21.0,23
2022-08-15,SKU0156,34,0,21.0,23
2022-08-22,SKU0156,30,0,21.0,23
2022-08-29,SKU0156,26,0,21.0,23
2022-09-05,SKU0156,52,56,21.0,23
2022-09-12,SKU0156,44,0,21.0,23
2022-09-19,SKU0156,37,0,21.0,23
2022-09-26,SKU0156,31,0,21.0,23
2022-10-03,SKU0156,24,0,21.0,23
2022-10-10,SKU0156,20,71,21.0,23
2022-10-17,SKU0156,15,60,21.0,23
2022-10-24,SKU0156,8,79,21.0,23
2022-10-31,SKU0156,0,69,21.0,23
2022-11-07,SKU0156,49,79,21.0,23
2022-11-14,SKU0156,45,0,21.0,23
2022-11-21,SKU0156,40,0,21.0,23
2022-11-28,SKU0156,35,0,21.0,23
2022-12-05,SKU0156,26,0,21.0,23
2022-12-12,SKU0156,19,68,21.0,23
2022-12-19,SKU0156,14,49,21.0,23
2022-12-26,SKU0156,9,54,21.0,23
2023-01-02,SKU0156,3,55,21.0,23
2023-01-09,SKU0156,45,62,21.0,23
2023-01-16,SKU0156,40,0,,23
2023-01-23,SKU0156,31,0,21.0,23
2023-01-30,SKU0156,25,0,21.0,23
2023-02-06,SKU0156,64,81,21.0,23
2023-02-13,SKU0156,57,0,21.0,23
2023-02-20,SKU0156,53,0,21.0,23
2023-02-27,SKU0156,44,0,21.0,23
2023-03-06,SKU0156,40,0,21.0,23
2023-03-13,SKU0156,35,0,21.0,23
2023-03-20,SKU0156,32,0,,23
2023-03-27,SKU0156,27,0,21.0,23
2023-04-03,SKU0156,24,0,21.0,23
2023-04-10,SKU0156,19,44,21.0,23
2023-04-17,SKU0156,67,46,21.0,23
2023-04-24,SKU0156,64,0,21.0,23
2023-05-01,SKU0156,61,0,21.0,23
2023-05-08,SKU0156,55,0,21.0,23
2023-05-15,SKU0156,50,0,21.0,23
2023-05-22,SKU0156,47,0,21.0,23
2023-05-29,SKU0156,43,0,21.0,23
2023-06-05,SKU0156,38,0,21.0,23
2023-06-12,SKU0156,35,0,21.0,23
2023-06-19,SKU0156,31,0,21.0,23
2023-06-26,SKU0156,26,0,21.0,23
2023-07-03,SKU0156,21,55,21.0,23
2023-07-10,SKU0156,16,79,21.0,23
2023-07-17,SKU0156,11,77,21.0,23
2023-07-24,SKU0156,6,79,21.0,23
2023-07-31,SKU0156,4,42,21.0,23
2023-08-07,SKU0156,51,53,21.0,23
2023-08-14,SKU0156,48,0,21.0,23
2023-08-21,SKU0156,45,0,21.0,23
2023-08-28,SKU0156,41,0,21.0,23
2023-09-04,SKU0156,36,0,21.0,23
2023-09-11,SKU0156,29,0,21.0,23
2023-09-18,SKU0156,56,43,21.0,23
2023-09-25,SKU0156,49,0,21.0,23
2023-10-02,SKU0156,42,0,21.0,23
2023-10-09,SKU0156,36,0,21.0,23
2023-10-16,SKU0156,30,0,21.0,23
2023-10-23,SKU0156,25,0,21.0,23
2023-10-30,SKU0156,71,60,21.0,23
2023-11-06,SKU0156,65,0,21.0,23
2023-11-13,SKU0156,58,0,21.0,23
2023-11-20,SKU0156,51,0,21.0,23
2023-11-27,SKU0156,46,0,,23
2023-12-04,SKU0156,38,0,21.0,23
2023-12-11,SKU0156,33,0,21.0,23
2023-12-18,SKU0156,25,0,21.0,23
2023-12-25,SKU0156,18,52,21.0,23
2022-01-03,SKU0157,409,0,14.0,342
2022-01-10,SKU0157,297,1375,14.0,342
2022-01-17,SKU0157,124,1303,14.0,342
2022-01-24,SKU0157,0,1041,14.0,342
2022-01-31,SKU0157,0,1147,14.0,342
2022-02-07,SKU0157,884,1057,14.0,342
2022-02-14,SKU0157,696,0,14.0,342
2022-02-21,SKU0157,586,0,14.0,342
2022-02-28,SKU0157,439,0,14.0,342
2022-03-07,SKU0157,311,1581,14.0,342
2022-03-14,SKU0157,903,1808,14.0,342
2022-03-21,SKU0157,820,0,14.0,342
2022-03-28,SKU0157,693,0,14.0,342
2022-04-04,SKU0157,559,0,14.0,342
2022-04-11,SKU0157,442,0,14.0,342
2022-04-18,SKU0157,1125,1421,14.0,342
2022-04-25,SKU0157,998,0,14.0,342
2022-05-02,SKU0157,907,0,14.0,342
2022-05-09,SKU0157,768,0,14.0,342
2022-05-16,SKU0157,636,0,14.0,342
2022-05-23,SKU0157,499,0,14.0,342
2022-05-30,SKU0157,356,0,14.0,342
2022-06-06,SKU0157,976,1131,14.0,342
2022-06-13,SKU0157,873,0,14.0,342
2022-06-20,SKU0157,773,0,14.0,342
2022-06-27,SKU0157,669,0,14.0,342
2022-07-04,SKU0157,611,0,14.0,342
2022-07-11,SKU0157,485,0,14.0,342
2022-07-18,SKU0157,395,0,14.0,342
2022-07-25,SKU0157,306,1695,14.0,342
2022-08-01,SKU0157,187,1022,14.0,342
2022-08-08,SKU0157,1430,1513,14.0,342
2022-08-15,SKU0157,1310,0,14.0,342
2022-08-22,SKU0157,1223,0,14.0,342
2022-08-29,SKU0157,1098,0,14.0,342
2022-09-05,SKU0157,1008,0,14.0,342
2022-09-12,SKU0157,854,0,14.0,342
2022-09-19,SKU0157,696,0,14.0,342
2022-09-26,SKU0157,531,0,14.0,342
2022-10-03,SKU0157,389,0,14.0,342
2022-10-10,SKU0157,288,1337,14.0,342
2022-10-17,SKU0157,1469,1465,14.0,342
2022-10-24,SKU0157,1377,0,14.0,342
2022-10-31,SKU0157,1210,0,14.0,342
2022-11-07,SKU0157,1110,0,14.0,342
2022-11-14,SKU0157,997,0,14.0,342
2022-11-21,SKU0157,809,0,14.0,342
2022-11-28,SKU0157,651,0,14.0,342
2022-12-05,SKU0157,547,0,14.0,342
2022-12-12,SKU0157,356,0,14.0,342
2022-12-19,SKU0157,156,1716,14.0,342
2022-12-26,SKU0157,0,992,14.0,342
2023-01-02,SKU0157,0,1548,14.0,342
2023-01-09,SKU0157,1236,1148,14.0,342
2023-01-16,SKU0157,1070,0,14.0,342
2023-01-23,SKU0157,862,0,14.0,342
2023-01-30,SKU0157,666,0,14.0,342
2023-02-06,SKU0157,517,0,14.0,342
2023-02-13,SKU0157,359,0,14.0,342
2023-02-20,SKU0157,939,1563,14.0,342
2023-02-27,SKU0157,836,0,14.0,342
2023-03-06,SKU0157,744,0,14.0,342
2023-03-13,SKU0157,649,0,14.0,342
2023-03-20,SKU0157,567,0,14.0,342
2023-03-27,SKU0157,428,0,14.0,342
2023-04-03,SKU0157,1325,1066,14.0,342
2023-04-10,SKU0157,1227,0,14.0,342
2023-04-17,SKU0157,1139,0,14.0,342
2023-04-24,SKU0157,1070,0,14.0,342
2023-05-01,SKU0157,977,0,14.0,342
2023-05-08,SKU0157,888,0,14.0,342
2023-05-15,SKU0157,768,0,14.0,342
2023-05-22,SKU0157,662,0,14.0,342
2023-05-29,SKU0157,569,0,14.0,342
2023-06-05,SKU0157,474,0,14.0,342
2023-06-12,SKU0157,411,0,14.0,342
2023-06-19,SKU0157,1472,1271,14.0,342
2023-06-26,SKU0157,1393,0,14.0,342
2023-07-03,SKU0157,1314,0,14.0,342
2023-07-10,SKU0157,1207,0,14.0,342
2023-07-17,SKU0157,1143,0,14.0,342
2023-07-24,SKU0157,1073,0,14.0,342
2023-07-31,SKU0157,993,0,14.0,342
2023-08-07,SKU0157,883,0,14.0,342
2023-08-14,SKU0157,765,0,14.0,342
2023-08-21,SKU0157,686,0,14.0,342
2023-08-28,SKU0157,576,0,14.0,342
2023-09-04,SKU0157,453,0,14.0,342
2023-09-11,SKU0157,292,1272,14.0,342
2023-09-18,SKU0157,1079,1535,14.0,342
2023-09-25,SKU0157,898,0,14.0,342
2023-10-02,SKU0157,774,0,14.0,342
2023-10-09,SKU0157,593,0,14.0,342
2023-10-16,SKU0157,417,0,14.0,342
2023-10-23,SKU0157,1260,1589,,342
2023-10-30,SKU0157,1135,0,14.0,342
2023-11-06,SKU0157,969,0,14.0,342
2023-11-13,SKU0157,882,0,14.0,342
2023-11-20,SKU0157,714,0,14.0,342
2023-11-27,SKU0157,559,0,14.0,342
2023-12-04,SKU0157,383,0,14.0,342
2023-12-11,SKU0157,1267,1210,14.0,342
2023-12-18,SKU0157,1139,0,14.0,342
2023-12-25,SKU0157,963,0,14.0,342
2022-01-03,SKU0158,175,0,21.0,96
2022-01-10,SKU0158,142,0,21.0,96
2022-01-17,SKU0158,118,0,21.0,96
2022-01-24,SKU0158,79,185,21.0,96
2022-01-31,SKU0158,208,178,21.0,96
2022-02-07,SKU0158,169,0,21.0,96
2022-02-14,SKU0158,130,0,21.0,96
2022-02-21,SKU0158,103,0,21.0,96
2022-02-28,SKU0158,328,197,21.0,96
2022-03-07,SKU0158,312,0,21.0,96
2022-03-14,SKU0158,290,0,21.0,96
2022-03-21,SKU0158,268,0,21.0,96
2022-03-28,SKU0158,251,0,21.0,96
2022-04-04,SKU0158,237,0,21.0,96
2022-04-11,SKU0158,208,0,21.0,96
2022-04-18,SKU0158,189,0,21.0,96
2022-04-25,SKU0158,169,0,21.0,96
2022-05-02,SKU0158,140,0,,96
2022-05-09,SKU0158,115,0,21.0,96
2022-05-16,SKU0158,272,275,21.0,96
2022-05-23,SKU0158,256,0,21.0,96
2022-05-30,SKU0158,243,0,21.0,96
2022-06-06,SKU0158,232,0,21.0,96
2022-06-13,SKU0158,218,0,21.0,96
2022-06-20,SKU0158,199,0,21.0,96
2022-06-27,SKU0158,188,0,21.0,96
2022-07-04,SKU0158,171,0,21.0,96
2022-07-11,SKU0158,157,0,21.0,96
2022-07-18,SKU0158,135,0,21.0,96
2022-07-25,SKU0158,113,0,21.0,96
2022-08-01,SKU0158,91,206,21.0,96
2022-08-08,SKU0158,325,190,21.0,96
2022-08-15,SKU0158,306,0,21.0,96
2022-08-22,SKU0158,283,0,21.0,96
2022-08-29,SKU0158,265,0,21.0,96
2022-09-05,SKU0158,249,0,21.0,96
2022-09-12,SKU0158,213,0,21.0,96
2022-09-19,SKU0158,186,0,21.0,96
2022-09-26,SKU0158,168,0,21.0,96
2022-10-03,SKU0158,152,0,21.0,96
2022-10-10,SKU0158,123,0,21.0,96
2022-10-17,SKU0158,103,0,21.0,96
2022-10-24,SKU0158,83,223,21.0,96
2022-10-31,SKU0158,63,203,21.0,96
2022-11-07,SKU0158,43,261,21.0,96
2022-11-14,SKU0158,151,334,21.0,96
2022-11-21,SKU0158,122,0,21.0,96
2022-11-28,SKU0158,101,0,21.0,96
2022-12-05,SKU0158,308,317,21.0,96
2022-12-12,SKU0158,271,0,21.0,96
2022-12-19,SKU0158,240,0,21.0,96
2022-12-26,SKU0158,204,0,21.0,96
2023-01-02,SKU0158,169,0,21.0,96
2023-01-09,SKU0158,140,0,21.0,96
2023-01-16,SKU0158,108,0,21.0,96
2023-01-23,SKU0158,298,295,21.0,96
2023-01-30,SKU0158,260,0,,96
2023-02-06,SKU0158,240,0,21.0,96
2023-02-13,SKU0158,218,0,21.0,96
2023-02-20,SKU0158,187,0,21.0,96
2023-02-27,SKU0158,146,0,21.0,96
2023-03-06,SKU0158,122,0,21.0,96
2023-03-13,SKU0158,98,0,21.0,96
2023-03-20,SKU0158,302,191,21.0,96
2023-03-27,SKU0158,273,0,21.0,96
2023-04-03,SKU0158,252,0,21.0,96
2023-04-10,SKU0158,223,0,21.0,96
2023-04-17,SKU0158,207,0,21.0,96
2023-04-24,SKU0158,192,0,21.0,96
2023-05-01,SKU0158,179,0,21.0,96
2023-05-08,SKU0158,156,0,21.0,96
2023-05-15,SKU0158,127,0,21.0,96
2023-05-22,SKU0158,113,0,21.0,96
2023-05-29,SKU0158,272,231,21.0,96
2023-06-05,SKU0158,260,0,21.0,96
2023-06-12,SKU0158,243,0,21.0,96
2023-06-19,SKU0158,225,0,21.0,96
2023-06-26,SKU0158,206,0,21.0,96
2023-07-03,SKU0158,192,0,21.0,96
2023-07-10,SKU0158,176,0,21.0,96
2023-07-17,SKU0158,154,0,21.0,96
2023-07-24,SKU0158,143,0,21.0,96
2023-07-31,SKU0158,131,0,21.0,96
2023-08-07,SKU0158,120,0,,96
2023-08-14,SKU0158,97,0,21.0,96
2023-08-21,SKU0158,77,328,21.0,96
2023-08-28,SKU0158,66,273,21.0,96
2023-09-04,SKU0158,230,216,21.0,96
2023-09-11,SKU0158,210,0,21.0,96
2023-09-18,SKU0158,189,0,21.0,96
2023-09-25,SKU0158,154,0,21.0,96
2023-10-02,SKU0158,137,0,21.0,96
2023-10-09,SKU0158,117,0,21.0,96
2023-10-16,SKU0158,93,236,21.0,96
2023-10-23,SKU0158,243,307,21.0,96
2023-10-30,SKU0158,222,0,21.0,96
2023-11-06,SKU0158,196,0,21.0,96
2023-11-13,SKU0158,174,0,21.0,96
2023-11-20,SKU0158,145,0,21.0,96
2023-11-27,SKU0158,119,0,21.0,96
2023-12-04,SKU0158,89,194,21.0,96
2023-12-11,SKU0158,58,210,21.0,96
2023-12-18,SKU0158,28,314,21.0,96
2023-12-25,SKU0158,211,325,21.0,96
2022-01-03,SKU0159,34,0,10.0,6
2022-01-10,SKU0159,29,0,10.0,6
2022-01-17,SKU0159,24,0,10.0,6
2022-01-24,SKU0159,20,0,10.0,6
2022-01-31,SKU0159,17,0,10.0,6
2022-02-07,SKU0159,14,0,10.0,6
2022-02-14,SKU0159,10,0,10.0,6
2022-02-21,SKU0159,38,44,10.0,6
2022-02-28,SKU0159,36,0,10.0,6
2022-03-07,SKU0159,35,0,10.0,6
2022-03-14,SKU0159,32,0,10.0,6
2022-03-21,SKU0159,30,0,10.0,6
2022-03-28,SKU0159,27,0,10.0,6
2022-04-04,SKU0159,24,0,10.0,6
2022-04-11,SKU0159,21,0,10.0,6
2022-04-18,SKU0159,19,0,10.0,6
2022-04-25,SKU0159,17,0,10.0,6
2022-05-02,SKU0159,15,0,10.0,6
2022-05-09,SKU0159,13,0,10.0,6
2022-05-16,SKU0159,10,0,10.0,6
2022-05-23,SKU0159,7,0,10.0,6
2022-05-30,SKU0159,5,41,10.0,6
2022-06-06,SKU0159,25,24,10.0,6
2022-06-13,SKU0159,24,0,10.0,6
2022-06-20,SKU0159,23,0,10.0,6
2022-06-27,SKU0159,21,0,10.0,6
2022-07-04,SKU0159,19,0,10.0,6
2022-07-11,SKU0159,16,0,10.0,6
2022-07-18,SKU0159,14,0,10.0,6
2022-07-25,SKU0159,11,0,10.0,6
2022-08-01,SKU0159,9,0,10.0,6
2022-08-08,SKU0159,6,43,10.0,6
2022-08-15,SKU0159,32,31,10.0,6
2022-08-22,SKU0159,30,0,10.0,6
2022-08-29,SKU0159,27,0,10.0,6
2022-09-05,SKU0159,24,0,10.0,6
2022-09-12,SKU0159,21,0,10.0,6
2022-09-19,SKU0159,18,0,10.0,6
2022-09-26,SKU0159,15,0,,6
2022-10-03,SKU0159,12,0,10.0,6
2022-10-10,SKU0159,8,0,10.0,6
2022-10-17,SKU0159,30,39,10.0,6
2022-10-24,SKU0159,26,0,10.0,6
2022-10-31,SKU0159,24,0,10.0,6
2022-11-07,SKU0159,22,0,10.0,6
2022-11-14,SKU0159,18,0,10.0,6
2022-11-21,SKU0159,14,0,10.0,6
2022-11-28,SKU0159,10,0,10.0,6
2022-12-05,SKU0159,8,0,10.0,6
2022-12-12,SKU0159,4,28,10.0,6
2022-12-19,SKU0159,20,33,10.0,6
2022-12-26,SKU0159,16,0,10.0,6
2023-01-02,SKU0159,12,0,10.0,6
2023-01-09,SKU0159,8,0,10.0,6
2023-01-16,SKU0159,21,42,10.0,6
2023-01-23,SKU0159,17,0,10.0,6
2023-01-30,SKU0159,13,0,10.0,6
2023-02-06,SKU0159,9,0,10.0,6
2023-02-13,SKU0159,25,43,10.0,6
2023-02-20,SKU0159,23,0,10.0,6
2023-02-27,SKU0159,21,0,10.0,6
2023-03-06,SKU0159,18,0,10.0,6
2023-03-13,SKU0159,15,0,10.0,6
2023-03-20,SKU0159,12,0,10.0,6
2023-03-27,SKU0159,9,0,10.0,6
2023-04-03,SKU0159,7,0,10.0,6
2023-04-10,SKU0159,6,25,10.0,6
2023-04-17,SKU0159,4,42,10.0,6
2023-04-24,SKU0159,2,41,10.0,6
2023-05-01,SKU0159,0,34,10.0,6
2023-05-08,SKU0159,0,41,10.0,6
2023-05-15,SKU0159,22,28,10.0,6
2023-05-22,SKU0159,19,0,10.0,6
2023-05-29,SKU0159,16,0,10.0,6
2023-06-05,SKU0159,13,0,10.0,6
2023-06-12,SKU0159,11,0,10.0,6
2023-06-19,SKU0159,9,0,10.0,6
2023-06-26,SKU0159,7,0,10.0,6
2023-07-03,SKU0159,5,37,10.0,6
2023-07-10,SKU0159,30,35,10.0,6
2023-07-17,SKU0159,29,0,10.0,6
2023-07-24,SKU0159,26,0,10.0,6
2023-07-31,SKU0159,23,0,10.0,6
2023-08-07,SKU0159,21,0,10.0,6
2023-08-14,SKU0159,20,0,10.0,6
2023-08-21,SKU0159,18,0,10.0,6
2023-08-28,SKU0159,16,0,10.0,6
2023-09-04,SKU0159,14,0,10.0,6
2023-09-11,SKU0159,11,0,10.0,6
2023-09-18,SKU0159,9,0,10.0,6
2023-09-25,SKU0159,26,26,10.0,6
2023-10-02,SKU0159,22,0,10.0,6
2023-10-09,SKU0159,19,0,10.0,6
2023-10-16,SKU0159,15,0,10.0,6
2023-10-23,SKU0159,11,0,10.0,6
2023-10-30,SKU0159,9,0,10.0,6
2023-11-06,SKU0159,6,40,10.0,6
2023-11-13,SKU0159,3,42,10.0,6
2023-11-20,SKU0159,0,37,10.0,6
2023-11-27,SKU0159,19,25,10.0,6
2023-12-04,SKU0159,16,0,10.0,6
2023-12-11,SKU0159,11,0,10.0,6
2023-12-18,SKU0159,9,0,10.0,6
2023-12-25,SKU0159,7,0,10.0,6
2022-01-03,SKU0160,231,0,14.0,80
2022-01-10,SKU0160,190,0,14.0,80
2022-01-17,SKU0160,148,0,14.0,80
2022-01-24,SKU0160,124,0,14.0,80
2022-01-31,SKU0160,91,0,,80
2022-02-07,SKU0160,43,389,14.0,80
2022-02-14,SKU0160,0,367,14.0,80
2022-02-21,SKU0160,0,326,14.0,80
2022-02-28,SKU0160,286,325,14.0,80
2022-03-07,SKU0160,264,0,14.0,80
2022-03-14,SKU0160,236,0,14.0,80
2022-03-21,SKU0160,206,0,14.0,80
2022-03-28,SKU0160,173,0,14.0,80
2022-04-04,SKU0160,138,0,14.0,80
2022-04-11,SKU0160,119,0,14.0,80
2022-04-18,SKU0160,84,0,14.0,80
2022-04-25,SKU0160,51,406,14.0,80
2022-05-02,SKU0160,29,233,14.0,80
2022-05-09,SKU0160,275,350,14.0,80
2022-05-16,SKU0160,253,0,14.0,80
2022-05-23,SKU0160,228,0,14.0,80
2022-05-30,SKU0160,193,0,14.0,80
2022-06-06,SKU0160,170,0,14.0,80
2022-06-13,SKU0160,153,0,14.0,80
2022-06-20,SKU0160,123,0,14.0,80
2022-06-27,SKU0160,102,0,14.0,80
2022-07-04,SKU0160,77,357,14.0,80
2022-07-11,SKU0160,60,291,14.0,80
2022-07-18,SKU0160,313,401,14.0,80
2022-07-25,SKU0160,297,0,14.0,80
2022-08-01,SKU0160,284,0,14.0,80
2022-08-08,SKU0160,269,0,14.0,80
2022-08-15,SKU0160,242,0,14.0,80
2022-08-22,SKU0160,215,0,14.0,80
2022-08-29,SKU0160,194,0,14.0,80
2022-09-05,SKU0160,161,0,14.0,80
2022-09-12,SKU0160,121,0,14.0,80
2022-09-19,SKU0160,87,0,14.0,80
2022-09-26,SKU0160,42,223,14.0,80
2022-10-03,SKU0160,5,329,14.0,80
2022-10-10,SKU0160,293,296,14.0,80
2022-10-17,SKU0160,269,0,14.0,80
2022-10-24,SKU0160,225,0,14.0,80
2022-10-31,SKU0160,190,0,14.0,80
2022-11-07,SKU0160,148,0,14.0,80
2022-11-14,SKU0160,121,0,14.0,80
2022-11-21,SKU0160,76,216,14.0,80
2022-11-28,SKU0160,33,325,14.0,80
2022-12-05,SKU0160,0,377,14.0,80
2022-12-12,SKU0160,0,246,14.0,80
2022-12-19,SKU0160,0,247,14.0,80
2022-12-26,SKU0160,0,272,14.0,80
2023-01-02,SKU0160,0,347,14.0,80
2023-01-09,SKU0160,213,318,14.0,80
2023-01-16,SKU0160,185,0,14.0,80
2023-01-23,SKU0160,161,0,14.0,80
2023-01-30,SKU0160,139,0,14.0,80
2023-02-06,SKU0160,103,0,14.0,80
2023-02-13,SKU0160,240,351,14.0,80
2023-02-20,SKU0160,205,0,14.0,80
2023-02-27,SKU0160,174,0,14.0,80
2023-03-06,SKU0160,141,0,14.0,80
2023-03-13,SKU0160,124,0,14.0,80
2023-03-20,SKU0160,99,0,14.0,80
2023-03-27,SKU0160,82,0,14.0,80
2023-04-03,SKU0160,54,361,14.0,80
2023-04-10,SKU0160,334,423,14.0,80
2023-04-17,SKU0160,313,0,14.0,80
2023-04-24,SKU0160,284,0,14.0,80
2023-05-01,SKU0160,248,0,14.0,80
2023-05-08,SKU0160,217,0,14.0,80
2023-05-15,SKU0160,189,0,14.0,80
2023-05-22,SKU0160,172,0,14.0,80
2023-05-29,SKU0160,139,0,14.0,80
2023-06-05,SKU0160,120,0,14.0,80
2023-06-12,SKU0160,96,0,14.0,80
2023-06-19,SKU0160,70,281,14.0,80
2023-06-26,SKU0160,236,293,14.0,80
2023-07-03,SKU0160,217,0,14.0,80
2023-07-10,SKU0160,192,0,14.0,80
2023-07-17,SKU0160,170,0,14.0,80
2023-07-24,SKU0160,157,0,14.0,80
2023-07-31,SKU0160,126,0,14.0,80
2023-08-07,SKU0160,112,0,14.0,80
2023-08-14,SKU0160,81,0,14.0,80
2023-08-21,SKU0160,64,340,14.0,80
2023-08-28,SKU0160,42,327,14.0,80
2023-09-04,SKU0160,267,364,14.0,80
2023-09-11,SKU0160,234,0,14.0,80
2023-09-18,SKU0160,207,0,14.0,80
2023-09-25,SKU0160,178,0,14.0,80
2023-10-02,SKU0160,136,0,14.0,80
2023-10-09,SKU0160,105,0,14.0,80
2023-10-16,SKU0160,79,323,14.0,80
2023-10-23,SKU0160,326,242,14.0,80
2023-10-30,SKU0160,302,0,14.0,80
2023-11-06,SKU0160,275,0,14.0,80
2023-11-13,SKU0160,233,0,14.0,80
2023-11-20,SKU0160,197,0,14.0,80
2023-11-27,SKU0160,175,0,14.0,80
2023-12-04,SKU0160,150,0,14.0,80
2023-12-11,SKU0160,120,0,14.0,80
2023-12-18,SKU0160,262,220,14.0,80
2023-12-25,SKU0160,223,0,14.0,80
2022-01-03,SKU0161,16,47,30.0,24
2022-01-10,SKU0161,36,54,30.0,24
2022-01-17,SKU0161,29,0,30.0,24
2022-01-24,SKU0161,56,50,30.0,24
2022-01-31,SKU0161,52,0,30.0,24
2022-02-07,SKU0161,49,0,30.0,24
2022-02-14,SKU0161,43,0,30.0,24
2022-02-21,SKU0161,40,0,30.0,24
2022-02-28,SKU0161,37,0,30.0,24
2022-03-07,SKU0161,33,0,30.0,24
2022-03-14,SKU0161,31,0,30.0,24
2022-03-21,SKU0161,28,0,30.0,24
2022-03-28,SKU0161,25,0,30.0,24
2022-04-04,SKU0161,21,49,30.0,24
2022-04-11,SKU0161,17,53,30.0,24
2022-04-18,SKU0161,36,36,30.0,24
2022-04-25,SKU0161,34,0,30.0,24
2022-05-02,SKU0161,30,0,30.0,24
2022-05-09,SKU0161,27,0,30.0,24
2022-05-16,SKU0161,23,57,30.0,24
2022-05-23,SKU0161,21,51,30.0,24
2022-05-30,SKU0161,49,33,30.0,24
2022-06-06,SKU0161,47,0,30.0,24
2022-06-13,SKU0161,43,0,30.0,24
2022-06-20,SKU0161,41,0,30.0,24
2022-06-27,SKU0161,39,0,30.0,24
2022-07-04,SKU0161,37,0,30.0,24
2022-07-11,SKU0161,34,0,30.0,24
2022-07-18,SKU0161,32,0,30.0,24
2022-07-25,SKU0161,28,0,30.0,24
2022-08-01,SKU0161,25,0,30.0,24
2022-08-08,SKU0161,56,44,30.0,24
2022-08-15,SKU0161,52,0,30.0,24
2022-08-22,SKU0161,49,0,30.0,24
2022-08-29,SKU0161,46,0,30.0,24
2022-09-05,SKU0161,41,0,30.0,24
2022-09-12,SKU0161,35,0,30.0,24
2022-09-19,SKU0161,30,0,30.0,24
2022-09-26,SKU0161,25,0,30.0,24
2022-10-03,SKU0161,59,50,30.0,24
2022-10-10,SKU0161,53,0,30.0,24
2022-10-17,SKU0161,47,0,30.0,24
2022-10-24,SKU0161,43,0,30.0,24
2022-10-31,SKU0161,40,0,30.0,24
2022-11-07,SKU0161,35,0,30.0,24
2022-11-14,SKU0161,30,0,30.0,24
2022-11-21,SKU0161,25,0,30.0,24
2022-11-28,SKU0161,47,40,30.0,24
2022-12-05,SKU0161,43,0,30.0,24
2022-12-12,SKU0161,36,0,30.0,24
2022-12-19,SKU0161,31,0,30.0,24
2022-12-26,SKU0161,28,0,30.0,24
2023-01-02,SKU0161,22,35,30.0,24
2023-01-09,SKU0161,17,36,30.0,24
2023-01-16,SKU0161,12,30,30.0,24
2023-01-23,SKU0161,9,43,30.0,24
2023-01-30,SKU0161,5,51,30.0,24
2023-02-06,SKU0161,25,51,30.0,24
2023-02-13,SKU0161,19,59,30.0,24
2023-02-20,SKU0161,15,57,30.0,24
2023-02-27,SKU0161,9,58,30.0,24
2023-03-06,SKU0161,6,32,30.0,24
2023-03-13,SKU0161,32,33,30.0,24
2023-03-20,SKU0161,30,0,30.0,24
2023-03-27,SKU0161,27,0,30.0,24
2023-04-03,SKU0161,25,0,30.0,24
2023-04-10,SKU0161,22,53,30.0,24
2023-04-17,SKU0161,18,36,30.0,24
2023-04-24,SKU0161,55,49,30.0,24
2023-05-01,SKU0161,52,0,30.0,24
2023-05-08,SKU0161,49,0,30.0,24
2023-05-15,SKU0161,46,0,30.0,24
2023-05-22,SKU0161,41,0,30.0,24
2023-05-29,SKU0161,38,0,30.0,24
2023-06-05,SKU0161,37,0,30.0,24
2023-06-12,SKU0161,35,0,30.0,24
2023-06-19,SKU0161,32,0,30.0,24
2023-06-26,SKU0161,30,0,30.0,24
2023-07-03,SKU0161,26,0,30.0,24
2023-07-10,SKU0161,23,34,30.0,24
2023-07-17,SKU0161,48,59,30.0,24
2023-07-24,SKU0161,46,0,30.0,24
2023-07-31,SKU0161,42,0,30.0,24
2023-08-07,SKU0161,39,0,30.0,24
2023-08-14,SKU0161,37,0,30.0,24
2023-08-21,SKU0161,34,0,30.0,24
2023-08-28,SKU0161,32,0,30.0,24
2023-09-04,SKU0161,27,0,30.0,24
2023-09-11,SKU0161,68,32,30.0,24
2023-09-18,SKU0161,66,0,30.0,24
2023-09-25,SKU0161,63,0,30.0,24
2023-10-02,SKU0161,58,0,30.0,24
2023-10-09,SKU0161,55,0,30.0,24
2023-10-16,SKU0161,50,0,30.0,24
2023-10-23,SKU0161,44,0,30.0,24
2023-10-30,SKU0161,40,0,30.0,24
2023-11-06,SKU0161,35,0,30.0,24
2023-11-13,SKU0161,32,0,30.0,24
2023-11-20,SKU0161,27,0,30.0,24
2023-11-27,SKU0161,65,54,30.0,24
2023-12-04,SKU0161,59,0,30.0,24
2023-12-11,SKU0161,54,0,30.0,24
2023-12-18,SKU0161,47,0,30.0,24
2023-12-25,SKU0161,42,0,30.0,24
2022-01-03,SKU0162,350,0,21.0,140
2022-01-10,SKU0162,294,0,21.0,140
2022-01-17,SKU0162,245,0,21.0,140
2022-01-24,SKU0162,205,0,21.0,140
2022-01-31,SKU0162,177,0,21.0,140
2022-02-07,SKU0162,143,0,21.0,140
2022-02-14,SKU0162,102,472,21.0,140
2022-02-21,SKU0162,405,256,21.0,140
2022-02-28,SKU0162,351,0,21.0,140
2022-03-07,SKU0162,316,0,21.0,140
2022-03-14,SKU0162,296,0,21.0,140
2022-03-21,SKU0162,268,0,21.0,140
2022-03-28,SKU0162,233,0,21.0,140
2022-04-04,SKU0162,211,0,21.0,140
2022-04-11,SKU0162,188,0,21.0,140
2022-04-18,SKU0162,146,0,21.0,140
2022-04-25,SKU0162,330,250,21.0,140
2022-05-02,SKU0162,304,0,21.0,140
2022-05-09,SKU0162,263,0,21.0,140
2022-05-16,SKU0162,240,0,21.0,140
2022-05-23,SKU0162,197,0,21.0,140
2022-05-30,SKU0162,167,0,21.0,140
2022-06-06,SKU0162,133,487,21.0,140
2022-06-13,SKU0162,107,455,21.0,140
2022-06-20,SKU0162,393,316,21.0,140
2022-06-27,SKU0162,377,0,21.0,140
2022-07-04,SKU0162,348,0,21.0,140
2022-07-11,SKU0162,312,0,21.0,140
2022-07-18,SKU0162,293,0,21.0,140
2022-07-25,SKU0162,263,0,21.0,140
2022-08-01,SKU0162,230,0,21.0,140
2022-08-08,SKU0162,193,0,21.0,140
2022-08-15,SKU0162,161,0,21.0,140
2022-08-22,SKU0162,128,415,21.0,140
2022-08-29,SKU0162,104,336,21.0,140
2022-09-05,SKU0162,276,425,21.0,140
2022-09-12,SKU0162,232,0,,140
2022-09-19,SKU0162,184,0,21.0,140
2022-09-26,SKU0162,391,328,21.0,140
2022-10-03,SKU0162,360,0,21.0,140
2022-10-10,SKU0162,318,0,21.0,140
2022-10-17,SKU0162,279,0,21.0,140
2022-10-24,SKU0162,230,0,21.0,140
2022-10-31,SKU0162,181,0,21.0,140
2022-11-07,SKU0162,137,450,21.0,140
2022-11-14,SKU0162,323,299,21.0,140
2022-11-21,SKU0162,288,0,21.0,140
2022-11-28,SKU0162,256,0,21.0,140
2022-12-05,SKU0162,228,0,21.0,140
2022-12-12,SKU0162,198,0,21.0,140
2022-12-19,SKU0162,146,0,21.0,140
2022-12-26,SKU0162,90,436,21.0,140
2023-01-02,SKU0162,387,456,21.0,140
2023-01-09,SKU0162,358,0,21.0,140
2023-01-16,SKU0162,307,0,21.0,140
2023-01-23,SKU0162,274,0,21.0,140
2023-01-30,SKU0162,224,0,21.0,140
2023-02-06,SKU0162,190,0,21.0,140
2023-02-13,SKU0162,141,0,21.0,140
2023-02-20,SKU0162,115,378,21.0,140
2023-02-27,SKU0162,407,276,21.0,140
2023-03-06,SKU0162,370,0,21.0,140
2023-03-13,SKU0162,342,0,21.0,140
2023-03-20,SKU0162,323,0,21.0,140
2023-03-27,SKU0162,305,0,21.0,140
2023-04-03,SKU0162,285,0,,140
2023-04-10,SKU0162,258,0,21.0,140
2023-04-17,SKU0162,235,0,21.0,140
2023-04-24,SKU0162,203,0,21.0,140
2023-05-01,SKU0162,180,0,21.0,140
2023-05-08,SKU0162,141,0,21.0,140
2023-05-15,SKU0162,491,428,21.0,140
2023-05-22,SKU0162,464,0,21.0,140
2023-05-29,SKU0162,432,0,21.0,140
2023-06-05,SKU0162,411,0,21.0,140
2023-06-12,SKU0162,392,0,21.0,140
2023-06-19,SKU0162,359,0,21.0,140
2023-06-26,SKU0162,323,0,21.0,140
2023-07-03,SKU0162,296,0,21.0,140
2023-07-10,SKU0162,279,0,21.0,140
2023-07-17,SKU0162,261,0,21.0,140
2023-07-24,SKU0162,239,0,21.0,140
2023-07-31,SKU0162,210,0,21.0,140
2023-08-07,SKU0162,188,0,21.0,140
2023-08-14,SKU0162,160,0,21.0,140
2023-08-21,SKU0162,334,499,21.0,140
2023-08-28,SKU0162,316,0,21.0,140
2023-09-04,SKU0162,273,0,21.0,140
2023-09-11,SKU0162,241,0,21.0,140
2023-09-18,SKU0162,214,0,21.0,140
2023-09-25,SKU0162,186,0,21.0,140
2023-10-02,SKU0162,153,0,21.0,140
2023-10-09,SKU0162,99,276,21.0,140
2023-10-16,SKU0162,369,360,21.0,140
2023-10-23,SKU0162,333,0,21.0,140
2023-10-30,SKU0162,295,0,21.0,140
2023-11-06,SKU0162,255,0,21.0,140
2023-11-13,SKU0162,215,0,21.0,140
2023-11-20,SKU0162,179,0,21.0,140
2023-11-27,SKU0162,154,0,21.0,140
2023-12-04,SKU0162,109,365,21.0,140
2023-12-11,SKU0162,63,495,21.0,140
2023-12-18,SKU0162,18,436,21.0,140
2023-12-25,SKU0162,0,438,21.0,140
2022-01-03,SKU0163,295,0,14.0,146
2022-01-10,SKU0163,208,0,14.0,146
2022-01-17,SKU0163,131,753,14.0,146
2022-01-24,SKU0163,418,403,14.0,146
2022-01-31,SKU0163,360,0,14.0,146
2022-02-07,SKU0163,295,0,14.0,146
2022-02-14,SKU0163,237,0,14.0,146
2022-02-21,SKU0163,163,0,14.0,146
2022-02-28,SKU0163,92,682,14.0,146
2022-03-07,SKU0163,575,759,14.0,146
2022-03-14,SKU0163,519,0,14.0,146
2022-03-21,SKU0163,461,0,14.0,146
2022-03-28,SKU0163,396,0,14.0,146
2022-04-04,SKU0163,341,0,14.0,146
2022-04-11,SKU0163,303,0,14.0,146
2022-04-18,SKU0163,271,0,14.0,146
2022-04-25,SKU0163,204,0,14.0,146
2022-05-02,SKU0163,679,497,14.0,146
2022-05-09,SKU0163,626,0,14.0,146
2022-05-16,SKU0163,576,0,14.0,146
2022-05-23,SKU0163,544,0,14.0,146
2022-05-30,SKU0163,506,0,14.0,146
2022-06-06,SKU0163,454,0,14.0,146
2022-06-13,SKU0163,403,0,14.0,146
2022-06-20,SKU0163,373,0,14.0,146
2022-06-27,SKU0163,348,0,14.0,146
2022-07-04,SKU0163,315,0,14.0,146
2022-07-11,SKU0163,261,0,14.0,146
2022-07-18,SKU0163,227,0,14.0,146
2022-07-25,SKU0163,190,0,14.0,146
2022-08-01,SKU0163,155,0,14.0,146
2022-08-08,SKU0163,494,686,14.0,146
2022-08-15,SKU0163,461,0,14.0,146
2022-08-22,SKU0163,433,0,14.0,146
2022-08-29,SKU0163,406,0,14.0,146
2022-09-05,SKU0163,363,0,14.0,146
2022-09-12,SKU0163,317,0,14.0,146
2022-09-19,SKU0163,277,0,14.0,146
2022-09-26,SKU0163,199,0,14.0,146
2022-10-03,SKU0163,543,549,,146
2022-10-10,SKU0163,484,0,14.0,146
2022-10-17,SKU0163,430,0,14.0,146
2022-10-24,SKU0163,379,0,14.0,146
2022-10-31,SKU0163,315,0,14.0,146
2022-11-07,SKU0163,255,0,14.0,146
2022-11-14,SKU0163,182,0,14.0,146
2022-11-21,SKU0163,135,763,14.0,146
2022-11-28,SKU0163,659,747,14.0,146
2022-12-05,SKU0163,601,0,14.0,146
2022-12-12,SKU0163,553,0,14.0,146
2022-12-19,SKU0163,495,0,14.0,146
2022-12-26,SKU0163,445,0,14.0,146
2023-01-02,SKU0163,388,0,14.0,146
2023-01-09,SKU0163,305,0,14.0,146
2023-01-16,SKU0163,256,0,14.0,146
2023-01-23,SKU0163,195,0,14.0,146
2023-01-30,SKU0163,129,434,14.0,146
2023-02-06,SKU0163,40,450,14.0,146
2023-02-13,SKU0163,0,747,,146
2023-02-20,SKU0163,0,512,14.0,146
2023-02-27,SKU0163,555,495,14.0,146
2023-03-06,SKU0163,488,0,14.0,146
2023-03-13,SKU0163,457,0,14.0,146
2023-03-20,SKU0163,402,0,14.0,146
2023-03-27,SKU0163,371,0,14.0,146
2023-04-03,SKU0163,329,0,14.0,146
2023-04-10,SKU0163,294,0,14.0,146
2023-04-17,SKU0163,234,0,14.0,146
2023-04-24,SKU0163,192,0,14.0,146
2023-05-01,SKU0163,162,0,14.0,146
2023-05-08,SKU0163,559,704,14.0,146
2023-05-15,SKU0163,510,0,14.0,146
2023-05-22,SKU0163,477,0,14.0,146
2023-05-29,SKU0163,448,0,14.0,146
2023-06-05,SKU0163,394,0,14.0,146
2023-06-12,SKU0163,345,0,14.0,146
2023-06-19,SKU0163,310,0,14.0,146
2023-06-26,SKU0163,269,0,14.0,146
2023-07-03,SKU0163,238,0,14.0,146
2023-07-10,SKU0163,198,0,14.0,146
2023-07-17,SKU0163,451,743,14.0,146
2023-07-24,SKU0163,403,0,14.0,146
2023-07-31,SKU0163,360,0,14.0,146
2023-08-07,SKU0163,305,0,14.0,146
2023-08-14,SKU0163,272,0,14.0,146
2023-08-21,SKU0163,244,0,14.0,146
2023-08-28,SKU0163,205,0,14.0,146
2023-09-04,SKU0163,167,0,14.0,146
2023-09-11,SKU0163,88,633,14.0,146
2023-09-18,SKU0163,444,715,14.0,146
2023-09-25,SKU0163,396,0,14.0,146
2023-10-02,SKU0163,343,0,14.0,146
2023-10-09,SKU0163,288,0,14.0,146
2023-10-16,SKU0163,204,0,14.0,146
2023-10-23,SKU0163,166,0,14.0,146
2023-10-30,SKU0163,99,651,14.0,146
2023-11-06,SKU0163,17,487,14.0,146
2023-11-13,SKU0163,520,607,14.0,146
2023-11-20,SKU0163,449,0,14.0,146
2023-11-27,SKU0163,412,0,14.0,146
2023-12-04,SKU0163,339,0,14.0,146
2023-12-11,SKU0163,252,0,14.0,146
2023-12-18,SKU0163,202,0,14.0,146
2023-12-25,SKU0163,143,629,14.0,146
2022-01-03,SKU0164,6,53,7.0,6
2022-01-10,SKU0164,0,63,7.0,6
2022-01-17,SKU0164,53,51,7.0,6
2022-01-24,SKU0164,48,0,7.0,6
2022-01-31,SKU0164,42,0,7.0,6
2022-02-07,SKU0164,38,0,7.0,6
2022-02-14,SKU0164,32,0,7.0,6
2022-02-21,SKU0164,26,0,7.0,6
2022-02-28,SKU0164,22,0,7.0,6
2022-03-07,SKU0164,18,0,7.0,6
2022-03-14,SKU0164,14,0,7.0,6
2022-03-21,SKU0164,8,0,7.0,6
2022-03-28,SKU0164,2,37,7.0,6
2022-04-04,SKU0164,48,50,7.0,6
2022-04-11,SKU0164,44,0,7.0,6
2022-04-18,SKU0164,39,0,7.0,6
2022-04-25,SKU0164,34,0,7.0,6
2022-05-02,SKU0164,30,0,7.0,6
2022-05-09,SKU0164,26,0,7.0,6
2022-05-16,SKU0164,24,0,7.0,6
2022-05-23,SKU0164,19,0,7.0,6
2022-05-30,SKU0164,14,0,7.0,6
2022-06-06,SKU0164,12,0,7.0,6
2022-06-13,SKU0164,9,0,7.0,6
2022-06-20,SKU0164,55,50,7.0,6
2022-06-27,SKU0164,51,0,7.0,6
2022-07-04,SKU0164,46,0,7.0,6
2022-07-11,SKU0164,41,0,7.0,6
2022-07-18,SKU0164,37,0,7.0,6
2022-07-25,SKU0164,33,0,7.0,6
2022-08-01,SKU0164,28,0,7.0,6
2022-08-08,SKU0164,24,0,7.0,6
2022-08-15,SKU0164,21,0,7.0,6
2022-08-22,SKU0164,17,0,7.0,6
2022-08-29,SKU0164,12,0,7.0,6
2022-09-05,SKU0164,8,0,7.0,6
2022-09-12,SKU0164,29,40,7.0,6
2022-09-19,SKU0164,26,0,7.0,6
2022-09-26,SKU0164,20,0,7.0,6
2022-10-03,SKU0164,17,0,7.0,6
2022-10-10,SKU0164,14,0,7.0,6
2022-10-17,SKU0164,9,0,7.0,6
2022-10-24,SKU0164,3,72,7.0,6
2022-10-31,SKU0164,27,64,7.0,6
2022-11-07,SKU0164,24,0,7.0,6
2022-11-14,SKU0164,19,0,7.0,6
2022-11-21,SKU0164,15,0,7.0,6
2022-11-28,SKU0164,11,0,7.0,6
2022-12-05,SKU0164,53,62,7.0,6
2022-12-12,SKU0164,49,0,7.0,6
2022-12-19,SKU0164,43,0,7.0,6
2022-12-26,SKU0164,37,0,7.0,6
2023-01-02,SKU0164,33,0,7.0,6
2023-01-09,SKU0164,29,0,7.0,6
2023-01-16,SKU0164,22,0,7.0,6
2023-01-23,SKU0164,14,0,7.0,6
2023-01-30,SKU0164,6,38,7.0,6
2023-02-06,SKU0164,1,71,7.0,6
2023-02-13,SKU0164,0,51,7.0,6
2023-02-20,SKU0164,52,70,7.0,6
2023-02-27,SKU0164,46,0,7.0,6
2023-03-06,SKU0164,41,0,7.0,6
2023-03-13,SKU0164,37,0,7.0,6
2023-03-20,SKU0164,32,0,7.0,6
2023-03-27,SKU0164,29,0,7.0,6
2023-04-03,SKU0164,26,0,7.0,6
2023-04-10,SKU0164,22,0,7.0,6
2023-04-17,SKU0164,17,0,7.0,6
2023-04-24,SKU0164,12,0,7.0,6
2023-05-01,SKU0164,9,0,7.0,6
2023-05-08,SKU0164,6,42,7.0,6
2023-05-15,SKU0164,41,52,7.0,6
2023-05-22,SKU0164,37,0,7.0,6
2023-05-29,SKU0164,34,0,7.0,6
2023-06-05,SKU0164,29,0,7.0,6
2023-06-12,SKU0164,26,0,7.0,6
2023-06-19,SKU0164,22,0,7.0,6
2023-06-26,SKU0164,20,0,7.0,6
2023-07-03,SKU0164,16,0,7.0,6
2023-07-10,SKU0164,13,0,7.0,6
2023-07-17,SKU0164,10,0,7.0,6
2023-07-24,SKU0164,7,0,7.0,6
2023-07-31,SKU0164,4,59,7.0,6
2023-08-07,SKU0164,39,41,7.0,6
2023-08-14,SKU0164,35,0,,6
2023-08-21,SKU0164,31,0,7.0,6
2023-08-28,SKU0164,26,0,7.0,6
2023-09-04,SKU0164,20,0,7.0,6
2023-09-11,SKU0164,15,0,7.0,6
2023-09-18,SKU0164,9,0,7.0,6
2023-09-25,SKU0164,33,71,7.0,6
2023-10-02,SKU0164,29,0,7.0,6
2023-10-09,SKU0164,24,0,,6
2023-10-16,SKU0164,20,0,7.0,6
2023-10-23,SKU0164,14,0,7.0,6
2023-10-30,SKU0164,11,0,7.0,6
2023-11-06,SKU0164,4,59,7.0,6
2023-11-13,SKU0164,41,37,7.0,6
2023-11-20,SKU0164,36,0,7.0,6
2023-11-27,SKU0164,30,0,7.0,6
2023-12-04,SKU0164,26,0,7.0,6
2023-12-11,SKU0164,19,0,7.0,6
2023-12-18,SKU0164,14,0,7.0,6
2023-12-25,SKU0164,7,0,7.0,6
2022-01-03,SKU0165,172,0,10.0,82
2022-01-10,SKU0165,110,0,10.0,82
2022-01-17,SKU0165,54,590,10.0,82
2022-01-24,SKU0165,0,515,,82
2022-01-31,SKU0165,0,314,10.0,82
2022-02-07,SKU0165,0,543,10.0,82
2022-02-14,SKU0165,0,534,10.0,82
2022-02-21,SKU0165,450,533,10.0,82
2022-02-28,SKU0165,405,0,10.0,82
2022-03-07,SKU0165,360,0,10.0,82
2022-03-14,SKU0165,324,0,10.0,82
2022-03-21,SKU0165,298,0,10.0,82
2022-03-28,SKU0165,244,0,10.0,82
2022-04-04,SKU0165,207,0,10.0,82
2022-04-11,SKU0165,181,0,10.0,82
2022-04-18,SKU0165,149,0,10.0,82
2022-04-25,SKU0165,112,0,10.0,82
2022-05-02,SKU0165,324,564,10.0,82
2022-05-09,SKU0165,287,0,10.0,82
2022-05-16,SKU0165,242,0,10.0,82
2022-05-23,SKU0165,198,0,10.0,82
2022-05-30,SKU0165,157,0,10.0,82
2022-06-06,SKU0165,123,0,10.0,82
2022-06-13,SKU0165,99,0,10.0,82
2022-06-20,SKU0165,440,427,10.0,82
2022-06-27,SKU0165,405,0,10.0,82
2022-07-04,SKU0165,365,0,10.0,82
2022-07-11,SKU0165,344,0,10.0,82
2022-07-18,SKU0165,303,0,10.0,82
2022-07-25,SKU0165,275,0,10.0,82
2022-08-01,SKU0165,232,0,10.0,82
2022-08-08,SKU0165,191,0,10.0,82
2022-08-15,SKU0165,149,0,10.0,82
2022-08-22,SKU0165,106,0,10.0,82
2022-08-29,SKU0165,492,433,10.0,82
2022-09-05,SKU0165,448,0,10.0,82
2022-09-12,SKU0165,388,0,10.0,82
2022-09-19,SKU0165,348,0,10.0,82
2022-09-26,SKU0165,284,0,10.0,82
2022-10-03,SKU0165,251,0,10.0,82
2022-10-10,SKU0165,200,0,10.0,82
2022-10-17,SKU0165,163,0,10.0,82
2022-10-24,SKU0165,111,0,10.0,82
2022-10-31,SKU0165,72,365,10.0,82
2022-11-07,SKU0165,462,557,,82
2022-11-14,SKU0165,425,0,10.0,82
2022-11-21,SKU0165,373,0,10.0,82
2022-11-28,SKU0165,336,0,10.0,82
2022-12-05,SKU0165,276,0,10.0,82
2022-12-12,SKU0165,203,0,10.0,82
2022-12-19,SKU0165,169,0,10.0,82
2022-12-26,SKU0165,110,0,10.0,82
2023-01-02,SKU0165,361,375,10.0,82
2023-01-09,SKU0165,299,0,10.0,82
2023-01-16,SKU0165,249,0,10.0,82
2023-01-23,SKU0165,214,0,10.0,82
2023-01-30,SKU0165,181,0,10.0,82
2023-02-06,SKU0165,108,0,,82
2023-02-13,SKU0165,62,511,10.0,82
2023-02-20,SKU0165,447,506,10.0,82
2023-02-27,SKU0165,386,0,10.0,82
2023-03-06,SKU0165,357,0,10.0,82
2023-03-13,SKU0165,310,0,10.0,82
2023-03-20,SKU0165,282,0,10.0,82
2023-03-27,SKU0165,252,0,10.0,82
2023-04-03,SKU0165,209,0,10.0,82
2023-04-10,SKU0165,174,0,10.0,82
2023-04-17,SKU0165,126,0,10.0,82
2023-04-24,SKU0165,90,0,10.0,82
2023-05-01,SKU0165,57,481,10.0,82
2023-05-08,SKU0165,22,411,10.0,82
2023-05-15,SKU0165,443,357,10.0,82
2023-05-22,SKU0165,412,0,10.0,82
2023-05-29,SKU0165,388,0,10.0,82
2023-06-05,SKU0165,346,0,10.0,82
2023-06-12,SKU0165,307,0,10.0,82
2023-06-19,SKU0165,288,0,10.0,82
2023-06-26,SKU0165,243,0,,82
2023-07-03,SKU0165,203,0,10.0,82
2023-07-10,SKU0165,177,0,10.0,82
2023-07-17,SKU0165,141,0,10.0,82
2023-07-24,SKU0165,108,0,10.0,82
2023-07-31,SKU0165,328,461,10.0,82
2023-08-07,SKU0165,309,0,10.0,82
2023-08-14,SKU0165,285,0,10.0,82
2023-08-21,SKU0165,264,0,10.0,82
2023-08-28,SKU0165,223,0,10.0,82
2023-09-04,SKU0165,171,0,10.0,82
2023-09-11,SKU0165,127,0,10.0,82
2023-09-18,SKU0165,97,0,10.0,82
2023-09-25,SKU0165,306,579,10.0,82
2023-10-02,SKU0165,255,0,10.0,82
2023-10-09,SKU0165,194,0,10.0,82
2023-10-16,SKU0165,132,0,10.0,82
2023-10-23,SKU0165,72,445,10.0,82
2023-10-30,SKU0165,452,350,10.0,82
2023-11-06,SKU0165,395,0,10.0,82
2023-11-13,SKU0165,359,0,10.0,82
2023-11-20,SKU0165,322,0,10.0,82
2023-11-27,SKU0165,290,0,10.0,82
2023-12-04,SKU0165,235,0,10.0,82
2023-12-11,SKU0165,164,0,10.0,82
2023-12-18,SKU0165,101,0,10.0,82
2023-12-25,SKU0165,390,377,10.0,82
2022-01-03,SKU0166,201,0,30.0,128
2022-01-10,SKU0166,164,0,30.0,128
2022-01-17,SKU0166,138,0,30.0,128
2022-01-24,SKU0166,107,213,30.0,128
2022-01-31,SKU0166,244,250,30.0,128
2022-02-07,SKU0166,224,0,30.0,128
2022-02-14,SKU0166,205,0,30.0,128
2022-02-21,SKU0166,181,0,30.0,128
2022-02-28,SKU0166,143,0,30.0,128
2022-03-07,SKU0166,121,275,30.0,128
2022-03-14,SKU0166,95,256,30.0,128
2022-03-21,SKU0166,71,178,30.0,128
2022-03-28,SKU0166,55,215,30.0,128
2022-04-04,SKU0166,30,291,30.0,128
2022-04-11,SKU0166,172,288,30.0,128
2022-04-18,SKU0166,150,0,30.0,128
2022-04-25,SKU0166,129,0,30.0,128
2022-05-02,SKU0166,290,202,30.0,128
2022-05-09,SKU0166,266,0,30.0,128
2022-05-16,SKU0166,250,0,30.0,128
2022-05-23,SKU0166,230,0,30.0,128
2022-05-30,SKU0166,216,0,30.0,128
2022-06-06,SKU0166,195,0,30.0,128
2022-06-13,SKU0166,182,0,30.0,128
2022-06-20,SKU0166,164,0,30.0,128
2022-06-27,SKU0166,153,0,30.0,128
2022-07-04,SKU0166,133,0,30.0,128
2022-07-11,SKU0166,110,313,30.0,128
2022-07-18,SKU0166,100,238,30.0,128
2022-07-25,SKU0166,82,312,30.0,128
2022-08-01,SKU0166,248,187,30.0,128
2022-08-08,SKU0166,227,0,,128
2022-08-15,SKU0166,212,0,30.0,128
2022-08-22,SKU0166,190,0,30.0,128
2022-08-29,SKU0166,176,0,30.0,128
2022-09-05,SKU0166,143,0,30.0,128
2022-09-12,SKU0166,119,260,30.0,128
2022-09-19,SKU0166,276,270,30.0,128
2022-09-26,SKU0166,252,0,30.0,128
2022-10-03,SKU0166,224,0,30.0,128
2022-10-10,SKU0166,208,0,30.0,128
2022-10-17,SKU0166,191,0,30.0,128
2022-10-24,SKU0166,168,0,30.0,128
2022-10-31,SKU0166,139,0,30.0,128
2022-11-07,SKU0166,119,257,30.0,128
2022-11-14,SKU0166,93,195,30.0,128
2022-11-21,SKU0166,238,282,30.0,128
2022-11-28,SKU0166,213,0,30.0,128
2022-12-05,SKU0166,191,0,30.0,128
2022-12-12,SKU0166,172,0,30.0,128
2022-12-19,SKU0166,155,0,30.0,128
2022-12-26,SKU0166,126,251,30.0,128
2023-01-02,SKU0166,89,161,30.0,128
2023-01-09,SKU0166,67,211,30.0,128
2023-01-16,SKU0166,44,201,30.0,128
2023-01-23,SKU0166,10,229,30.0,128
2023-01-30,SKU0166,0,193,30.0,128
2023-02-06,SKU0166,174,301,30.0,128
2023-02-13,SKU0166,136,0,30.0,128
2023-02-20,SKU0166,110,290,30.0,128
2023-02-27,SKU0166,77,245,30.0,128
2023-03-06,SKU0166,56,209,30.0,128
2023-03-13,SKU0166,178,199,30.0,128
2023-03-20,SKU0166,163,0,30.0,128
2023-03-27,SKU0166,138,0,30.0,128
2023-04-03,SKU0166,119,256,30.0,128
2023-04-10,SKU0166,100,178,30.0,128
2023-04-17,SKU0166,81,242,30.0,128
2023-04-24,SKU0166,62,253,30.0,128
2023-05-01,SKU0166,50,238,30.0,128
2023-05-08,SKU0166,206,165,30.0,128
2023-05-15,SKU0166,193,0,30.0,128
2023-05-22,SKU0166,170,0,30.0,128
2023-05-29,SKU0166,144,0,30.0,128
2023-06-05,SKU0166,245,225,30.0,128
2023-06-12,SKU0166,228,0,30.0,128
2023-06-19,SKU0166,212,0,30.0,128
2023-06-26,SKU0166,198,0,30.0,128
2023-07-03,SKU0166,176,0,30.0,128
2023-07-10,SKU0166,157,0,30.0,128
2023-07-17,SKU0166,146,0,,128
2023-07-24,SKU0166,129,0,30.0,128
2023-07-31,SKU0166,108,221,30.0,128
2023-08-07,SKU0166,96,177,30.0,128
2023-08-14,SKU0166,78,219,30.0,128
2023-08-21,SKU0166,215,313,30.0,128
2023-08-28,SKU0166,199,0,30.0,128
2023-09-04,SKU0166,181,0,30.0,128
2023-09-11,SKU0166,165,0,30.0,128
2023-09-18,SKU0166,135,0,30.0,128
2023-09-25,SKU0166,102,169,30.0,128
2023-10-02,SKU0166,298,242,30.0,128
2023-10-09,SKU0166,283,0,30.0,128
2023-10-16,SKU0166,261,0,30.0,128
2023-10-23,SKU0166,229,0,30.0,128
2023-10-30,SKU0166,203,0,30.0,128
2023-11-06,SKU0166,179,0,30.0,128
2023-11-13,SKU0166,150,0,30.0,128
2023-11-20,SKU0166,134,0,30.0,128
2023-11-27,SKU0166,309,245,30.0,128
2023-12-04,SKU0166,273,0,30.0,128
2023-12-11,SKU0166,240,0,30.0,128
2023-12-18,SKU0166,204,0,30.0,128
2023-12-25,SKU0166,185,0,,128
2022-01-03,SKU0167,295,0,7.0,49
2022-01-10,SKU0167,233,0,7.0,49
2022-01-17,SKU0167,184,0,7.0,49
2022-01-24,SKU0167,145,0,7.0,49
2022-01-31,SKU0167,113,0,7.0,49
2022-02-07,SKU0167,60,0,7.0,49
2022-02-14,SKU0167,266,395,7.0,49
2022-02-21,SKU0167,206,0,7.0,49
2022-02-28,SKU0167,149,0,7.0,49
2022-03-07,SKU0167,120,0,7.0,49
2022-03-14,SKU0167,97,0,7.0,49
2022-03-21,SKU0167,59,0,7.0,49
2022-03-28,SKU0167,31,277,7.0,49
2022-04-04,SKU0167,376,301,7.0,49
2022-04-11,SKU0167,354,0,7.0,49
2022-04-18,SKU0167,316,0,7.0,49
2022-04-25,SKU0167,271,0,7.0,49
2022-05-02,SKU0167,228,0,7.0,49
2022-05-09,SKU0167,192,0,7.0,49
2022-05-16,SKU0167,162,0,7.0,49
2022-05-23,SKU0167,137,0,7.0,49
2022-05-30,SKU0167,100,0,7.0,49
2022-06-06,SKU0167,65,0,7.0,49
2022-06-13,SKU0167,38,494,7.0,49
2022-06-20,SKU0167,16,338,,49
2022-06-27,SKU0167,0,396,7.0,49
2022-07-04,SKU0167,0,290,7.0,49
2022-07-11,SKU0167,212,272,7.0,49
2022-07-18,SKU0167,191,0,7.0,49
2022-07-25,SKU0167,168,0,7.0,49
2022-08-01,SKU0167,151,0,7.0,49
2022-08-08,SKU0167,124,0,7.0,49
2022-08-15,SKU0167,91,0,7.0,49
2022-08-22,SKU0167,57,0,7.0,49
2022-08-29,SKU0167,25,323,7.0,49
2022-09-05,SKU0167,215,315,7.0,49
2022-09-12,SKU0167,186,0,7.0,49
2022-09-19,SKU0167,143,0,7.0,49
2022-09-26,SKU0167,118,0,7.0,49
2022-10-03,SKU0167,84,0,7.0,49
2022-10-10,SKU0167,51,0,7.0,49
2022-10-17,SKU0167,235,471,7.0,49
2022-10-24,SKU0167,186,0,7.0,49
2022-10-31,SKU0167,136,0,7.0,49
2022-11-07,SKU0167,111,0,7.0,49
2022-11-14,SKU0167,59,0,7.0,49
2022-11-21,SKU0167,26,263,7.0,49
2022-11-28,SKU0167,0,273,7.0,49
2022-12-05,SKU0167,215,314,7.0,49
2022-12-12,SKU0167,168,0,7.0,49
2022-12-19,SKU0167,106,0,7.0,49
2022-12-26,SKU0167,70,0,7.0,49
2023-01-02,SKU0167,369,435,7.0,49
2023-01-09,SKU0167,319,0,7.0,49
2023-01-16,SKU0167,274,0,7.0,49
2023-01-23,SKU0167,237,0,7.0,49
2023-01-30,SKU0167,191,0,7.0,49
2023-02-06,SKU0167,140,0,7.0,49
2023-02-13,SKU0167,102,0,7.0,49
2023-02-20,SKU0167,56,0,7.0,49
2023-02-27,SKU0167,7,314,7.0,49
2023-03-06,SKU0167,204,488,7.0,49
2023-03-13,SKU0167,181,0,7.0,49
2023-03-20,SKU0167,160,0,7.0,49
2023-03-27,SKU0167,128,0,7.0,49
2023-04-03,SKU0167,98,0,7.0,49
2023-04-10,SKU0167,67,0,7.0,49
2023-04-17,SKU0167,44,402,7.0,49
2023-04-24,SKU0167,12,406,7.0,49
2023-05-01,SKU0167,196,333,7.0,49
2023-05-08,SKU0167,167,0,7.0,49
2023-05-15,SKU0167,140,0,7.0,49
2023-05-22,SKU0167,107,0,7.0,49
2023-05-29,SKU0167,70,0,7.0,49
2023-06-05,SKU0167,43,380,7.0,49
2023-06-12,SKU0167,18,349,7.0,49
2023-06-19,SKU0167,230,311,7.0,49
2023-06-26,SKU0167,205,0,7.0,49
2023-07-03,SKU0167,173,0,7.0,49
2023-07-10,SKU0167,138,0,7.0,49
2023-07-17,SKU0167,103,0,7.0,49
2023-07-24,SKU0167,76,0,7.0,49
2023-07-31,SKU0167,51,0,7.0,49
2023-08-07,SKU0167,26,275,7.0,49
2023-08-14,SKU0167,0,369,7.0,49
2023-08-21,SKU0167,0,380,7.0,49
2023-08-28,SKU0167,301,455,7.0,49
2023-09-04,SKU0167,270,0,7.0,49
2023-09-11,SKU0167,230,0,7.0,49
2023-09-18,SKU0167,175,0,7.0,49
2023-09-25,SKU0167,119,0,7.0,49
2023-10-02,SKU0167,87,0,7.0,49
2023-10-09,SKU0167,46,278,7.0,49
2023-10-16,SKU0167,0,444,7.0,49
2023-10-23,SKU0167,0,475,7.0,49
2023-10-30,SKU0167,250,270,7.0,49
2023-11-06,SKU0167,202,0,7.0,49
2023-11-13,SKU0167,152,0,7.0,49
2023-11-20,SKU0167,119,0,7.0,49
2023-11-27,SKU0167,79,0,7.0,49
2023-12-04,SKU0167,220,407,7.0,49
2023-12-11,SKU0167,187,0,7.0,49
2023-12-18,SKU0167,140,0,7.0,49
2023-12-25,SKU0167,111,0,7.0,49
2022-01-03,SKU0168,1488,0,10.0,254
2022-01-10,SKU0168,1385,0,10.0,254
2022-01-17,SKU0168,1157,0,10.0,254
2022-01-24,SKU0168,955,0,10.0,254
2022-01-31,SKU0168,727,0,10.0,254
2022-02-07,SKU0168,585,0,,254
2022-02-14,SKU0168,369,0,10.0,254
2022-02-21,SKU0168,1436,995,10.0,254
2022-02-28,SKU0168,1291,0,10.0,254
2022-03-07,SKU0168,1155,0,10.0,254
2022-03-14,SKU0168,1031,0,10.0,254
2022-03-21,SKU0168,887,0,10.0,254
2022-03-28,SKU0168,770,0,10.0,254
2022-04-04,SKU0168,652,0,10.0,254
2022-04-11,SKU0168,551,0,10.0,254
2022-04-18,SKU0168,438,0,10.0,254
2022-04-25,SKU0168,286,0,10.0,254
2022-05-02,SKU0168,951,1622,10.0,254
2022-05-09,SKU0168,858,0,10.0,254
2022-05-16,SKU0168,748,0,10.0,254
2022-05-23,SKU0168,635,0,10.0,254
2022-05-30,SKU0168,515,0,10.0,254
2022-06-06,SKU0168,430,0,10.0,254
2022-06-13,SKU0168,330,0,10.0,254
2022-06-20,SKU0168,210,1426,10.0,254
2022-06-27,SKU0168,914,1437,10.0,254
2022-07-04,SKU0168,799,0,10.0,254
2022-07-11,SKU0168,696,0,10.0,254
2022-07-18,SKU0168,608,0,10.0,254
2022-07-25,SKU0168,487,0,10.0,254
2022-08-01,SKU0168,411,0,10.0,254
2022-08-08,SKU0168,280,0,10.0,254
2022-08-15,SKU0168,188,1154,10.0,254
2022-08-22,SKU0168,124,1055,10.0,254
2022-08-29,SKU0168,1133,1274,10.0,254
2022-09-05,SKU0168,970,0,10.0,254
2022-09-12,SKU0168,842,0,10.0,254
2022-09-19,SKU0168,652,0,10.0,254
2022-09-26,SKU0168,491,0,10.0,254
2022-10-03,SKU0168,369,0,10.0,254
2022-10-10,SKU0168,195,1677,10.0,254
2022-10-17,SKU0168,66,1521,10.0,254
2022-10-24,SKU0168,1300,1001,10.0,254
2022-10-31,SKU0168,1211,0,10.0,254
2022-11-07,SKU0168,1041,0,10.0,254
2022-11-14,SKU0168,928,0,10.0,254
2022-11-21,SKU0168,728,0,10.0,254
2022-11-28,SKU0168,592,0,10.0,254
2022-12-05,SKU0168,436,0,10.0,254
2022-12-12,SKU0168,216,1829,10.0,254
2022-12-19,SKU0168,68,1661,10.0,254
2022-12-26,SKU0168,0,1642,10.0,254
2023-01-02,SKU0168,0,1259,10.0,254
2023-01-09,SKU0168,0,1771,10.0,254
2023-01-16,SKU0168,0,1031,10.0,254
2023-01-23,SKU0168,0,979,10.0,254
2023-01-30,SKU0168,0,1594,10.0,254
2023-02-06,SKU0168,0,1260,10.0,254
2023-02-13,SKU0168,0,985,10.0,254
2023-02-20,SKU0168,0,1498,10.0,254
2023-02-27,SKU0168,0,1548,10.0,254
2023-03-06,SKU0168,0,963,10.0,254
2023-03-13,SKU0168,0,1140,10.0,254
2023-03-20,SKU0168,877,1441,10.0,254
2023-03-27,SKU0168,727,0,10.0,254
2023-04-03,SKU0168,563,0,10.0,254
2023-04-10,SKU0168,470,0,10.0,254
2023-04-17,SKU0168,371,0,10.0,254
2023-04-24,SKU0168,214,1123,10.0,254
2023-05-01,SKU0168,112,1370,10.0,254
2023-05-08,SKU0168,1033,1404,10.0,254
2023-05-15,SKU0168,886,0,10.0,254
2023-05-22,SKU0168,804,0,10.0,254
2023-05-29,SKU0168,709,0,10.0,254
2023-06-05,SKU0168,603,0,10.0,254
2023-06-12,SKU0168,481,0,10.0,254
2023-06-19,SKU0168,403,0,10.0,254
2023-06-26,SKU0168,278,0,10.0,254
2023-07-03,SKU0168,147,1458,10.0,254
2023-07-10,SKU0168,61,1812,10.0,254
2023-07-17,SKU0168,0,1003,10.0,254
2023-07-24,SKU0168,0,1397,10.0,254
2023-07-31,SKU0168,0,987,10.0,254
2023-08-07,SKU0168,0,1271,10.0,254
2023-08-14,SKU0168,981,1298,10.0,254
2023-08-21,SKU0168,877,0,10.0,254
2023-08-28,SKU0168,767,0,10.0,254
2023-09-04,SKU0168,666,0,10.0,254
2023-09-11,SKU0168,468,0,10.0,254
2023-09-18,SKU0168,277,0,10.0,254
2023-09-25,SKU0168,1211,1809,,254
2023-10-02,SKU0168,1064,0,10.0,254
2023-10-09,SKU0168,949,0,10.0,254
2023-10-16,SKU0168,769,0,10.0,254
2023-10-23,SKU0168,670,0,10.0,254
2023-10-30,SKU0168,503,0,10.0,254
2023-11-06,SKU0168,400,0,,254
2023-11-13,SKU0168,1634,1697,10.0,254
2023-11-20,SKU0168,1474,0,10.0,254
2023-11-27,SKU0168,1270,0,10.0,254
2023-12-04,SKU0168,1058,0,10.0,254
2023-12-11,SKU0168,834,0,10.0,254
2023-12-18,SKU0168,666,0,10.0,254
2023-12-25,SKU0168,493,0,10.0,254
2022-01-03,SKU0169,110,0,30.0,58
2022-01-10,SKU0169,94,0,30.0,58
2022-01-17,SKU0169,83,0,30.0,58
2022-01-24,SKU0169,67,0,30.0,58
2022-01-31,SKU0169,149,100,30.0,58
2022-02-07,SKU0169,140,0,30.0,58
2022-02-14,SKU0169,126,0,30.0,58
2022-02-21,SKU0169,111,0,30.0,58
2022-02-28,SKU0169,102,0,30.0,58
2022-03-07,SKU0169,93,0,30.0,58
2022-03-14,SKU0169,87,0,30.0,58
2022-03-21,SKU0169,81,0,30.0,58
2022-03-28,SKU0169,72,0,30.0,58
2022-04-04,SKU0169,63,0,30.0,58
2022-04-11,SKU0169,161,89,30.0,58
2022-04-18,SKU0169,152,0,30.0,58
2022-04-25,SKU0169,146,0,30.0,58
2022-05-02,SKU0169,141,0,30.0,58
2022-05-09,SKU0169,132,0,30.0,58
2022-05-16,SKU0169,122,0,30.0,58
2022-05-23,SKU0169,113,0,30.0,58
2022-05-30,SKU0169,102,0,30.0,58
2022-06-06,SKU0169,94,0,30.0,58
2022-06-13,SKU0169,86,0,30.0,58
2022-06-20,SKU0169,77,0,30.0,58
2022-06-27,SKU0169,70,0,30.0,58
2022-07-04,SKU0169,64,0,30.0,58
2022-07-11,SKU0169,54,142,30.0,58
2022-07-18,SKU0169,50,117,30.0,58
2022-07-25,SKU0169,136,114,30.0,58
2022-08-01,SKU0169,129,0,30.0,58
2022-08-08,SKU0169,119,0,30.0,58
2022-08-15,SKU0169,111,0,30.0,58
2022-08-22,SKU0169,104,0,30.0,58
2022-08-29,SKU0169,96,0,30.0,58
2022-09-05,SKU0169,89,0,30.0,58
2022-09-12,SKU0169,74,0,30.0,58
2022-09-19,SKU0169,59,0,30.0,58
2022-09-26,SKU0169,50,112,30.0,58
2022-10-03,SKU0169,101,100,30.0,58
2022-10-10,SKU0169,88,0,30.0,58
2022-10-17,SKU0169,78,0,30.0,58
2022-10-24,SKU0169,63,0,30.0,58
2022-10-31,SKU0169,54,140,30.0,58
2022-11-07,SKU0169,47,78,30.0,58
2022-11-14,SKU0169,39,135,30.0,58
2022-11-21,SKU0169,25,128,30.0,58
2022-11-28,SKU0169,13,134,30.0,58
2022-12-05,SKU0169,0,97,30.0,58
2022-12-12,SKU0169,64,83,30.0,58
2022-12-19,SKU0169,53,139,30.0,58
2022-12-26,SKU0169,99,98,30.0,58
2023-01-02,SKU0169,85,0,30.0,58
2023-01-09,SKU0169,69,0,30.0,58
2023-01-16,SKU0169,61,0,30.0,58
2023-01-23,SKU0169,45,74,30.0,58
2023-01-30,SKU0169,36,99,30.0,58
2023-02-06,SKU0169,102,112,30.0,58
2023-02-13,SKU0169,92,0,30.0,58
2023-02-20,SKU0169,81,0,30.0,58
2023-02-27,SKU0169,71,0,30.0,58
2023-03-06,SKU0169,64,0,30.0,58
2023-03-13,SKU0169,59,0,30.0,58
2023-03-20,SKU0169,145,79,30.0,58
2023-03-27,SKU0169,134,0,30.0,58
2023-04-03,SKU0169,125,0,30.0,58
2023-04-10,SKU0169,115,0,30.0,58
2023-04-17,SKU0169,108,0,30.0,58
2023-04-24,SKU0169,101,0,30.0,58
2023-05-01,SKU0169,91,0,30.0,58
2023-05-08,SKU0169,83,0,30.0,58
2023-05-15,SKU0169,74,0,30.0,58
2023-05-22,SKU0169,62,0,30.0,58
2023-05-29,SKU0169,154,97,30.0,58
2023-06-05,SKU0169,145,0,30.0,58
2023-06-12,SKU0169,135,0,30.0,58
2023-06-19,SKU0169,127,0,30.0,58
2023-06-26,SKU0169,123,0,30.0,58
2023-07-03,SKU0169,114,0,30.0,58
2023-07-10,SKU0169,107,0,30.0,58
2023-07-17,SKU0169,97,0,30.0,58
2023-07-24,SKU0169,90,0,30.0,58
2023-07-31,SKU0169,84,0,30.0,58
2023-08-07,SKU0169,76,0,30.0,58
2023-08-14,SKU0169,67,0,30.0,58
2023-08-21,SKU0169,119,96,30.0,58
2023-08-28,SKU0169,109,0,30.0,58
2023-09-04,SKU0169,97,0,30.0,58
2023-09-11,SKU0169,85,0,30.0,58
2023-09-18,SKU0169,73,0,30.0,58
2023-09-25,SKU0169,59,0,30.0,58
2023-10-02,SKU0169,53,127,30.0,58
2023-10-09,SKU0169,145,97,30.0,58
2023-10-16,SKU0169,137,0,30.0,58
2023-10-23,SKU0169,122,0,30.0,58
2023-10-30,SKU0169,112,0,30.0,58
2023-11-06,SKU0169,105,0,30.0,58
2023-11-13,SKU0169,94,0,30.0,58
2023-11-20,SKU0169,81,0,30.0,58
2023-11-27,SKU0169,72,0,30.0,58
2023-12-04,SKU0169,59,0,30.0,58
2023-12-11,SKU0169,42,86,30.0,58
2023-12-18,SKU0169,28,131,30.0,58
2023-12-25,SKU0169,17,80,30.0,58
2022-01-03,SKU0170,58,0,14.0,14
2022-01-10,SKU0170,54,0,14.0,14
2022-01-17,SKU0170,46,0,14.0,14
2022-01-24,SKU0170,42,0,,14
2022-01-31,SKU0170,34,0,14.0,14
2022-02-07,SKU0170,26,0,14.0,14
2022-02-14,SKU0170,22,0,14.0,14
2022-02-21,SKU0170,16,0,14.0,14
2022-02-28,SKU0170,10,66,14.0,14
2022-03-07,SKU0170,7,67,14.0,14
2022-03-14,SKU0170,4,78,14.0,14
2022-03-21,SKU0170,0,46,14.0,14
2022-03-28,SKU0170,0,75,14.0,14
2022-04-04,SKU0170,0,60,14.0,14
2022-04-11,SKU0170,51,71,14.0,14
2022-04-18,SKU0170,47,0,14.0,14
2022-04-25,SKU0170,44,0,14.0,14
2022-05-02,SKU0170,41,0,14.0,14
2022-05-09,SKU0170,38,0,14.0,14
2022-05-16,SKU0170,35,0,14.0,14
2022-05-23,SKU0170,31,0,14.0,14
2022-05-30,SKU0170,28,0,14.0,14
2022-06-06,SKU0170,24,0,14.0,14
2022-06-13,SKU0170,22,0,14.0,14
2022-06-20,SKU0170,20,0,14.0,14
2022-06-27,SKU0170,17,0,14.0,14
2022-07-04,SKU0170,15,0,14.0,14
2022-07-11,SKU0170,13,50,14.0,14
2022-07-18,SKU0170,8,47,14.0,14
2022-07-25,SKU0170,3,78,14.0,14
2022-08-01,SKU0170,30,74,14.0,14
2022-08-08,SKU0170,26,0,14.0,14
2022-08-15,SKU0170,23,0,14.0,14
2022-08-22,SKU0170,20,0,14.0,14
2022-08-29,SKU0170,18,0,14.0,14
2022-09-05,SKU0170,60,72,14.0,14
2022-09-12,SKU0170,53,0,14.0,14
2022-09-19,SKU0170,49,0,14.0,14
2022-09-26,SKU0170,43,0,14.0,14
2022-10-03,SKU0170,39,0,14.0,14
2022-10-10,SKU0170,32,0,14.0,14
2022-10-17,SKU0170,24,0,14.0,14
2022-10-24,SKU0170,20,0,14.0,14
2022-10-31,SKU0170,13,39,14.0,14
2022-11-07,SKU0170,49,40,14.0,14
2022-11-14,SKU0170,44,0,14.0,14
2022-11-21,SKU0170,39,0,14.0,14
2022-11-28,SKU0170,35,0,14.0,14
2022-12-05,SKU0170,29,0,14.0,14
2022-12-12,SKU0170,25,0,14.0,14
2022-12-19,SKU0170,19,0,14.0,14
2022-12-26,SKU0170,10,58,14.0,14
2023-01-02,SKU0170,3,49,14.0,14
2023-01-09,SKU0170,0,57,14.0,14
2023-01-16,SKU0170,58,43,14.0,14
2023-01-23,SKU0170,50,0,14.0,14
2023-01-30,SKU0170,42,0,14.0,14
2023-02-06,SKU0170,37,0,14.0,14
2023-02-13,SKU0170,33,0,14.0,14
2023-02-20,SKU0170,26,0,14.0,14
2023-02-27,SKU0170,17,0,14.0,14
2023-03-06,SKU0170,12,68,,14
2023-03-13,SKU0170,7,41,14.0,14
2023-03-20,SKU0170,57,64,14.0,14
2023-03-27,SKU0170,51,0,14.0,14
2023-04-03,SKU0170,47,0,14.0,14
2023-04-10,SKU0170,43,0,14.0,14
2023-04-17,SKU0170,39,0,14.0,14
2023-04-24,SKU0170,33,0,14.0,14
2023-05-01,SKU0170,28,0,14.0,14
2023-05-08,SKU0170,24,0,14.0,14
2023-05-15,SKU0170,20,0,14.0,14
2023-05-22,SKU0170,16,0,14.0,14
2023-05-29,SKU0170,67,56,14.0,14
2023-06-05,SKU0170,63,0,14.0,14
2023-06-12,SKU0170,58,0,14.0,14
2023-06-19,SKU0170,53,0,14.0,14
2023-06-26,SKU0170,48,0,14.0,14
2023-07-03,SKU0170,43,0,14.0,14
2023-07-10,SKU0170,39,0,14.0,14
2023-07-17,SKU0170,34,0,14.0,14
2023-07-24,SKU0170,30,0,14.0,14
2023-07-31,SKU0170,26,0,14.0,14
2023-08-07,SKU0170,22,0,14.0,14
2023-08-14,SKU0170,19,0,14.0,14
2023-08-21,SKU0170,15,0,14.0,14
2023-08-28,SKU0170,55,49,14.0,14
2023-09-04,SKU0170,48,0,14.0,14
2023-09-11,SKU0170,43,0,14.0,14
2023-09-18,SKU0170,38,0,14.0,14
2023-09-25,SKU0170,35,0,14.0,14
2023-10-02,SKU0170,30,0,14.0,14
2023-10-09,SKU0170,23,0,14.0,14
2023-10-16,SKU0170,16,0,14.0,14
2023-10-23,SKU0170,57,50,14.0,14
2023-10-30,SKU0170,54,0,14.0,14
2023-11-06,SKU0170,47,0,14.0,14
2023-11-13,SKU0170,42,0,14.0,14
2023-11-20,SKU0170,36,0,14.0,14
2023-11-27,SKU0170,31,0,14.0,14
2023-12-04,SKU0170,24,0,14.0,14
2023-12-11,SKU0170,17,0,14.0,14
2023-12-18,SKU0170,55,54,14.0,14
2023-12-25,SKU0170,48,0,14.0,14
2022-01-03,SKU0171,11,0,7.0,6
2022-01-10,SKU0171,8,0,7.0,6
2022-01-17,SKU0171,50,35,7.0,6
2022-01-24,SKU0171,45,0,7.0,6
2022-01-31,SKU0171,42,0,7.0,6
2022-02-07,SKU0171,35,0,,6
2022-02-14,SKU0171,27,0,7.0,6
2022-02-21,SKU0171,22,0,7.0,6
2022-02-28,SKU0171,16,0,7.0,6
2022-03-07,SKU0171,11,0,7.0,6
2022-03-14,SKU0171,7,0,7.0,6
2022-03-21,SKU0171,2,63,7.0,6
2022-03-28,SKU0171,41,33,7.0,6
2022-04-04,SKU0171,38,0,7.0,6
2022-04-11,SKU0171,34,0,7.0,6
2022-04-18,SKU0171,31,0,7.0,6
2022-04-25,SKU0171,27,0,7.0,6
2022-05-02,SKU0171,24,0,7.0,6
2022-05-09,SKU0171,21,0,7.0,6
2022-05-16,SKU0171,16,0,7.0,6
2022-05-23,SKU0171,11,0,7.0,6
2022-05-30,SKU0171,6,38,7.0,6
2022-06-06,SKU0171,4,61,7.0,6
2022-06-13,SKU0171,39,49,7.0,6
2022-06-20,SKU0171,35,0,7.0,6
2022-06-27,SKU0171,33,0,7.0,6
2022-07-04,SKU0171,31,0,7.0,6
2022-07-11,SKU0171,27,0,7.0,6
2022-07-18,SKU0171,25,0,7.0,6
2022-07-25,SKU0171,23,0,7.0,6
2022-08-01,SKU0171,21,0,7.0,6
2022-08-08,SKU0171,18,0,7.0,6
2022-08-15,SKU0171,16,0,7.0,6
2022-08-22,SKU0171,14,0,7.0,6
2022-08-29,SKU0171,10,0,,6
2022-09-05,SKU0171,6,42,7.0,6
2022-09-12,SKU0171,2,52,7.0,6
2022-09-19,SKU0171,0,53,7.0,6
2022-09-26,SKU0171,0,41,7.0,6
2022-10-03,SKU0171,0,46,7.0,6
2022-10-10,SKU0171,45,35,7.0,6
2022-10-17,SKU0171,41,0,7.0,6
2022-10-24,SKU0171,37,0,7.0,6
2022-10-31,SKU0171,34,0,7.0,6
2022-11-07,SKU0171,31,0,7.0,6
2022-11-14,SKU0171,25,0,7.0,6
2022-11-21,SKU0171,19,0,7.0,6
2022-11-28,SKU0171,13,0,7.0,6
2022-12-05,SKU0171,6,57,7.0,6
2022-12-12,SKU0171,1,46,7.0,6
2022-12-19,SKU0171,0,34,7.0,6
2022-12-26,SKU0171,0,34,7.0,6
2023-01-02,SKU0171,46,50,7.0,6
2023-01-09,SKU0171,40,0,7.0,6
2023-01-16,SKU0171,36,0,7.0,6
2023-01-23,SKU0171,30,0,7.0,6
2023-01-30,SKU0171,22,0,7.0,6
2023-02-06,SKU0171,16,0,7.0,6
2023-02-13,SKU0171,10,0,7.0,6
2023-02-20,SKU0171,51,43,7.0,6
2023-02-27,SKU0171,46,0,7.0,6
2023-03-06,SKU0171,43,0,7.0,6
2023-03-13,SKU0171,41,0,7.0,6
2023-03-20,SKU0171,39,0,7.0,6
2023-03-27,SKU0171,36,0,7.0,6
2023-04-03,SKU0171,34,0,7.0,6
2023-04-10,SKU0171,32,0,7.0,6
2023-04-17,SKU0171,29,0,7.0,6
2023-04-24,SKU0171,26,0,7.0,6
2023-05-01,SKU0171,22,0,7.0,6
2023-05-08,SKU0171,17,0,7.0,6
2023-05-15,SKU0171,12,0,7.0,6
2023-05-22,SKU0171,7,0,7.0,6
2023-05-29,SKU0171,30,55,7.0,6
2023-06-05,SKU0171,27,0,7.0,6
2023-06-12,SKU0171,23,0,7.0,6
2023-06-19,SKU0171,19,0,7.0,6
2023-06-26,SKU0171,17,0,7.0,6
2023-07-03,SKU0171,13,0,7.0,6
2023-07-10,SKU0171,11,0,7.0,6
2023-07-17,SKU0171,9,0,7.0,6
2023-07-24,SKU0171,7,0,7.0,6
2023-07-31,SKU0171,5,51,7.0,6
2023-08-07,SKU0171,2,46,7.0,6
2023-08-14,SKU0171,0,63,7.0,6
2023-08-21,SKU0171,27,52,7.0,6
2023-08-28,SKU0171,23,0,7.0,6
2023-09-04,SKU0171,18,0,7.0,6
2023-09-11,SKU0171,13,0,7.0,6
2023-09-18,SKU0171,8,0,7.0,6
2023-09-25,SKU0171,28,45,7.0,6
2023-10-02,SKU0171,25,0,7.0,6
2023-10-09,SKU0171,22,0,7.0,6
2023-10-16,SKU0171,19,0,7.0,6
2023-10-23,SKU0171,13,0,7.0,6
2023-10-30,SKU0171,9,0,7.0,6
2023-11-06,SKU0171,4,58,7.0,6
2023-11-13,SKU0171,35,45,7.0,6
2023-11-20,SKU0171,29,0,7.0,6
2023-11-27,SKU0171,23,0,7.0,6
2023-12-04,SKU0171,17,0,7.0,6
2023-12-11,SKU0171,13,0,7.0,6
2023-12-18,SKU0171,8,0,7.0,6
2023-12-25,SKU0171,2,51,7.0,6
2022-01-03,SKU0172,11,56,14.0,13
2022-01-10,SKU0172,7,66,14.0,13
2022-01-17,SKU0172,47,43,14.0,13
2022-01-24,SKU0172,39,0,14.0,13
2022-01-31,SKU0172,31,0,14.0,13
2022-02-07,SKU0172,24,0,14.0,13
2022-02-14,SKU0172,16,0,14.0,13
2022-02-21,SKU0172,40,63,14.0,13
2022-02-28,SKU0172,36,0,14.0,13
2022-03-07,SKU0172,31,0,14.0,13
2022-03-14,SKU0172,27,0,14.0,13
2022-03-21,SKU0172,23,0,14.0,13
2022-03-28,SKU0172,19,0,14.0,13
2022-04-04,SKU0172,17,0,14.0,13
2022-04-11,SKU0172,14,0,14.0,13
2022-04-18,SKU0172,60,49,14.0,13
2022-04-25,SKU0172,56,0,14.0,13
2022-05-02,SKU0172,51,0,14.0,13
2022-05-09,SKU0172,48,0,14.0,13
2022-05-16,SKU0172,46,0,14.0,13
2022-05-23,SKU0172,41,0,14.0,13
2022-05-30,SKU0172,37,0,14.0,13
2022-06-06,SKU0172,35,0,14.0,13
2022-06-13,SKU0172,31,0,14.0,13
2022-06-20,SKU0172,27,0,14.0,13
2022-06-27,SKU0172,24,0,14.0,13
2022-07-04,SKU0172,22,0,14.0,13
2022-07-11,SKU0172,20,0,14.0,13
2022-07-18,SKU0172,16,0,14.0,13
2022-07-25,SKU0172,14,0,14.0,13
2022-08-01,SKU0172,64,48,14.0,13
2022-08-08,SKU0172,59,0,14.0,13
2022-08-15,SKU0172,56,0,,13
2022-08-22,SKU0172,51,0,14.0,13
2022-08-29,SKU0172,49,0,14.0,13
2022-09-05,SKU0172,43,0,14.0,13
2022-09-12,SKU0172,39,0,14.0,13
2022-09-19,SKU0172,32,0,14.0,13
2022-09-26,SKU0172,25,0,14.0,13
2022-10-03,SKU0172,21,0,14.0,13
2022-10-10,SKU0172,14,0,14.0,13
2022-10-17,SKU0172,10,47,14.0,13
2022-10-24,SKU0172,6,47,14.0,13
2022-10-31,SKU0172,30,40,14.0,13
2022-11-07,SKU0172,25,0,14.0,13
2022-11-14,SKU0172,21,0,14.0,13
2022-11-21,SKU0172,15,0,14.0,13
2022-11-28,SKU0172,50,50,14.0,13
2022-12-05,SKU0172,42,0,14.0,13
2022-12-12,SKU0172,37,0,14.0,13
2022-12-19,SKU0172,29,0,14.0,13
2022-12-26,SKU0172,24,0,14.0,13
2023-01-02,SKU0172,17,0,14.0,13
2023-01-09,SKU0172,50,60,14.0,13
2023-01-16,SKU0172,44,0,14.0,13
2023-01-23,SKU0172,41,0,14.0,13
2023-01-30,SKU0172,37,0,14.0,13
2023-02-06,SKU0172,33,0,14.0,13
2023-02-13,SKU0172,28,0,14.0,13
2023-02-20,SKU0172,24,0,14.0,13
2023-02-27,SKU0172,17,0,14.0,13
2023-03-06,SKU0172,11,63,14.0,13
2023-03-13,SKU0172,41,57,14.0,13
2023-03-20,SKU0172,37,0,14.0,13
2023-03-27,SKU0172,32,0,14.0,13
2023-04-03,SKU0172,28,0,14.0,13
2023-04-10,SKU0172,24,0,14.0,13
2023-04-17,SKU0172,20,0,14.0,13
2023-04-24,SKU0172,15,0,14.0,13
2023-05-01,SKU0172,10,59,14.0,13
2023-05-08,SKU0172,5,52,14.0,13
2023-05-15,SKU0172,0,58,14.0,13
2023-05-22,SKU0172,39,51,14.0,13
2023-05-29,SKU0172,36,0,14.0,13
2023-06-05,SKU0172,33,0,14.0,13
2023-06-12,SKU0172,29,0,14.0,13
2023-06-19,SKU0172,24,0,14.0,13
2023-06-26,SKU0172,20,0,14.0,13
2023-07-03,SKU0172,17,0,14.0,13
2023-07-10,SKU0172,14,0,14.0,13
2023-07-17,SKU0172,41,62,14.0,13
2023-07-24,SKU0172,37,0,14.0,13
2023-07-31,SKU0172,34,0,14.0,13
2023-08-07,SKU0172,31,0,14.0,13
2023-08-14,SKU0172,28,0,14.0,13
2023-08-21,SKU0172,26,0,14.0,13
2023-08-28,SKU0172,24,0,14.0,13
2023-09-04,SKU0172,18,0,14.0,13
2023-09-11,SKU0172,63,50,14.0,13
2023-09-18,SKU0172,57,0,14.0,13
2023-09-25,SKU0172,52,0,14.0,13
2023-10-02,SKU0172,45,0,14.0,13
2023-10-09,SKU0172,39,0,14.0,13
2023-10-16,SKU0172,34,0,14.0,13
2023-10-23,SKU0172,29,0,14.0,13
2023-10-30,SKU0172,23,0,14.0,13
2023-11-06,SKU0172,16,0,14.0,13
2023-11-13,SKU0172,10,44,14.0,13
2023-11-20,SKU0172,3,54,14.0,13
2023-11-27,SKU0172,46,66,14.0,13
2023-12-04,SKU0172,42,0,14.0,13
2023-12-11,SKU0172,36,0,14.0,13
2023-12-18,SKU0172,28,0,14.0,13
2023-12-25,SKU0172,21,0,14.0,13
2022-01-03,SKU0173,135,0,30.0,71
2022-01-10,SKU0173,124,0,30.0,71
2022-01-17,SKU0173,110,0,30.0,71
2022-01-24,SKU0173,100,0,30.0,71
2022-01-31,SKU0173,82,0,30.0,71
2022-02-07,SKU0173,62,139,30.0,71
2022-02-14,SKU0173,52,94,30.0,71
2022-02-21,SKU0173,36,101,30.0,71
2022-02-28,SKU0173,17,97,30.0,71
2022-03-07,SKU0173,73,156,30.0,71
2022-03-14,SKU0173,61,141,30.0,71
2022-03-21,SKU0173,49,95,30.0,71
2022-03-28,SKU0173,39,89,30.0,71
2022-04-04,SKU0173,25,104,30.0,71
2022-04-11,SKU0173,108,131,30.0,71
2022-04-18,SKU0173,97,0,30.0,71
2022-04-25,SKU0173,90,0,30.0,71
2022-05-02,SKU0173,78,0,30.0,71
2022-05-09,SKU0173,159,176,30.0,71
2022-05-16,SKU0173,144,0,30.0,71
2022-05-23,SKU0173,129,0,30.0,71
2022-05-30,SKU0173,120,0,30.0,71
2022-06-06,SKU0173,111,0,30.0,71
2022-06-13,SKU0173,101,0,30.0,71
2022-06-20,SKU0173,95,0,30.0,71
2022-06-27,SKU0173,83,0,30.0,71
2022-07-04,SKU0173,76,0,30.0,71
2022-07-11,SKU0173,70,118,30.0,71
2022-07-18,SKU0173,163,89,30.0,71
2022-07-25,SKU0173,150,0,30.0,71
2022-08-01,SKU0173,142,0,30.0,71
2022-08-08,SKU0173,136,0,30.0,71
2022-08-15,SKU0173,127,0,,71
2022-08-22,SKU0173,122,0,30.0,71
2022-08-29,SKU0173,113,0,30.0,71
2022-09-05,SKU0173,101,0,30.0,71
2022-09-12,SKU0173,89,0,30.0,71
2022-09-19,SKU0173,78,0,30.0,71
2022-09-26,SKU0173,148,118,30.0,71
2022-10-03,SKU0173,129,0,30.0,71
2022-10-10,SKU0173,112,0,30.0,71
2022-10-17,SKU0173,94,0,30.0,71
2022-10-24,SKU0173,79,0,30.0,71
2022-10-31,SKU0173,63,108,30.0,71
2022-11-07,SKU0173,49,134,30.0,71
2022-11-14,SKU0173,156,118,30.0,71
2022-11-21,SKU0173,144,0,30.0,71
2022-11-28,SKU0173,127,0,30.0,71
2022-12-05,SKU0173,115,0,30.0,71
2022-12-12,SKU0173,102,0,30.0,71
2022-12-19,SKU0173,85,0,30.0,71
2022-12-26,SKU0173,73,0,30.0,71
2023-01-02,SKU0173,149,171,30.0,71
2023-01-09,SKU0173,134,0,30.0,71
2023-01-16,SKU0173,115,0,30.0,71
2023-01-23,SKU0173,100,0,30.0,71
2023-01-30,SKU0173,90,0,30.0,71
2023-02-06,SKU0173,73,0,30.0,71
2023-02-13,SKU0173,164,132,30.0,71
2023-02-20,SKU0173,149,0,30.0,71
2023-02-27,SKU0173,134,0,30.0,71
2023-03-06,SKU0173,126,0,30.0,71
2023-03-13,SKU0173,113,0,30.0,71
2023-03-20,SKU0173,100,0,30.0,71
2023-03-27,SKU0173,87,0,30.0,71
2023-04-03,SKU0173,77,0,30.0,71
2023-04-10,SKU0173,179,146,30.0,71
2023-04-17,SKU0173,170,0,30.0,71
2023-04-24,SKU0173,163,0,30.0,71
2023-05-01,SKU0173,152,0,30.0,71
2023-05-08,SKU0173,145,0,30.0,71
2023-05-15,SKU0173,138,0,30.0,71
2023-05-22,SKU0173,126,0,30.0,71
2023-05-29,SKU0173,113,0,30.0,71
2023-06-05,SKU0173,104,0,30.0,71
2023-06-12,SKU0173,92,0,30.0,71
2023-06-19,SKU0173,86,0,30.0,71
2023-06-26,SKU0173,74,0,30.0,71
2023-07-03,SKU0173,64,130,30.0,71
2023-07-10,SKU0173,55,116,30.0,71
2023-07-17,SKU0173,43,113,30.0,71
2023-07-24,SKU0173,35,103,30.0,71
2023-07-31,SKU0173,113,95,30.0,71
2023-08-07,SKU0173,103,0,30.0,71
2023-08-14,SKU0173,94,0,30.0,71
2023-08-21,SKU0173,83,0,30.0,71
2023-08-28,SKU0173,76,0,30.0,71
2023-09-04,SKU0173,187,107,30.0,71
2023-09-11,SKU0173,173,0,30.0,71
2023-09-18,SKU0173,164,0,30.0,71
2023-09-25,SKU0173,146,0,30.0,71
2023-10-02,SKU0173,128,0,30.0,71
2023-10-09,SKU0173,118,0,30.0,71
2023-10-16,SKU0173,107,0,30.0,71
2023-10-23,SKU0173,90,0,30.0,71
2023-10-30,SKU0173,74,0,30.0,71
2023-11-06,SKU0173,65,133,30.0,71
2023-11-13,SKU0173,55,117,30.0,71
2023-11-20,SKU0173,44,168,30.0,71
2023-11-27,SKU0173,26,112,30.0,71
2023-12-04,SKU0173,128,170,30.0,71
2023-12-11,SKU0173,112,0,30.0,71
2023-12-18,SKU0173,95,0,30.0,71
2023-12-25,SKU0173,82,0,30.0,71
2022-01-03,SKU0174,52,250,14.0,55
2022-01-10,SKU0174,223,292,14.0,55
2022-01-17,SKU0174,204,0,14.0,55
2022-01-24,SKU0174,176,0,,55
2022-01-31,SKU0174,158,0,14.0,55
2022-02-07,SKU0174,131,0,14.0,55
2022-02-14,SKU0174,102,0,,55
2022-02-21,SKU0174,85,0,14.0,55
2022-02-28,SKU0174,57,0,14.0,55
2022-03-07,SKU0174,38,192,,55
2022-03-14,SKU0174,158,177,14.0,55
2022-03-21,SKU0174,138,0,14.0,55
2022-03-28,SKU0174,113,0,14.0,55
2022-04-04,SKU0174,98,0,14.0,55
2022-04-11,SKU0174,82,0,14.0,55
2022-04-18,SKU0174,62,0,14.0,55
2022-04-25,SKU0174,223,270,14.0,55
2022-05-02,SKU0174,209,0,14.0,55
2022-05-09,SKU0174,193,0,14.0,55
2022-05-16,SKU0174,177,0,14.0,55
2022-05-23,SKU0174,164,0,14.0,55
2022-05-30,SKU0174,150,0,14.0,55
2022-06-06,SKU0174,133,0,14.0,55
2022-06-13,SKU0174,122,0,14.0,55
2022-06-20,SKU0174,102,0,14.0,55
2022-06-27,SKU0174,92,0,14.0,55
2022-07-04,SKU0174,73,0,14.0,55
2022-07-11,SKU0174,57,0,14.0,55
2022-07-18,SKU0174,47,225,14.0,55
2022-07-25,SKU0174,28,201,14.0,55
2022-08-01,SKU0174,14,215,14.0,55
2022-08-08,SKU0174,0,150,14.0,55
2022-08-15,SKU0174,0,218,14.0,55
2022-08-22,SKU0174,0,187,14.0,55
2022-08-29,SKU0174,0,223,14.0,55
2022-09-05,SKU0174,0,208,14.0,55
2022-09-12,SKU0174,0,237,14.0,55
2022-09-19,SKU0174,0,177,14.0,55
2022-09-26,SKU0174,0,264,14.0,55
2022-10-03,SKU0174,0,249,14.0,55
2022-10-10,SKU0174,0,184,14.0,55
2022-10-17,SKU0174,129,160,14.0,55
2022-10-24,SKU0174,107,0,14.0,55
2022-10-31,SKU0174,82,0,14.0,55
2022-11-07,SKU0174,56,0,14.0,55
2022-11-14,SKU0174,41,282,,55
2022-11-21,SKU0174,15,176,14.0,55
2022-11-28,SKU0174,110,163,14.0,55
2022-12-05,SKU0174,93,0,14.0,55
2022-12-12,SKU0174,67,0,14.0,55
2022-12-19,SKU0174,180,215,14.0,55
2022-12-26,SKU0174,149,0,14.0,55
2023-01-02,SKU0174,134,0,14.0,55
2023-01-09,SKU0174,115,0,14.0,55
2023-01-16,SKU0174,95,0,14.0,55
2023-01-23,SKU0174,79,0,14.0,55
2023-01-30,SKU0174,58,0,14.0,55
2023-02-06,SKU0174,203,234,14.0,55
2023-02-13,SKU0174,172,0,14.0,55
2023-02-20,SKU0174,143,0,14.0,55
2023-02-27,SKU0174,112,0,14.0,55
2023-03-06,SKU0174,93,0,14.0,55
2023-03-13,SKU0174,78,0,14.0,55
2023-03-20,SKU0174,60,0,14.0,55
2023-03-27,SKU0174,44,181,14.0,55
2023-04-03,SKU0174,30,267,14.0,55
2023-04-10,SKU0174,166,235,14.0,55
2023-04-17,SKU0174,155,0,14.0,55
2023-04-24,SKU0174,134,0,14.0,55
2023-05-01,SKU0174,122,0,14.0,55
2023-05-08,SKU0174,107,0,14.0,55
2023-05-15,SKU0174,87,0,14.0,55
2023-05-22,SKU0174,64,0,14.0,55
2023-05-29,SKU0174,199,227,14.0,55
2023-06-05,SKU0174,180,0,14.0,55
2023-06-12,SKU0174,167,0,14.0,55
2023-06-19,SKU0174,148,0,14.0,55
2023-06-26,SKU0174,137,0,14.0,55
2023-07-03,SKU0174,118,0,14.0,55
2023-07-10,SKU0174,108,0,14.0,55
2023-07-17,SKU0174,93,0,14.0,55
2023-07-24,SKU0174,80,0,14.0,55
2023-07-31,SKU0174,60,0,14.0,55
2023-08-07,SKU0174,48,204,14.0,55
2023-08-14,SKU0174,38,236,14.0,55
2023-08-21,SKU0174,29,272,14.0,55
2023-08-28,SKU0174,10,193,14.0,55
2023-09-04,SKU0174,0,254,14.0,55
2023-09-11,SKU0174,0,256,14.0,55
2023-09-18,SKU0174,0,254,14.0,55
2023-09-25,SKU0174,174,163,14.0,55
2023-10-02,SKU0174,156,0,14.0,55
2023-10-09,SKU0174,131,0,14.0,55
2023-10-16,SKU0174,101,0,14.0,55
2023-10-23,SKU0174,70,0,14.0,55
2023-10-30,SKU0174,48,176,14.0,55
2023-11-06,SKU0174,28,162,14.0,55
2023-11-13,SKU0174,217,232,14.0,55
2023-11-20,SKU0174,188,0,14.0,55
2023-11-27,SKU0174,172,0,14.0,55
2023-12-04,SKU0174,154,0,14.0,55
2023-12-11,SKU0174,130,0,14.0,55
2023-12-18,SKU0174,100,0,14.0,55
2023-12-25,SKU0174,68,0,14.0,55
2022-01-03,SKU0175,64,271,30.0,109
2022-01-10,SKU0175,42,167,30.0,109
2022-01-17,SKU0175,20,152,,109
2022-01-24,SKU0175,147,241,30.0,109
2022-01-31,SKU0175,128,0,30.0,109
2022-02-07,SKU0175,104,237,30.0,109
2022-02-14,SKU0175,84,240,30.0,109
2022-02-21,SKU0175,60,144,30.0,109
2022-02-28,SKU0175,237,170,30.0,109
2022-03-07,SKU0175,215,0,30.0,109
2022-03-14,SKU0175,193,0,30.0,109
2022-03-21,SKU0175,173,0,30.0,109
2022-03-28,SKU0175,157,0,30.0,109
2022-04-04,SKU0175,140,0,30.0,109
2022-04-11,SKU0175,127,0,30.0,109
2022-04-18,SKU0175,256,239,30.0,109
2022-04-25,SKU0175,236,0,30.0,109
2022-05-02,SKU0175,213,0,30.0,109
2022-05-09,SKU0175,203,0,30.0,109
2022-05-16,SKU0175,187,0,30.0,109
2022-05-23,SKU0175,176,0,30.0,109
2022-05-30,SKU0175,153,0,,109
2022-06-06,SKU0175,142,0,30.0,109
2022-06-13,SKU0175,133,0,30.0,109
2022-06-20,SKU0175,119,0,30.0,109
2022-06-27,SKU0175,105,138,30.0,109
2022-07-04,SKU0175,97,222,30.0,109
2022-07-11,SKU0175,82,233,30.0,109
2022-07-18,SKU0175,248,238,30.0,109
2022-07-25,SKU0175,234,0,30.0,109
2022-08-01,SKU0175,223,0,30.0,109
2022-08-08,SKU0175,204,0,30.0,109
2022-08-15,SKU0175,188,0,30.0,109
2022-08-22,SKU0175,171,0,30.0,109
2022-08-29,SKU0175,151,0,30.0,109
2022-09-05,SKU0175,132,0,30.0,109
2022-09-12,SKU0175,108,153,30.0,109
2022-09-19,SKU0175,82,183,30.0,109
2022-09-26,SKU0175,250,150,30.0,109
2022-10-03,SKU0175,231,0,30.0,109
2022-10-10,SKU0175,208,0,30.0,109
2022-10-17,SKU0175,193,0,30.0,109
2022-10-24,SKU0175,175,0,30.0,109
2022-10-31,SKU0175,157,0,30.0,109
2022-11-07,SKU0175,140,0,30.0,109
2022-11-14,SKU0175,121,0,30.0,109
2022-11-21,SKU0175,97,240,30.0,109
2022-11-28,SKU0175,71,237,30.0,109
2022-12-05,SKU0175,210,188,30.0,109
2022-12-12,SKU0175,193,0,30.0,109
2022-12-19,SKU0175,168,0,30.0,109
2022-12-26,SKU0175,137,0,30.0,109
2023-01-02,SKU0175,117,0,,109
2023-01-09,SKU0175,103,222,30.0,109
2023-01-16,SKU0175,194,166,30.0,109
2023-01-23,SKU0175,178,0,30.0,109
2023-01-30,SKU0175,159,0,30.0,109
2023-02-06,SKU0175,134,0,30.0,109
2023-02-13,SKU0175,222,256,30.0,109
2023-02-20,SKU0175,190,0,30.0,109
2023-02-27,SKU0175,164,0,30.0,109
2023-03-06,SKU0175,142,0,30.0,109
2023-03-13,SKU0175,132,0,30.0,109
2023-03-20,SKU0175,110,0,30.0,109
2023-03-27,SKU0175,91,269,30.0,109
2023-04-03,SKU0175,245,254,30.0,109
2023-04-10,SKU0175,225,0,30.0,109
2023-04-17,SKU0175,205,0,30.0,109
2023-04-24,SKU0175,193,0,30.0,109
2023-05-01,SKU0175,170,0,30.0,109
2023-05-08,SKU0175,156,0,30.0,109
2023-05-15,SKU0175,135,0,30.0,109
2023-05-22,SKU0175,120,0,30.0,109
2023-05-29,SKU0175,97,267,30.0,109
2023-06-05,SKU0175,85,166,30.0,109
2023-06-12,SKU0175,272,246,30.0,109
2023-06-19,SKU0175,254,0,30.0,109
2023-06-26,SKU0175,238,0,30.0,109
2023-07-03,SKU0175,224,0,30.0,109
2023-07-10,SKU0175,207,0,30.0,109
2023-07-17,SKU0175,191,0,30.0,109
2023-07-24,SKU0175,174,0,30.0,109
2023-07-31,SKU0175,164,0,30.0,109
2023-08-07,SKU0175,148,0,30.0,109
2023-08-14,SKU0175,139,0,30.0,109
2023-08-21,SKU0175,129,0,30.0,109
2023-08-28,SKU0175,112,0,,109
2023-09-04,SKU0175,84,215,30.0,109
2023-09-11,SKU0175,236,250,30.0,109
2023-09-18,SKU0175,218,0,30.0,109
2023-09-25,SKU0175,203,0,30.0,109
2023-10-02,SKU0175,185,0,30.0,109
2023-10-09,SKU0175,166,0,30.0,109
2023-10-16,SKU0175,153,0,30.0,109
2023-10-23,SKU0175,140,0,30.0,109
2023-10-30,SKU0175,114,0,30.0,109
2023-11-06,SKU0175,260,223,30.0,109
2023-11-13,SKU0175,238,0,30.0,109
2023-11-20,SKU0175,225,0,30.0,109
2023-11-27,SKU0175,213,0,30.0,109
2023-12-04,SKU0175,184,0,30.0,109
2023-12-11,SKU0175,164,0,30.0,109
2023-12-18,SKU0175,139,0,30.0,109
2023-12-25,SKU0175,123,0,30.0,109
2022-01-03,SKU0176,380,0,14.0,98
2022-01-10,SKU0176,333,0,14.0,98
2022-01-17,SKU0176,280,0,14.0,98
2022-01-24,SKU0176,225,0,14.0,98
2022-01-31,SKU0176,191,0,14.0,98
2022-02-07,SKU0176,156,0,14.0,98
2022-02-14,SKU0176,109,0,14.0,98
2022-02-21,SKU0176,75,478,14.0,98
2022-02-28,SKU0176,296,437,14.0,98
2022-03-07,SKU0176,266,0,14.0,98
2022-03-14,SKU0176,223,0,14.0,98
2022-03-21,SKU0176,194,0,14.0,98
2022-03-28,SKU0176,151,0,14.0,98
2022-04-04,SKU0176,124,0,14.0,98
2022-04-11,SKU0176,80,523,14.0,98
2022-04-18,SKU0176,427,452,14.0,98
2022-04-25,SKU0176,390,0,14.0,98
2022-05-02,SKU0176,368,0,14.0,98
2022-05-09,SKU0176,332,0,14.0,98
2022-05-16,SKU0176,311,0,14.0,98
2022-05-23,SKU0176,290,0,14.0,98
2022-05-30,SKU0176,253,0,14.0,98
2022-06-06,SKU0176,222,0,14.0,98
2022-06-13,SKU0176,192,0,14.0,98
2022-06-20,SKU0176,155,0,14.0,98
2022-06-27,SKU0176,124,0,14.0,98
2022-07-04,SKU0176,101,0,14.0,98
2022-07-11,SKU0176,419,433,14.0,98
2022-07-18,SKU0176,402,0,14.0,98
2022-07-25,SKU0176,374,0,14.0,98
2022-08-01,SKU0176,337,0,14.0,98
2022-08-08,SKU0176,304,0,14.0,98
2022-08-15,SKU0176,285,0,14.0,98
2022-08-22,SKU0176,248,0,14.0,98
2022-08-29,SKU0176,210,0,14.0,98
2022-09-05,SKU0176,176,0,14.0,98
2022-09-12,SKU0176,147,0,14.0,98
2022-09-19,SKU0176,116,0,14.0,98
2022-09-26,SKU0176,61,358,14.0,98
2022-10-03,SKU0176,13,341,14.0,98
2022-10-10,SKU0176,354,454,14.0,98
2022-10-17,SKU0176,321,0,14.0,98
2022-10-24,SKU0176,284,0,14.0,98
2022-10-31,SKU0176,240,0,14.0,98
2022-11-07,SKU0176,188,0,14.0,98
2022-11-14,SKU0176,162,0,14.0,98
2022-11-21,SKU0176,127,0,14.0,98
2022-11-28,SKU0176,74,362,14.0,98
2022-12-05,SKU0176,391,394,14.0,98
2022-12-12,SKU0176,342,0,,98
2022-12-19,SKU0176,288,0,14.0,98
2022-12-26,SKU0176,246,0,14.0,98
2023-01-02,SKU0176,184,0,14.0,98
2023-01-09,SKU0176,155,0,14.0,98
2023-01-16,SKU0176,104,0,14.0,98
2023-01-23,SKU0176,388,302,14.0,98
2023-01-30,SKU0176,328,0,14.0,98
2023-02-06,SKU0176,294,0,14.0,98
2023-02-13,SKU0176,250,0,14.0,98
2023-02-20,SKU0176,212,0,14.0,98
2023-02-27,SKU0176,154,0,14.0,98
2023-03-06,SKU0176,111,0,14.0,98
2023-03-13,SKU0176,74,317,14.0,98
2023-03-20,SKU0176,311,283,14.0,98
2023-03-27,SKU0176,289,0,14.0,98
2023-04-03,SKU0176,246,0,14.0,98
2023-04-10,SKU0176,220,0,14.0,98
2023-04-17,SKU0176,177,0,14.0,98
2023-04-24,SKU0176,135,0,14.0,98
2023-05-01,SKU0176,100,0,14.0,98
2023-05-08,SKU0176,291,431,14.0,98
2023-05-15,SKU0176,247,0,14.0,98
2023-05-22,SKU0176,203,0,14.0,98
2023-05-29,SKU0176,169,0,14.0,98
2023-06-05,SKU0176,144,0,14.0,98
2023-06-12,SKU0176,112,0,14.0,98
2023-06-19,SKU0176,427,406,14.0,98
2023-06-26,SKU0176,404,0,14.0,98
2023-07-03,SKU0176,372,0,14.0,98
2023-07-10,SKU0176,354,0,14.0,98
2023-07-17,SKU0176,319,0,14.0,98
2023-07-24,SKU0176,298,0,14.0,98
2023-07-31,SKU0176,266,0,14.0,98
2023-08-07,SKU0176,244,0,14.0,98
2023-08-14,SKU0176,207,0,14.0,98
2023-08-21,SKU0176,184,0,14.0,98
2023-08-28,SKU0176,165,0,14.0,98
2023-09-04,SKU0176,128,0,14.0,98
2023-09-11,SKU0176,98,355,14.0,98
2023-09-18,SKU0176,44,341,14.0,98
2023-09-25,SKU0176,0,309,14.0,98
2023-10-02,SKU0176,0,514,14.0,98
2023-10-09,SKU0176,373,385,14.0,98
2023-10-16,SKU0176,345,0,14.0,98
2023-10-23,SKU0176,320,0,14.0,98
2023-10-30,SKU0176,275,0,14.0,98
2023-11-06,SKU0176,250,0,14.0,98
2023-11-13,SKU0176,220,0,14.0,98
2023-11-20,SKU0176,172,0,14.0,98
2023-11-27,SKU0176,123,0,14.0,98
2023-12-04,SKU0176,382,483,14.0,98
2023-12-11,SKU0176,347,0,14.0,98
2023-12-18,SKU0176,295,0,14.0,98
2023-12-25,SKU0176,243,0,14.0,98
2022-01-03,SKU0177,25,0,7.0,18
2022-01-10,SKU0177,6,129,7.0,18
2022-01-17,SKU0177,140,175,7.0,18
2022-01-24,SKU0177,124,0,7.0,18
2022-01-31,SKU0177,104,0,7.0,18
2022-02-07,SKU0177,84,0,7.0,18
2022-02-14,SKU0177,71,0,7.0,18
2022-02-21,SKU0177,61,0,7.0,18
2022-02-28,SKU0177,39,0,7.0,18
2022-03-07,SKU0177,30,0,7.0,18
2022-03-14,SKU0177,19,0,7.0,18
2022-03-21,SKU0177,108,150,7.0,18
2022-03-28,SKU0177,96,0,7.0,18
2022-04-04,SKU0177,87,0,7.0,18
2022-04-11,SKU0177,74,0,7.0,18
2022-04-18,SKU0177,58,0,7.0,18
2022-04-25,SKU0177,42,0,7.0,18
2022-05-02,SKU0177,32,0,7.0,18
2022-05-09,SKU0177,24,0,7.0,18
2022-05-16,SKU0177,8,136,7.0,18
2022-05-23,SKU0177,147,120,7.0,18
2022-05-30,SKU0177,138,0,7.0,18
2022-06-06,SKU0177,124,0,7.0,18
2022-06-13,SKU0177,116,0,7.0,18
2022-06-20,SKU0177,107,0,7.0,18
2022-06-27,SKU0177,96,0,7.0,18
2022-07-04,SKU0177,84,0,7.0,18
2022-07-11,SKU0177,72,0,7.0,18
2022-07-18,SKU0177,62,0,7.0,18
2022-07-25,SKU0177,48,0,7.0,18
2022-08-01,SKU0177,36,0,7.0,18
2022-08-08,SKU0177,29,0,7.0,18
2022-08-15,SKU0177,22,0,7.0,18
2022-08-22,SKU0177,117,123,7.0,18
2022-08-29,SKU0177,104,0,7.0,18
2022-09-05,SKU0177,89,0,7.0,18
2022-09-12,SKU0177,71,0,7.0,18
2022-09-19,SKU0177,61,0,7.0,18
2022-09-26,SKU0177,51,0,7.0,18
2022-10-03,SKU0177,41,0,7.0,18
2022-10-10,SKU0177,27,0,7.0,18
2022-10-17,SKU0177,14,117,7.0,18
2022-10-24,SKU0177,114,124,7.0,18
2022-10-31,SKU0177,102,0,7.0,18
2022-11-07,SKU0177,86,0,7.0,18
2022-11-14,SKU0177,77,0,7.0,18
2022-11-21,SKU0177,60,0,7.0,18
2022-11-28,SKU0177,49,0,7.0,18
2022-12-05,SKU0177,25,0,7.0,18
2022-12-12,SKU0177,14,126,7.0,18
2022-12-19,SKU0177,0,141,7.0,18
2022-12-26,SKU0177,0,118,7.0,18
2023-01-02,SKU0177,0,113,7.0,18
2023-01-09,SKU0177,86,170,7.0,18
2023-01-16,SKU0177,73,0,7.0,18
2023-01-23,SKU0177,58,0,7.0,18
2023-01-30,SKU0177,36,0,7.0,18
2023-02-06,SKU0177,26,0,7.0,18
2023-02-13,SKU0177,4,170,7.0,18
2023-02-20,SKU0177,0,191,7.0,18
2023-02-27,SKU0177,0,196,7.0,18
2023-03-06,SKU0177,0,167,7.0,18
2023-03-13,SKU0177,0,99,7.0,18
2023-03-20,SKU0177,0,170,7.0,18
2023-03-27,SKU0177,0,184,7.0,18
2023-04-03,SKU0177,130,120,7.0,18
2023-04-10,SKU0177,122,0,7.0,18
2023-04-17,SKU0177,113,0,7.0,18
2023-04-24,SKU0177,97,0,7.0,18
2023-05-01,SKU0177,88,0,7.0,18
2023-05-08,SKU0177,72,0,7.0,18
2023-05-15,SKU0177,64,0,7.0,18
2023-05-22,SKU0177,55,0,7.0,18
2023-05-29,SKU0177,39,0,7.0,18
2023-06-05,SKU0177,31,0,7.0,18
2023-06-12,SKU0177,18,151,7.0,18
2023-06-19,SKU0177,146,184,7.0,18
2023-06-26,SKU0177,140,0,7.0,18
2023-07-03,SKU0177,132,0,7.0,18
2023-07-10,SKU0177,126,0,7.0,18
2023-07-17,SKU0177,120,0,7.0,18
2023-07-24,SKU0177,107,0,7.0,18
2023-07-31,SKU0177,94,0,7.0,18
2023-08-07,SKU0177,83,0,7.0,18
2023-08-14,SKU0177,72,0,7.0,18
2023-08-21,SKU0177,58,0,7.0,18
2023-08-28,SKU0177,47,0,7.0,18
2023-09-04,SKU0177,36,0,7.0,18
2023-09-11,SKU0177,25,0,7.0,18
2023-09-18,SKU0177,145,177,7.0,18
2023-09-25,SKU0177,134,0,7.0,18
2023-10-02,SKU0177,114,0,7.0,18
2023-10-09,SKU0177,98,0,7.0,18
2023-10-16,SKU0177,79,0,7.0,18
2023-10-23,SKU0177,64,0,7.0,18
2023-10-30,SKU0177,51,0,7.0,18
2023-11-06,SKU0177,40,0,7.0,18
2023-11-13,SKU0177,30,0,7.0,18
2023-11-20,SKU0177,21,0,7.0,18
2023-11-27,SKU0177,98,113,7.0,18
2023-12-04,SKU0177,83,0,7.0,18
2023-12-11,SKU0177,66,0,7.0,18
2023-12-18,SKU0177,46,0,7.0,18
2023-12-25,SKU0177,25,0,7.0,18
2022-01-03,SKU0178,819,0,7.0,104
2022-01-10,SKU0178,717,0,7.0,104
2022-01-17,SKU0178,593,0,7.0,104
2022-01-24,SKU0178,474,0,7.0,104
2022-01-31,SKU0178,351,0,7.0,104
2022-02-07,SKU0178,223,0,7.0,104
2022-02-14,SKU0178,161,0,7.0,104
2022-02-21,SKU0178,92,805,7.0,104
2022-02-28,SKU0178,29,691,7.0,104
2022-03-07,SKU0178,822,671,,104
2022-03-14,SKU0178,770,0,7.0,104
2022-03-21,SKU0178,686,0,7.0,104
2022-03-28,SKU0178,622,0,7.0,104
2022-04-04,SKU0178,576,0,7.0,104
2022-04-11,SKU0178,529,0,7.0,104
2022-04-18,SKU0178,447,0,7.0,104
2022-04-25,SKU0178,402,0,7.0,104
2022-05-02,SKU0178,326,0,7.0,104
2022-05-09,SKU0178,251,0,7.0,104
2022-05-16,SKU0178,176,0,7.0,104
2022-05-23,SKU0178,917,850,7.0,104
2022-05-30,SKU0178,843,0,7.0,104
2022-06-06,SKU0178,784,0,7.0,104
2022-06-13,SKU0178,723,0,7.0,104
2022-06-20,SKU0178,668,0,7.0,104
2022-06-27,SKU0178,604,0,7.0,104
2022-07-04,SKU0178,548,0,7.0,104
2022-07-11,SKU0178,469,0,7.0,104
2022-07-18,SKU0178,404,0,7.0,104
2022-07-25,SKU0178,325,0,7.0,104
2022-08-01,SKU0178,262,0,7.0,104
2022-08-08,SKU0178,221,0,7.0,104
2022-08-15,SKU0178,140,0,7.0,104
2022-08-22,SKU0178,754,873,7.0,104
2022-08-29,SKU0178,680,0,7.0,104
2022-09-05,SKU0178,584,0,7.0,104
2022-09-12,SKU0178,518,0,7.0,104
2022-09-19,SKU0178,445,0,7.0,104
2022-09-26,SKU0178,330,0,7.0,104
2022-10-03,SKU0178,216,0,7.0,104
2022-10-10,SKU0178,153,0,7.0,104
2022-10-17,SKU0178,47,907,7.0,104
2022-10-24,SKU0178,603,1037,7.0,104
2022-10-31,SKU0178,487,0,7.0,104
2022-11-07,SKU0178,374,0,7.0,104
2022-11-14,SKU0178,283,0,7.0,104
2022-11-21,SKU0178,212,0,7.0,104
2022-11-28,SKU0178,142,0,7.0,104
2022-12-05,SKU0178,482,1046,7.0,104
2022-12-12,SKU0178,362,0,7.0,104
2022-12-19,SKU0178,301,0,7.0,104
2022-12-26,SKU0178,207,0,7.0,104
2023-01-02,SKU0178,546,766,7.0,104
2023-01-09,SKU0178,463,0,7.0,104
2023-01-16,SKU0178,374,0,7.0,104
2023-01-23,SKU0178,269,0,7.0,104
2023-01-30,SKU0178,175,0,7.0,104
2023-02-06,SKU0178,87,947,7.0,104
2023-02-13,SKU0178,0,741,7.0,104
2023-02-20,SKU0178,0,824,7.0,104
2023-02-27,SKU0178,0,818,7.0,104
2023-03-06,SKU0178,794,1110,7.0,104
2023-03-13,SKU0178,702,0,7.0,104
2023-03-20,SKU0178,660,0,7.0,104
2023-03-27,SKU0178,574,0,7.0,104
2023-04-03,SKU0178,479,0,7.0,104
2023-04-10,SKU0178,424,0,7.0,104
2023-04-17,SKU0178,361,0,7.0,104
2023-04-24,SKU0178,293,0,7.0,104
2023-05-01,SKU0178,227,0,7.0,104
2023-05-08,SKU0178,159,0,7.0,104
2023-05-15,SKU0178,89,1106,7.0,104
2023-05-22,SKU0178,4,1045,7.0,104
2023-05-29,SKU0178,0,745,7.0,104
2023-06-05,SKU0178,0,947,7.0,104
2023-06-12,SKU0178,561,707,7.0,104
2023-06-19,SKU0178,490,0,7.0,104
2023-06-26,SKU0178,414,0,7.0,104
2023-07-03,SKU0178,369,0,7.0,104
2023-07-10,SKU0178,325,0,7.0,104
2023-07-17,SKU0178,250,0,7.0,104
2023-07-24,SKU0178,172,0,7.0,104
2023-07-31,SKU0178,108,0,7.0,104
2023-08-07,SKU0178,51,576,7.0,104
2023-08-14,SKU0178,461,642,7.0,104
2023-08-21,SKU0178,417,0,7.0,104
2023-08-28,SKU0178,339,0,7.0,104
2023-09-04,SKU0178,236,0,7.0,104
2023-09-11,SKU0178,168,0,7.0,104
2023-09-18,SKU0178,105,0,7.0,104
2023-09-25,SKU0178,2,772,7.0,104
2023-10-02,SKU0178,0,993,7.0,104
2023-10-09,SKU0178,646,887,7.0,104
2023-10-16,SKU0178,550,0,7.0,104
2023-10-23,SKU0178,470,0,7.0,104
2023-10-30,SKU0178,397,0,7.0,104
2023-11-06,SKU0178,308,0,7.0,104
2023-11-13,SKU0178,207,0,7.0,104
2023-11-20,SKU0178,130,0,7.0,104
2023-11-27,SKU0178,42,614,7.0,104
2023-12-04,SKU0178,0,841,7.0,104
2023-12-11,SKU0178,0,1023,7.0,104
2023-12-18,SKU0178,702,749,7.0,104
2023-12-25,SKU0178,617,0,7.0,104
2022-01-03,SKU0179,94,0,10.0,19
2022-01-10,SKU0179,82,0,10.0,19
2022-01-17,SKU0179,73,0,10.0,19
2022-01-24,SKU0179,63,0,10.0,19
2022-01-31,SKU0179,47,0,10.0,19
2022-02-07,SKU0179,38,0,10.0,19
2022-02-14,SKU0179,27,0,10.0,19
2022-02-21,SKU0179,17,104,10.0,19
2022-02-28,SKU0179,90,131,10.0,19
2022-03-07,SKU0179,78,0,10.0,19
2022-03-14,SKU0179,67,0,10.0,19
2022-03-21,SKU0179,57,0,10.0,19
2022-03-28,SKU0179,51,0,10.0,19
2022-04-04,SKU0179,44,0,10.0,19
2022-04-11,SKU0179,35,0,10.0,19
2022-04-18,SKU0179,26,0,10.0,19
2022-04-25,SKU0179,86,114,10.0,19
2022-05-02,SKU0179,74,0,10.0,19
2022-05-09,SKU0179,69,0,10.0,19
2022-05-16,SKU0179,62,0,10.0,19
2022-05-23,SKU0179,54,0,10.0,19
2022-05-30,SKU0179,48,0,10.0,19
2022-06-06,SKU0179,42,0,10.0,19
2022-06-13,SKU0179,35,0,10.0,19
2022-06-20,SKU0179,30,0,10.0,19
2022-06-27,SKU0179,21,0,10.0,19
2022-07-04,SKU0179,14,80,10.0,19
2022-07-11,SKU0179,79,140,10.0,19
2022-07-18,SKU0179,73,0,10.0,19
2022-07-25,SKU0179,64,0,10.0,19
2022-08-01,SKU0179,59,0,10.0,19
2022-08-08,SKU0179,49,0,10.0,19
2022-08-15,SKU0179,40,0,10.0,19
2022-08-22,SKU0179,33,0,10.0,19
2022-08-29,SKU0179,26,0,10.0,19
2022-09-05,SKU0179,105,87,10.0,19
2022-09-12,SKU0179,96,0,10.0,19
2022-09-19,SKU0179,82,0,10.0,19
2022-09-26,SKU0179,69,0,10.0,19
2022-10-03,SKU0179,56,0,10.0,19
2022-10-10,SKU0179,46,0,10.0,19
2022-10-17,SKU0179,33,0,10.0,19
2022-10-24,SKU0179,24,0,10.0,19
2022-10-31,SKU0179,16,122,10.0,19
2022-11-07,SKU0179,2,123,10.0,19
2022-11-14,SKU0179,0,88,10.0,19
2022-11-21,SKU0179,0,110,10.0,19
2022-11-28,SKU0179,77,140,10.0,19
2022-12-05,SKU0179,67,0,10.0,19
2022-12-12,SKU0179,57,0,10.0,19
2022-12-19,SKU0179,41,0,10.0,19
2022-12-26,SKU0179,27,0,10.0,19
2023-01-02,SKU0179,15,93,10.0,19
2023-01-09,SKU0179,73,77,10.0,19
2023-01-16,SKU0179,60,0,10.0,19
2023-01-23,SKU0179,46,0,10.0,19
2023-01-30,SKU0179,36,0,10.0,19
2023-02-06,SKU0179,25,0,10.0,19
2023-02-13,SKU0179,18,137,10.0,19
2023-02-20,SKU0179,4,89,10.0,19
2023-02-27,SKU0179,0,107,10.0,19
2023-03-06,SKU0179,0,97,10.0,19
2023-03-13,SKU0179,83,132,10.0,19
2023-03-20,SKU0179,77,0,10.0,19
2023-03-27,SKU0179,71,0,10.0,19
2023-04-03,SKU0179,61,0,10.0,19
2023-04-10,SKU0179,51,0,10.0,19
2023-04-17,SKU0179,45,0,10.0,19
2023-04-24,SKU0179,35,0,10.0,19
2023-05-01,SKU0179,25,0,10.0,19
2023-05-08,SKU0179,102,128,10.0,19
2023-05-15,SKU0179,90,0,10.0,19
2023-05-22,SKU0179,80,0,10.0,19
2023-05-29,SKU0179,72,0,10.0,19
2023-06-05,SKU0179,67,0,10.0,19
2023-06-12,SKU0179,58,0,10.0,19
2023-06-19,SKU0179,51,0,10.0,19
2023-06-26,SKU0179,46,0,10.0,19
2023-07-03,SKU0179,40,0,10.0,19
2023-07-10,SKU0179,33,0,10.0,19
2023-07-17,SKU0179,28,0,10.0,19
2023-07-24,SKU0179,23,0,10.0,19
2023-07-31,SKU0179,13,104,10.0,19
2023-08-07,SKU0179,4,139,10.0,19
2023-08-14,SKU0179,0,119,10.0,19
2023-08-21,SKU0179,0,95,10.0,19
2023-08-28,SKU0179,0,120,10.0,19
2023-09-04,SKU0179,93,92,10.0,19
2023-09-11,SKU0179,83,0,10.0,19
2023-09-18,SKU0179,76,0,10.0,19
2023-09-25,SKU0179,68,0,10.0,19
2023-10-02,SKU0179,58,0,10.0,19
2023-10-09,SKU0179,48,0,10.0,19
2023-10-16,SKU0179,40,0,10.0,19
2023-10-23,SKU0179,26,0,10.0,19
2023-10-30,SKU0179,75,82,10.0,19
2023-11-06,SKU0179,62,0,10.0,19
2023-11-13,SKU0179,53,0,10.0,19
2023-11-20,SKU0179,41,0,10.0,19
2023-11-27,SKU0179,30,0,10.0,19
2023-12-04,SKU0179,79,119,10.0,19
2023-12-11,SKU0179,64,0,10.0,19
2023-12-18,SKU0179,49,0,10.0,19
2023-12-25,SKU0179,34,0,10.0,19
2022-01-03,SKU0180,1975,0,10.0,682
2022-01-10,SKU0180,1448,0,10.0,682
2022-01-17,SKU0180,1174,0,10.0,682
2022-01-24,SKU0180,742,0,10.0,682
2022-01-31,SKU0180,204,4566,10.0,682
2022-02-07,SKU0180,3759,3993,10.0,682
2022-02-14,SKU0180,3141,0,10.0,682
2022-02-21,SKU0180,2768,0,10.0,682
2022-02-28,SKU0180,2424,0,10.0,682
2022-03-07,SKU0180,1986,0,10.0,682
2022-03-14,SKU0180,1597,0,10.0,682
2022-03-21,SKU0180,1216,0,10.0,682
2022-03-28,SKU0180,994,0,10.0,682
2022-04-04,SKU0180,783,0,10.0,682
2022-04-11,SKU0180,2314,3559,10.0,682
2022-04-18,SKU0180,1928,0,10.0,682
2022-04-25,SKU0180,1716,0,10.0,682
2022-05-02,SKU0180,1422,0,10.0,682
2022-05-09,SKU0180,1030,0,10.0,682
2022-05-16,SKU0180,766,0,10.0,682
2022-05-23,SKU0180,322,4854,10.0,682
2022-05-30,SKU0180,2400,4434,10.0,682
2022-06-06,SKU0180,2213,0,10.0,682
2022-06-13,SKU0180,1906,0,10.0,682
2022-06-20,SKU0180,1693,0,10.0,682
2022-06-27,SKU0180,1475,0,10.0,682
2022-07-04,SKU0180,1219,0,,682
2022-07-11,SKU0180,921,0,10.0,682
2022-07-18,SKU0180,710,0,10.0,682
2022-07-25,SKU0180,392,3089,10.0,682
2022-08-01,SKU0180,38,3890,10.0,682
2022-08-08,SKU0180,0,3385,10.0,682
2022-08-15,SKU0180,0,3151,10.0,682
2022-08-22,SKU0180,1975,4942,10.0,682
2022-08-29,SKU0180,1778,0,,682
2022-09-05,SKU0180,1222,0,10.0,682
2022-09-12,SKU0180,727,0,10.0,682
2022-09-19,SKU0180,457,3332,10.0,682
2022-09-26,SKU0180,79,2888,10.0,682
2022-10-03,SKU0180,0,5079,10.0,682
2022-10-10,SKU0180,2608,5073,10.0,682
2022-10-17,SKU0180,2239,0,10.0,682
2022-10-24,SKU0180,1889,0,10.0,682
2022-10-31,SKU0180,1605,0,10.0,682
2022-11-07,SKU0180,1167,0,10.0,682
2022-11-14,SKU0180,891,0,10.0,682
2022-11-21,SKU0180,335,3601,10.0,682
2022-11-28,SKU0180,0,3354,10.0,682
2022-12-05,SKU0180,3703,3577,10.0,682
2022-12-12,SKU0180,3298,0,10.0,682
2022-12-19,SKU0180,2717,0,10.0,682
2022-12-26,SKU0180,2352,0,10.0,682
2023-01-02,SKU0180,1737,0,10.0,682
2023-01-09,SKU0180,1387,0,10.0,682
2023-01-16,SKU0180,910,0,10.0,682
2023-01-23,SKU0180,3882,3971,10.0,682
2023-01-30,SKU0180,3259,0,10.0,682
2023-02-06,SKU0180,2864,0,10.0,682
2023-02-13,SKU0180,2455,0,10.0,682
2023-02-20,SKU0180,1973,0,10.0,682
2023-02-27,SKU0180,1680,0,10.0,682
2023-03-06,SKU0180,1280,0,10.0,682
2023-03-13,SKU0180,996,0,,682
2023-03-20,SKU0180,715,0,10.0,682
2023-03-27,SKU0180,3959,4145,10.0,682
2023-04-03,SKU0180,3714,0,10.0,682
2023-04-10,SKU0180,3454,0,10.0,682
2023-04-17,SKU0180,3215,0,10.0,682
2023-04-24,SKU0180,2849,0,10.0,682
2023-05-01,SKU0180,2501,0,10.0,682
2023-05-08,SKU0180,2281,0,10.0,682
2023-05-15,SKU0180,1898,0,10.0,682
2023-05-22,SKU0180,1493,0,10.0,682
2023-05-29,SKU0180,1131,0,10.0,682
2023-06-05,SKU0180,872,0,10.0,682
2023-06-12,SKU0180,3551,4344,10.0,682
2023-06-19,SKU0180,3229,0,10.0,682
2023-06-26,SKU0180,2915,0,10.0,682
2023-07-03,SKU0180,2690,0,10.0,682
2023-07-10,SKU0180,2334,0,10.0,682
2023-07-17,SKU0180,2149,0,10.0,682
2023-07-24,SKU0180,1862,0,10.0,682
2023-07-31,SKU0180,1699,0,10.0,682
2023-08-07,SKU0180,1535,0,10.0,682
2023-08-14,SKU0180,1298,0,10.0,682
2023-08-21,SKU0180,1045,0,10.0,682
2023-08-28,SKU0180,753,0,10.0,682
2023-09-04,SKU0180,4013,2667,10.0,682
2023-09-11,SKU0180,3729,0,10.0,682
2023-09-18,SKU0180,3243,0,10.0,682
2023-09-25,SKU0180,2686,0,10.0,682
2023-10-02,SKU0180,2415,0,10.0,682
2023-10-09,SKU0180,1870,0,10.0,682
2023-10-16,SKU0180,1544,0,10.0,682
2023-10-23,SKU0180,1175,0,10.0,682
2023-10-30,SKU0180,927,0,10.0,682
2023-11-06,SKU0180,544,4831,10.0,682
2023-11-13,SKU0180,74,3319,10.0,682
2023-11-20,SKU0180,0,4850,10.0,682
2023-11-27,SKU0180,0,4177,10.0,682
2023-12-04,SKU0180,1975,4177,10.0,682
2023-12-11,SKU0180,1616,0,10.0,682
2023-12-18,SKU0180,1327,0,10.0,682
2023-12-25,SKU0180,1021,0,10.0,682
2023-11-13,SKU0181,58,0,10.0,55
2023-11-20,SKU0181,30,260,10.0,55
2023-11-27,SKU0181,7,368,10.0,55
2023-12-04,SKU0181,0,307,10.0,55
2023-12-11,SKU0181,176,332,10.0,55
2023-12-18,SKU0181,145,0,10.0,55
2023-12-25,SKU0181,118,0,10.0,55
2023-10-09,SKU0182,48,0,14.0,13
2023-10-16,SKU0182,42,0,14.0,13
2023-10-23,SKU0182,38,0,14.0,13
2023-10-30,SKU0182,33,0,14.0,13
2023-11-06,SKU0182,26,0,14.0,13
2023-11-13,SKU0182,20,0,14.0,13
2023-11-20,SKU0182,17,0,14.0,13
2023-11-27,SKU0182,46,65,14.0,13
2023-12-04,SKU0182,41,0,14.0,13
2023-12-11,SKU0182,35,0,14.0,13
2023-12-18,SKU0182,29,0,14.0,13
2023-12-25,SKU0182,22,0,14.0,13
2023-07-10,SKU0183,17,0,10.0,7
2023-07-17,SKU0183,14,0,10.0,7
2023-07-24,SKU0183,11,0,10.0,7
2023-07-31,SKU0183,9,0,10.0,7
2023-08-07,SKU0183,7,44,10.0,7
2023-08-14,SKU0183,37,28,10.0,7
2023-08-21,SKU0183,35,0,10.0,7
2023-08-28,SKU0183,32,0,10.0,7
2023-09-04,SKU0183,30,0,10.0,7
2023-09-11,SKU0183,25,0,10.0,7
2023-09-18,SKU0183,22,0,10.0,7
2023-09-25,SKU0183,18,0,10.0,7
2023-10-02,SKU0183,15,0,10.0,7
2023-10-09,SKU0183,12,0,10.0,7
2023-10-16,SKU0183,7,27,10.0,7
2023-10-23,SKU0183,3,40,10.0,7
2023-10-30,SKU0183,28,27,10.0,7
2023-11-06,SKU0183,24,0,,7
2023-11-13,SKU0183,21,0,10.0,7
2023-11-20,SKU0183,18,0,10.0,7
2023-11-27,SKU0183,14,0,10.0,7
2023-12-04,SKU0183,11,0,10.0,7
2023-12-11,SKU0183,28,37,10.0,7
2023-12-18,SKU0183,24,0,10.0,7
2023-12-25,SKU0183,20,0,10.0,7
2023-09-25,SKU0184,264,0,30.0,139
2023-10-02,SKU0184,242,0,30.0,139
2023-10-09,SKU0184,206,0,30.0,139
2023-10-16,SKU0184,187,0,30.0,139
2023-10-23,SKU0184,165,0,30.0,139
2023-10-30,SKU0184,140,0,30.0,139
2023-11-06,SKU0184,116,215,30.0,139
2023-11-13,SKU0184,84,319,30.0,139
2023-11-20,SKU0184,282,263,30.0,139
2023-11-27,SKU0184,259,0,30.0,139
2023-12-04,SKU0184,232,0,30.0,139
2023-12-11,SKU0184,197,0,30.0,139
2023-12-18,SKU0184,158,0,30.0,139
2023-12-25,SKU0184,135,309,30.0,139
2023-11-27,SKU0185,87,0,7.0,13
2023-12-04,SKU0185,78,0,7.0,13
2023-12-11,SKU0185,63,0,7.0,13
2023-12-18,SKU0185,46,0,7.0,13
2023-12-25,SKU0185,37,0,7.0,13
2023-11-20,SKU0186,211,0,7.0,43
2023-11-27,SKU0186,166,0,7.0,43
2023-12-04,SKU0186,133,0,7.0,43
2023-12-11,SKU0186,86,0,7.0,43
2023-12-18,SKU0186,46,0,7.0,43
2023-12-25,SKU0186,14,456,7.0,43
2023-10-09,SKU0187,202,0,7.0,32
2023-10-16,SKU0187,181,0,7.0,32
2023-10-23,SKU0187,165,0,7.0,32
2023-10-30,SKU0187,145,0,7.0,32
2023-11-06,SKU0187,127,0,7.0,32
2023-11-13,SKU0187,92,0,7.0,32
2023-11-20,SKU0187,69,0,7.0,32
2023-11-27,SKU0187,49,0,7.0,32
2023-12-04,SKU0187,227,233,7.0,32
2023-12-11,SKU0187,190,0,7.0,32
2023-12-18,SKU0187,172,0,7.0,32
2023-12-25,SKU0187,131,0,7.0,32
2023-07-17,SKU0188,67,155,30.0,71
2023-07-24,SKU0188,56,132,30.0,71
2023-07-31,SKU0188,124,90,,71
2023-08-07,SKU0188,117,0,30.0,71
2023-08-14,SKU0188,110,0,30.0,71
2023-08-21,SKU0188,99,0,30.0,71
2023-08-28,SKU0188,87,0,30.0,71
2023-09-04,SKU0188,77,0,30.0,71
2023-09-11,SKU0188,132,110,30.0,71
2023-09-18,SKU0188,120,0,30.0,71
2023-09-25,SKU0188,107,0,30.0,71
2023-10-02,SKU0188,89,0,30.0,71
2023-10-09,SKU0188,81,0,30.0,71
2023-10-16,SKU0188,72,0,30.0,71
2023-10-23,SKU0188,183,105,30.0,71
2023-10-30,SKU0188,167,0,30.0,71
2023-11-06,SKU0188,150,0,30.0,71
2023-11-13,SKU0188,133,0,30.0,71
2023-11-20,SKU0188,120,0,30.0,71
2023-11-27,SKU0188,108,0,30.0,71
2023-12-04,SKU0188,93,0,30.0,71
2023-12-11,SKU0188,74,0,30.0,71
2023-12-18,SKU0188,131,145,30.0,71
2023-12-25,SKU0188,112,0,30.0,71
2023-08-21,SKU0189,32,0,10.0,9
2023-08-28,SKU0189,28,0,10.0,9
2023-09-04,SKU0189,24,0,10.0,9
2023-09-11,SKU0189,17,0,10.0,9
2023-09-18,SKU0189,14,0,10.0,9
2023-09-25,SKU0189,11,0,10.0,9
2023-10-02,SKU0189,4,40,10.0,9
2023-10-09,SKU0189,51,61,10.0,9
2023-10-16,SKU0189,48,0,10.0,9
2023-10-23,SKU0189,42,0,10.0,9
2023-10-30,SKU0189,39,0,10.0,9
2023-11-06,SKU0189,36,0,10.0,9
2023-11-13,SKU0189,33,0,10.0,9
2023-11-20,SKU0189,30,0,10.0,9
2023-11-27,SKU0189,26,0,10.0,9
2023-12-04,SKU0189,19,0,10.0,9
2023-12-11,SKU0189,13,0,10.0,9
2023-12-18,SKU0189,9,55,10.0,9
2023-12-25,SKU0189,4,53,10.0,9
2023-08-07,SKU0190,22,16,21.0,8
2023-08-14,SKU0190,21,0,21.0,8
2023-08-21,SKU0190,20,0,21.0,8
2023-08-28,SKU0190,19,0,21.0,8
2023-09-04,SKU0190,17,0,21.0,8
2023-09-11,SKU0190,15,0,21.0,8
2023-09-18,SKU0190,14,0,21.0,8
2023-09-25,SKU0190,11,0,21.0,8
2023-10-02,SKU0190,9,0,21.0,8
2023-10-09,SKU0190,21,21,21.0,8
2023-10-16,SKU0190,18,0,21.0,8
2023-10-23,SKU0190,16,0,21.0,8
2023-10-30,SKU0190,13,0,21.0,8
2023-11-06,SKU0190,12,0,21.0,8
2023-11-13,SKU0190,9,0,21.0,8
2023-11-20,SKU0190,6,23,21.0,8
2023-11-27,SKU0190,26,24,21.0,8
2023-12-04,SKU0190,23,0,21.0,8
2023-12-11,SKU0190,20,0,21.0,8
2023-12-18,SKU0190,17,0,21.0,8
2023-12-25,SKU0190,16,0,21.0,8
2023-11-13,SKU0191,79,0,21.0,32
2023-11-20,SKU0191,71,0,21.0,32
2023-11-27,SKU0191,61,0,21.0,32
2023-12-04,SKU0191,53,0,21.0,32
2023-12-11,SKU0191,42,0,21.0,32
2023-12-18,SKU0191,34,0,21.0,32
2023-12-25,SKU0191,26,96,21.0,32
2023-07-10,SKU0192,146,0,14.0,102
2023-07-17,SKU0192,126,0,14.0,102
2023-07-24,SKU0192,333,301,14.0,102
2023-07-31,SKU0192,298,0,14.0,102
2023-08-07,SKU0192,260,0,14.0,102
2023-08-14,SKU0192,228,0,14.0,102
2023-08-21,SKU0192,189,0,14.0,102
2023-08-28,SKU0192,154,0,14.0,102
2023-09-04,SKU0192,123,0,14.0,102
2023-09-11,SKU0192,72,390,14.0,102
2023-09-18,SKU0192,341,274,14.0,102
2023-09-25,SKU0192,284,0,14.0,102
2023-10-02,SKU0192,252,0,14.0,102
2023-10-09,SKU0192,216,0,14.0,102
2023-10-16,SKU0192,157,0,14.0,102
2023-10-23,SKU0192,120,0,14.0,102
2023-10-30,SKU0192,408,388,14.0,102
2023-11-06,SKU0192,352,0,14.0,102
2023-11-13,SKU0192,295,0,14.0,102
2023-11-20,SKU0192,246,0,14.0,102
2023-11-27,SKU0192,211,0,14.0,102
2023-12-04,SKU0192,164,0,14.0,102
2023-12-11,SKU0192,101,491,14.0,102
2023-12-18,SKU0192,356,308,14.0,102
2023-12-25,SKU0192,309,0,14.0,102
2023-07-24,SKU0193,67,0,14.0,47
2023-07-31,SKU0193,53,0,14.0,47
2023-08-07,SKU0193,36,192,14.0,47
2023-08-14,SKU0193,27,191,14.0,47
2023-08-21,SKU0193,112,138,14.0,47
2023-08-28,SKU0193,98,0,14.0,47
2023-09-04,SKU0193,76,0,14.0,47
2023-09-11,SKU0193,54,0,14.0,47
2023-09-18,SKU0193,30,127,14.0,47
2023-09-25,SKU0193,181,186,14.0,47
2023-10-02,SKU0193,166,0,14.0,47
2023-10-09,SKU0193,148,0,14.0,47
2023-10-16,SKU0193,125,0,14.0,47
2023-10-23,SKU0193,104,0,14.0,47
2023-10-30,SKU0193,92,0,14.0,47
2023-11-06,SKU0193,72,0,14.0,47
2023-11-13,SKU0193,51,0,14.0,47
2023-11-20,SKU0193,36,141,14.0,47
2023-11-27,SKU0193,127,210,14.0,47
2023-12-04,SKU0193,102,0,14.0,47
2023-12-11,SKU0193,85,0,14.0,47
2023-12-18,SKU0193,68,0,14.0,47
2023-12-25,SKU0193,44,173,14.0,47
2023-11-13,SKU0194,21,0,14.0,8
2023-11-20,SKU0194,19,0,14.0,8
2023-11-27,SKU0194,16,0,14.0,8
2023-12-04,SKU0194,14,0,14.0,8
2023-12-11,SKU0194,10,0,14.0,8
2023-12-18,SKU0194,22,31,14.0,8
2023-12-25,SKU0194,18,0,14.0,8
2023-10-23,SKU0195,150,0,14.0,44
2023-10-30,SKU0195,125,0,14.0,44
2023-11-06,SKU0195,108,0,14.0,44
2023-11-13,SKU0195,90,0,14.0,44
2023-11-20,SKU0195,64,0,14.0,44
2023-11-27,SKU0195,217,237,14.0,44
2023-12-04,SKU0195,191,0,14.0,44
2023-12-11,SKU0195,166,0,14.0,44
2023-12-18,SKU0195,137,0,14.0,44
2023-12-25,SKU0195,108,0,14.0,44
2023-11-06,SKU0196,206,0,10.0,41
2023-11-13,SKU0196,190,0,10.0,41
2023-11-20,SKU0196,169,0,10.0,41
2023-11-27,SKU0196,154,0,10.0,41
2023-12-04,SKU0196,124,0,10.0,41
2023-12-11,SKU0196,98,0,10.0,41
2023-12-18,SKU0196,67,0,10.0,41
2023-12-25,SKU0196,222,302,10.0,41
2023-11-13,SKU0197,53,0,21.0,18
2023-11-20,SKU0197,49,0,21.0,18
2023-11-27,SKU0197,45,0,21.0,18
2023-12-04,SKU0197,38,0,21.0,18
2023-12-11,SKU0197,32,0,21.0,18
2023-12-18,SKU0197,27,0,21.0,18
2023-12-25,SKU0197,20,0,21.0,18
2023-10-16,SKU0198,63,0,7.0,21
2023-10-23,SKU0198,50,0,7.0,21
2023-10-30,SKU0198,28,0,7.0,21
2023-11-06,SKU0198,174,191,7.0,21
2023-11-13,SKU0198,158,0,7.0,21
2023-11-20,SKU0198,146,0,7.0,21
2023-11-27,SKU0198,130,0,7.0,21
2023-12-04,SKU0198,114,0,7.0,21
2023-12-11,SKU0198,89,0,7.0,21
2023-12-18,SKU0198,63,0,7.0,21
2023-12-25,SKU0198,44,0,7.0,21
2023-09-25,SKU0199,60,0,14.0,39
2023-10-02,SKU0199,38,115,14.0,39
2023-10-09,SKU0199,16,156,,39
2023-10-16,SKU0199,141,170,14.0,39
2023-10-23,SKU0199,125,0,14.0,39
2023-10-30,SKU0199,105,0,14.0,39
2023-11-06,SKU0199,91,0,14.0,39
2023-11-13,SKU0199,75,0,14.0,39
2023-11-20,SKU0199,64,0,14.0,39
2023-11-27,SKU0199,51,0,14.0,39
2023-12-04,SKU0199,40,0,14.0,39
2023-12-11,SKU0199,105,127,14.0,39
2023-12-18,SKU0199,93,0,14.0,39
2023-12-25,SKU0199,80,0,14.0,39
2023-09-18,SKU0200,11,0,7.0,4
2023-09-25,SKU0200,7,0,7.0,4
2023-10-02,SKU0200,3,34,7.0,4
2023-10-09,SKU0200,0,41,7.0,4
2023-10-16,SKU0200,24,40,7.0,4
2023-10-23,SKU0200,19,0,7.0,4
2023-10-30,SKU0200,15,0,7.0,4
2023-11-06,SKU0200,12,0,7.0,4
2023-11-13,SKU0200,8,0,7.0,4
2023-11-20,SKU0200,5,0,7.0,4
2023-11-27,SKU0200,0,29,7.0,4
2023-12-04,SKU0200,0,37,7.0,4
2023-12-11,SKU0200,0,42,7.0,4
2023-12-18,SKU0200,0,35,7.0,4
2023-12-25,SKU0200,0,30,7.0,4
